{"type":"FeatureCollection","features":[{"type":"Feature","properties":{"id":"osm-n368675375","type":"night_activity","category":"supermarket","name":"구제마트","source":"openstreetmap","nightTier":"unknown","nightScore":0.15,"confidence":0.3,"nightOpen22":false,"nightOpen00":false,"nightOpen02":false},"geometry":{"type":"Point","coordinates":[126.907698,35.170612]}},{"type":"Feature","properties":{"id":"osm-n368675389","type":"night_activity","category":"supermarket","name":"미즈마트","source":"openstreetmap","nightTier":"unknown","nightScore":0.15,"confidence":0.3,"nightOpen22":false,"nightOpen00":false,"nightOpen02":false},"geometry":{"type":"Point","coordinates":[126.9,35.165882]}},{"type":"Feature","properties":{"id":"osm-n368675410","type":"night_activity","category":"supermarket","name":"고기마트","source":"openstreetmap","nightTier":"unknown","nightScore":0.15,"confidence":0.3,"nightOpen22":false,"nightOpen00":false,"nightOpen02":false},"geometry":{"type":"Point","coordinates":[126.935083,35.161841]}},{"type":"Feature","properties":{"id":"osm-n368675416","type":"night_activity","category":"supermarket","name":"현대마트","source":"openstreetmap","nightTier":"unknown","nightScore":0.15,"confidence":0.3,"nightOpen22":false,"nightOpen00":false,"nightOpen02":false},"geometry":{"type":"Point","coordinates":[126.925732,35.170963]}},{"type":"Feature","properties":{"id":"osm-n368675452","type":"night_activity","category":"supermarket","name":"광주마트","source":"openstreetmap","nightTier":"unknown","nightScore":0.15,"confidence":0.3,"nightOpen22":false,"nightOpen00":false,"nightOpen02":false},"geometry":{"type":"Point","coordinates":[126.927236,35.188501]}},{"type":"Feature","properties":{"id":"osm-n368675462","type":"night_activity","category":"supermarket","name":"영덕고기마트","source":"openstreetmap","nightTier":"unknown","nightScore":0.15,"confidence":0.3,"nightOpen22":false,"nightOpen00":false,"nightOpen02":false},"geometry":{"type":"Point","coordinates":[126.929511,35.166543]}},{"type":"Feature","properties":{"id":"osm-n368675479","type":"night_activity","category":"supermarket","name":"천재일우마트","source":"openstreetmap","nightTier":"unknown","nightScore":0.15,"confidence":0.3,"nightOpen22":false,"nightOpen00":false,"nightOpen02":false},"geometry":{"type":"Point","coordinates":[126.936753,35.149938]}},{"type":"Feature","properties":{"id":"osm-n368675489","type":"night_activity","category":"supermarket","name":"영미식자재마트","source":"openstreetmap","nightTier":"unknown","nightScore":0.15,"confidence":0.3,"nightOpen22":false,"nightOpen00":false,"nightOpen02":false},"geometry":{"type":"Point","coordinates":[126.8944,35.135938]}},{"type":"Feature","properties":{"id":"osm-n368675503","type":"night_activity","category":"supermarket","name":"인쇄할인마트","source":"openstreetmap","nightTier":"unknown","nightScore":0.15,"confidence":0.3,"nightOpen22":false,"nightOpen00":false,"nightOpen02":false},"geometry":{"type":"Point","coordinates":[126.915305,35.18643]}},{"type":"Feature","properties":{"id":"osm-n368675527","type":"night_activity","category":"supermarket","name":"인쇄할인마트","source":"openstreetmap","nightTier":"unknown","nightScore":0.15,"confidence":0.3,"nightOpen22":false,"nightOpen00":false,"nightOpen02":false},"geometry":{"type":"Point","coordinates":[126.929846,35.161748]}},{"type":"Feature","properties":{"id":"osm-n368675545","type":"night_activity","category":"supermarket","name":"태봉골고기마트","source":"openstreetmap","nightTier":"unknown","nightScore":0.15,"confidence":0.3,"nightOpen22":false,"nightOpen00":false,"nightOpen02":false},"geometry":{"type":"Point","coordinates":[126.905792,35.171118]}},{"type":"Feature","properties":{"id":"osm-n368675560","type":"night_activity","category":"convenience_store","name":"GS25","source":"openstreetmap","nightTier":"unknown","nightScore":0.15,"confidence":0.3,"nightOpen22":false,"nightOpen00":false,"nightOpen02":false},"geometry":{"type":"Point","coordinates":[126.930778,35.180355]}},{"type":"Feature","properties":{"id":"osm-n368675584","type":"night_activity","category":"supermarket","name":"굿모닝마트","source":"openstreetmap","nightTier":"unknown","nightScore":0.15,"confidence":0.3,"nightOpen22":false,"nightOpen00":false,"nightOpen02":false},"geometry":{"type":"Point","coordinates":[126.900853,35.144046]}},{"type":"Feature","properties":{"id":"osm-n368675590","type":"night_activity","category":"convenience_store","name":"나들가게","source":"openstreetmap","nightTier":"unknown","nightScore":0.15,"confidence":0.3,"nightOpen22":false,"nightOpen00":false,"nightOpen02":false},"geometry":{"type":"Point","coordinates":[126.916157,35.148813]}},{"type":"Feature","properties":{"id":"osm-n368675598","type":"night_activity","category":"supermarket","name":"중고피아노마트","source":"openstreetmap","nightTier":"unknown","nightScore":0.15,"confidence":0.3,"nightOpen22":false,"nightOpen00":false,"nightOpen02":false},"geometry":{"type":"Point","coordinates":[126.895391,35.173088]}},{"type":"Feature","properties":{"id":"osm-n368675611","type":"night_activity","category":"supermarket","name":"나이스데이24시할인마트","source":"openstreetmap","nightTier":"unknown","nightScore":0.15,"confidence":0.3,"nightOpen22":false,"nightOpen00":false,"nightOpen02":false},"geometry":{"type":"Point","coordinates":[126.919846,35.171839]}},{"type":"Feature","properties":{"id":"osm-n368675614","type":"night_activity","category":"supermarket","name":"밝은전기조명할인마트","source":"openstreetmap","nightTier":"unknown","nightScore":0.15,"confidence":0.3,"nightOpen22":false,"nightOpen00":false,"nightOpen02":false},"geometry":{"type":"Point","coordinates":[126.894876,35.133395]}},{"type":"Feature","properties":{"id":"osm-n368675625","type":"night_activity","category":"supermarket","name":"장난감할인마트","source":"openstreetmap","nightTier":"unknown","nightScore":0.15,"confidence":0.3,"nightOpen22":false,"nightOpen00":false,"nightOpen02":false},"geometry":{"type":"Point","coordinates":[126.895843,35.155892]}},{"type":"Feature","properties":{"id":"osm-n368675634","type":"night_activity","category":"convenience_store","name":"GS25","source":"openstreetmap","nightTier":"unknown","nightScore":0.15,"confidence":0.3,"nightOpen22":false,"nightOpen00":false,"nightOpen02":false},"geometry":{"type":"Point","coordinates":[126.90509,35.185284]}},{"type":"Feature","properties":{"id":"osm-n368675680","type":"night_activity","category":"supermarket","name":"하얀그릇마트","source":"openstreetmap","nightTier":"unknown","nightScore":0.15,"confidence":0.3,"nightOpen22":false,"nightOpen00":false,"nightOpen02":false},"geometry":{"type":"Point","coordinates":[126.92742,35.175359]}},{"type":"Feature","properties":{"id":"osm-n368675687","type":"night_activity","category":"supermarket","name":"DC생활용품마트","source":"openstreetmap","nightTier":"unknown","nightScore":0.15,"confidence":0.3,"nightOpen22":false,"nightOpen00":false,"nightOpen02":false},"geometry":{"type":"Point","coordinates":[126.931723,35.153572]}},{"type":"Feature","properties":{"id":"osm-n368675698","type":"night_activity","category":"supermarket","name":"금호종합주방마트","source":"openstreetmap","nightTier":"unknown","nightScore":0.15,"confidence":0.3,"nightOpen22":false,"nightOpen00":false,"nightOpen02":false},"geometry":{"type":"Point","coordinates":[126.900857,35.160923]}},{"type":"Feature","properties":{"id":"osm-n368675736","type":"night_activity","category":"supermarket","name":"고기마트","source":"openstreetmap","nightTier":"unknown","nightScore":0.15,"confidence":0.3,"nightOpen22":false,"nightOpen00":false,"nightOpen02":false},"geometry":{"type":"Point","coordinates":[126.935114,35.178005]}},{"type":"Feature","properties":{"id":"osm-n368675775","type":"night_activity","category":"supermarket","name":"영마트","source":"openstreetmap","nightTier":"unknown","nightScore":0.15,"confidence":0.3,"nightOpen22":false,"nightOpen00":false,"nightOpen02":false},"geometry":{"type":"Point","coordinates":[126.895233,35.141706]}},{"type":"Feature","properties":{"id":"osm-n368675783","type":"night_activity","category":"supermarket","name":"DC마트","source":"openstreetmap","nightTier":"unknown","nightScore":0.15,"confidence":0.3,"nightOpen22":false,"nightOpen00":false,"nightOpen02":false},"geometry":{"type":"Point","coordinates":[126.925665,35.180763]}},{"type":"Feature","properties":{"id":"osm-n368675784","type":"night_activity","category":"supermarket","name":"DC마트","source":"openstreetmap","nightTier":"unknown","nightScore":0.15,"confidence":0.3,"nightOpen22":false,"nightOpen00":false,"nightOpen02":false},"geometry":{"type":"Point","coordinates":[126.892879,35.144552]}},{"type":"Feature","properties":{"id":"osm-n368675803","type":"night_activity","category":"supermarket","name":"DC마트","source":"openstreetmap","nightTier":"unknown","nightScore":0.15,"confidence":0.3,"nightOpen22":false,"nightOpen00":false,"nightOpen02":false},"geometry":{"type":"Point","coordinates":[126.899512,35.176894]}},{"type":"Feature","properties":{"id":"osm-n368675807","type":"night_activity","category":"supermarket","name":"DC마트","source":"openstreetmap","nightTier":"unknown","nightScore":0.15,"confidence":0.3,"nightOpen22":false,"nightOpen00":false,"nightOpen02":false},"geometry":{"type":"Point","coordinates":[126.897364,35.168391]}},{"type":"Feature","properties":{"id":"osm-n368675834","type":"night_activity","category":"supermarket","name":"장마트","source":"openstreetmap","nightTier":"unknown","nightScore":0.15,"confidence":0.3,"nightOpen22":false,"nightOpen00":false,"nightOpen02":false},"geometry":{"type":"Point","coordinates":[126.888985,35.150862]}},{"type":"Feature","properties":{"id":"osm-n368675840","type":"night_activity","category":"supermarket","name":"J-마트","source":"openstreetmap","nightTier":"unknown","nightScore":0.15,"confidence":0.3,"nightOpen22":false,"nightOpen00":false,"nightOpen02":false},"geometry":{"type":"Point","coordinates":[126.944215,35.132377]}},{"type":"Feature","properties":{"id":"osm-n368675848","type":"night_activity","category":"supermarket","name":"디씨마트","source":"openstreetmap","nightTier":"unknown","nightScore":0.15,"confidence":0.3,"nightOpen22":false,"nightOpen00":false,"nightOpen02":false},"geometry":{"type":"Point","coordinates":[126.93309,35.165682]}},{"type":"Feature","properties":{"id":"osm-n368675867","type":"night_activity","category":"supermarket","name":"화니마트","source":"openstreetmap","nightTier":"unknown","nightScore":0.15,"confidence":0.3,"nightOpen22":false,"nightOpen00":false,"nightOpen02":false},"geometry":{"type":"Point","coordinates":[126.897952,35.162019]}},{"type":"Feature","properties":{"id":"osm-n368675869","type":"night_activity","category":"supermarket","name":"열린마트","source":"openstreetmap","nightTier":"unknown","nightScore":0.15,"confidence":0.3,"nightOpen22":false,"nightOpen00":false,"nightOpen02":false},"geometry":{"type":"Point","coordinates":[126.879526,35.120044]}},{"type":"Feature","properties":{"id":"osm-n368675892","type":"night_activity","category":"supermarket","name":"금호마트","source":"openstreetmap","nightTier":"unknown","nightScore":0.15,"confidence":0.3,"nightOpen22":false,"nightOpen00":false,"nightOpen02":false},"geometry":{"type":"Point","coordinates":[126.938097,35.134309]}},{"type":"Feature","properties":{"id":"osm-n368675902","type":"night_activity","category":"supermarket","name":"푸른마트","source":"openstreetmap","nightTier":"unknown","nightScore":0.15,"confidence":0.3,"nightOpen22":false,"nightOpen00":false,"nightOpen02":false},"geometry":{"type":"Point","coordinates":[126.86885,35.187829]}},{"type":"Feature","properties":{"id":"osm-n368675914","type":"night_activity","category":"supermarket","name":"태봉마트","source":"openstreetmap","nightTier":"unknown","nightScore":0.15,"confidence":0.3,"nightOpen22":false,"nightOpen00":false,"nightOpen02":false},"geometry":{"type":"Point","coordinates":[126.904957,35.125243]}},{"type":"Feature","properties":{"id":"osm-n368675916","type":"night_activity","category":"supermarket","name":"에이마트","source":"openstreetmap","nightTier":"unknown","nightScore":0.15,"confidence":0.3,"nightOpen22":false,"nightOpen00":false,"nightOpen02":false},"geometry":{"type":"Point","coordinates":[126.881653,35.140391]}},{"type":"Feature","properties":{"id":"osm-n368675927","type":"night_activity","category":"supermarket","name":"비케이마트","source":"openstreetmap","nightTier":"unknown","nightScore":0.15,"confidence":0.3,"nightOpen22":false,"nightOpen00":false,"nightOpen02":false},"geometry":{"type":"Point","coordinates":[126.899539,35.116928]}},{"type":"Feature","properties":{"id":"osm-n368675932","type":"night_activity","category":"supermarket","name":"한남마트","source":"openstreetmap","nightTier":"unknown","nightScore":0.15,"confidence":0.3,"nightOpen22":false,"nightOpen00":false,"nightOpen02":false},"geometry":{"type":"Point","coordinates":[126.902151,35.1808]}},{"type":"Feature","properties":{"id":"osm-n368675939","type":"night_activity","category":"supermarket","name":"종원마트","source":"openstreetmap","nightTier":"unknown","nightScore":0.15,"confidence":0.3,"nightOpen22":false,"nightOpen00":false,"nightOpen02":false},"geometry":{"type":"Point","coordinates":[126.928993,35.133138]}},{"type":"Feature","properties":{"id":"osm-n368675946","type":"night_activity","category":"supermarket","name":"파워마트","source":"openstreetmap","nightTier":"unknown","nightScore":0.15,"confidence":0.3,"nightOpen22":false,"nightOpen00":false,"nightOpen02":false},"geometry":{"type":"Point","coordinates":[126.866853,35.145181]}},{"type":"Feature","properties":{"id":"osm-n368675959","type":"night_activity","category":"convenience_store","name":"세븐일레븐","source":"openstreetmap","nightTier":"unknown","nightScore":0.15,"confidence":0.3,"nightOpen22":false,"nightOpen00":false,"nightOpen02":false},"geometry":{"type":"Point","coordinates":[126.881037,35.103721]}},{"type":"Feature","properties":{"id":"osm-n368675999","type":"night_activity","category":"supermarket","name":"서광마트","source":"openstreetmap","nightTier":"unknown","nightScore":0.15,"confidence":0.3,"nightOpen22":false,"nightOpen00":false,"nightOpen02":false},"geometry":{"type":"Point","coordinates":[126.936955,35.167274]}},{"type":"Feature","properties":{"id":"osm-n368676010","type":"night_activity","category":"supermarket","name":"영암마트","source":"openstreetmap","nightTier":"unknown","nightScore":0.15,"confidence":0.3,"nightOpen22":false,"nightOpen00":false,"nightOpen02":false},"geometry":{"type":"Point","coordinates":[126.863989,35.177318]}},{"type":"Feature","properties":{"id":"osm-n368676014","type":"night_activity","category":"supermarket","name":"코사마트","source":"openstreetmap","nightTier":"unknown","nightScore":0.15,"confidence":0.3,"nightOpen22":false,"nightOpen00":false,"nightOpen02":false},"geometry":{"type":"Point","coordinates":[126.877358,35.211867]}},{"type":"Feature","properties":{"id":"osm-n368676031","type":"night_activity","category":"supermarket","name":"금광마트","source":"openstreetmap","nightTier":"unknown","nightScore":0.15,"confidence":0.3,"nightOpen22":false,"nightOpen00":false,"nightOpen02":false},"geometry":{"type":"Point","coordinates":[126.894812,35.117488]}},{"type":"Feature","properties":{"id":"osm-n368676054","type":"night_activity","category":"supermarket","name":"개미마트","source":"openstreetmap","nightTier":"unknown","nightScore":0.15,"confidence":0.3,"nightOpen22":false,"nightOpen00":false,"nightOpen02":false},"geometry":{"type":"Point","coordinates":[126.920016,35.161559]}},{"type":"Feature","properties":{"id":"osm-n368676055","type":"night_activity","category":"supermarket","name":"한빛마트","source":"openstreetmap","nightTier":"unknown","nightScore":0.15,"confidence":0.3,"nightOpen22":false,"nightOpen00":false,"nightOpen02":false},"geometry":{"type":"Point","coordinates":[126.928524,35.157276]}},{"type":"Feature","properties":{"id":"osm-n368676067","type":"night_activity","category":"supermarket","name":"한신마트","source":"openstreetmap","nightTier":"unknown","nightScore":0.15,"confidence":0.3,"nightOpen22":false,"nightOpen00":false,"nightOpen02":false},"geometry":{"type":"Point","coordinates":[126.899539,35.117221]}},{"type":"Feature","properties":{"id":"osm-n368676077","type":"night_activity","category":"supermarket","name":"태산마트","source":"openstreetmap","nightTier":"unknown","nightScore":0.15,"confidence":0.3,"nightOpen22":false,"nightOpen00":false,"nightOpen02":false},"geometry":{"type":"Point","coordinates":[126.896387,35.131782]}},{"type":"Feature","properties":{"id":"osm-n368676090","type":"night_activity","category":"supermarket","name":"대성마트","source":"openstreetmap","nightTier":"unknown","nightScore":0.15,"confidence":0.3,"nightOpen22":false,"nightOpen00":false,"nightOpen02":false},"geometry":{"type":"Point","coordinates":[126.937628,35.156076]}},{"type":"Feature","properties":{"id":"osm-n368676100","type":"night_activity","category":"supermarket","name":"새한마트","source":"openstreetmap","nightTier":"unknown","nightScore":0.15,"confidence":0.3,"nightOpen22":false,"nightOpen00":false,"nightOpen02":false},"geometry":{"type":"Point","coordinates":[126.878162,35.121513]}},{"type":"Feature","properties":{"id":"osm-n368676102","type":"night_activity","category":"supermarket","name":"한들마트","source":"openstreetmap","nightTier":"unknown","nightScore":0.15,"confidence":0.3,"nightOpen22":false,"nightOpen00":false,"nightOpen02":false},"geometry":{"type":"Point","coordinates":[126.910699,35.130458]}},{"type":"Feature","properties":{"id":"osm-n368676111","type":"night_activity","category":"supermarket","name":"화정마트","source":"openstreetmap","nightTier":"unknown","nightScore":0.15,"confidence":0.3,"nightOpen22":false,"nightOpen00":false,"nightOpen02":false},"geometry":{"type":"Point","coordinates":[126.870822,35.138615]}},{"type":"Feature","properties":{"id":"osm-n368676119","type":"night_activity","category":"supermarket","name":"우리마트","source":"openstreetmap","nightTier":"unknown","nightScore":0.15,"confidence":0.3,"nightOpen22":false,"nightOpen00":false,"nightOpen02":false},"geometry":{"type":"Point","coordinates":[126.91136,35.168563]}},{"type":"Feature","properties":{"id":"osm-n368676130","type":"night_activity","category":"supermarket","name":"장터마트","source":"openstreetmap","nightTier":"unknown","nightScore":0.15,"confidence":0.3,"nightOpen22":false,"nightOpen00":false,"nightOpen02":false},"geometry":{"type":"Point","coordinates":[126.899413,35.152219]}},{"type":"Feature","properties":{"id":"osm-n368676132","type":"night_activity","category":"supermarket","name":"대주마트","source":"openstreetmap","nightTier":"unknown","nightScore":0.15,"confidence":0.3,"nightOpen22":false,"nightOpen00":false,"nightOpen02":false},"geometry":{"type":"Point","coordinates":[126.925216,35.181096]}},{"type":"Feature","properties":{"id":"osm-n368676156","type":"night_activity","category":"supermarket","name":"호반마트","source":"openstreetmap","nightTier":"unknown","nightScore":0.15,"confidence":0.3,"nightOpen22":false,"nightOpen00":false,"nightOpen02":false},"geometry":{"type":"Point","coordinates":[126.88186,35.21221]}},{"type":"Feature","properties":{"id":"osm-n368676187","type":"night_activity","category":"supermarket","name":"부강마트","source":"openstreetmap","nightTier":"unknown","nightScore":0.15,"confidence":0.3,"nightOpen22":false,"nightOpen00":false,"nightOpen02":false},"geometry":{"type":"Point","coordinates":[126.893471,35.150158]}},{"type":"Feature","properties":{"id":"osm-n368676192","type":"night_activity","category":"supermarket","name":"명지마트","source":"openstreetmap","nightTier":"unknown","nightScore":0.15,"confidence":0.3,"nightOpen22":false,"nightOpen00":false,"nightOpen02":false},"geometry":{"type":"Point","coordinates":[126.888152,35.138622]}},{"type":"Feature","properties":{"id":"osm-n368676203","type":"night_activity","category":"supermarket","name":"우리마트","source":"openstreetmap","nightTier":"unknown","nightScore":0.15,"confidence":0.3,"nightOpen22":false,"nightOpen00":false,"nightOpen02":false},"geometry":{"type":"Point","coordinates":[126.934076,35.16753]}},{"type":"Feature","properties":{"id":"osm-n368676205","type":"night_activity","category":"supermarket","name":"평화마트","source":"openstreetmap","nightTier":"unknown","nightScore":0.15,"confidence":0.3,"nightOpen22":false,"nightOpen00":false,"nightOpen02":false},"geometry":{"type":"Point","coordinates":[126.931937,35.131429]}},{"type":"Feature","properties":{"id":"osm-n368676234","type":"night_activity","category":"supermarket","name":"삼호마트","source":"openstreetmap","nightTier":"unknown","nightScore":0.15,"confidence":0.3,"nightOpen22":false,"nightOpen00":false,"nightOpen02":false},"geometry":{"type":"Point","coordinates":[126.897904,35.2132]}},{"type":"Feature","properties":{"id":"osm-n368676242","type":"night_activity","category":"convenience_store","name":"세븐일레븐","source":"openstreetmap","nightTier":"unknown","nightScore":0.15,"confidence":0.3,"nightOpen22":false,"nightOpen00":false,"nightOpen02":false},"geometry":{"type":"Point","coordinates":[126.871688,35.213607]}},{"type":"Feature","properties":{"id":"osm-n368676244","type":"night_activity","category":"supermarket","name":"그린마트","source":"openstreetmap","nightTier":"unknown","nightScore":0.15,"confidence":0.3,"nightOpen22":false,"nightOpen00":false,"nightOpen02":false},"geometry":{"type":"Point","coordinates":[126.879347,35.148493]}},{"type":"Feature","properties":{"id":"osm-n368676251","type":"night_activity","category":"supermarket","name":"코스코마트","source":"openstreetmap","nightTier":"unknown","nightScore":0.15,"confidence":0.3,"nightOpen22":false,"nightOpen00":false,"nightOpen02":false},"geometry":{"type":"Point","coordinates":[126.878969,35.12206]}},{"type":"Feature","properties":{"id":"osm-n368676277","type":"night_activity","category":"supermarket","name":"한국마트","source":"openstreetmap","nightTier":"unknown","nightScore":0.15,"confidence":0.3,"nightOpen22":false,"nightOpen00":false,"nightOpen02":false},"geometry":{"type":"Point","coordinates":[126.890023,35.165746]}},{"type":"Feature","properties":{"id":"osm-n368676310","type":"night_activity","category":"convenience_store","name":"CU","source":"openstreetmap","nightTier":"unknown","nightScore":0.15,"confidence":0.3,"nightOpen22":false,"nightOpen00":false,"nightOpen02":false},"geometry":{"type":"Point","coordinates":[126.900329,35.186472]}},{"type":"Feature","properties":{"id":"osm-n368676315","type":"night_activity","category":"supermarket","name":"서강마트","source":"openstreetmap","nightTier":"unknown","nightScore":0.15,"confidence":0.3,"nightOpen22":false,"nightOpen00":false,"nightOpen02":false},"geometry":{"type":"Point","coordinates":[126.873334,35.175654]}},{"type":"Feature","properties":{"id":"osm-n368676334","type":"night_activity","category":"supermarket","name":"현대마트","source":"openstreetmap","nightTier":"unknown","nightScore":0.15,"confidence":0.3,"nightOpen22":false,"nightOpen00":false,"nightOpen02":false},"geometry":{"type":"Point","coordinates":[126.924076,35.190218]}},{"type":"Feature","properties":{"id":"osm-n368676356","type":"night_activity","category":"supermarket","name":"코사마트","source":"openstreetmap","nightTier":"unknown","nightScore":0.15,"confidence":0.3,"nightOpen22":false,"nightOpen00":false,"nightOpen02":false},"geometry":{"type":"Point","coordinates":[126.894329,35.158249]}},{"type":"Feature","properties":{"id":"osm-n368676361","type":"night_activity","category":"supermarket","name":"봉봉마트","source":"openstreetmap","nightTier":"unknown","nightScore":0.15,"confidence":0.3,"nightOpen22":false,"nightOpen00":false,"nightOpen02":false},"geometry":{"type":"Point","coordinates":[126.893382,35.13738]}},{"type":"Feature","properties":{"id":"osm-n368676368","type":"night_activity","category":"supermarket","name":"열린마트","source":"openstreetmap","nightTier":"unknown","nightScore":0.15,"confidence":0.3,"nightOpen22":false,"nightOpen00":false,"nightOpen02":false},"geometry":{"type":"Point","coordinates":[126.894606,35.150332]}},{"type":"Feature","properties":{"id":"osm-n368676381","type":"night_activity","category":"supermarket","name":"우리마트","source":"openstreetmap","nightTier":"unknown","nightScore":0.15,"confidence":0.3,"nightOpen22":false,"nightOpen00":false,"nightOpen02":false},"geometry":{"type":"Point","coordinates":[126.877617,35.157041]}},{"type":"Feature","properties":{"id":"osm-n368676396","type":"night_activity","category":"supermarket","name":"일신마트","source":"openstreetmap","nightTier":"unknown","nightScore":0.15,"confidence":0.3,"nightOpen22":false,"nightOpen00":false,"nightOpen02":false},"geometry":{"type":"Point","coordinates":[126.870104,35.18208]}},{"type":"Feature","properties":{"id":"osm-n368676406","type":"night_activity","category":"supermarket","name":"종로마트","source":"openstreetmap","nightTier":"unknown","nightScore":0.15,"confidence":0.3,"nightOpen22":false,"nightOpen00":false,"nightOpen02":false},"geometry":{"type":"Point","coordinates":[126.909149,35.143338]}},{"type":"Feature","properties":{"id":"osm-n368676440","type":"night_activity","category":"supermarket","name":"텃밭마트","source":"openstreetmap","nightTier":"unknown","nightScore":0.15,"confidence":0.3,"nightOpen22":false,"nightOpen00":false,"nightOpen02":false},"geometry":{"type":"Point","coordinates":[126.862333,35.150237]}},{"type":"Feature","properties":{"id":"osm-n368676449","type":"night_activity","category":"supermarket","name":"파머스마켓","source":"openstreetmap","nightTier":"unknown","nightScore":0.15,"confidence":0.3,"nightOpen22":false,"nightOpen00":false,"nightOpen02":false},"geometry":{"type":"Point","coordinates":[126.875445,35.12527]}},{"type":"Feature","properties":{"id":"osm-n368676454","type":"night_activity","category":"supermarket","name":"다농마트","source":"openstreetmap","nightTier":"unknown","nightScore":0.15,"confidence":0.3,"nightOpen22":false,"nightOpen00":false,"nightOpen02":false},"geometry":{"type":"Point","coordinates":[126.936855,35.184846]}},{"type":"Feature","properties":{"id":"osm-n368676467","type":"night_activity","category":"supermarket","name":"행운마트","source":"openstreetmap","nightTier":"unknown","nightScore":0.15,"confidence":0.3,"nightOpen22":false,"nightOpen00":false,"nightOpen02":false},"geometry":{"type":"Point","coordinates":[126.937814,35.163776]}},{"type":"Feature","properties":{"id":"osm-n368676503","type":"night_activity","category":"supermarket","name":"우정마트","source":"openstreetmap","nightTier":"unknown","nightScore":0.15,"confidence":0.3,"nightOpen22":false,"nightOpen00":false,"nightOpen02":false},"geometry":{"type":"Point","coordinates":[126.902976,35.198841]}},{"type":"Feature","properties":{"id":"osm-n368676526","type":"night_activity","category":"supermarket","name":"광명마트","source":"openstreetmap","nightTier":"unknown","nightScore":0.15,"confidence":0.3,"nightOpen22":false,"nightOpen00":false,"nightOpen02":false},"geometry":{"type":"Point","coordinates":[126.91913,35.184471]}},{"type":"Feature","properties":{"id":"osm-n368676536","type":"night_activity","category":"supermarket","name":"금호마트","source":"openstreetmap","nightTier":"unknown","nightScore":0.15,"confidence":0.3,"nightOpen22":false,"nightOpen00":false,"nightOpen02":false},"geometry":{"type":"Point","coordinates":[126.882094,35.123927]}},{"type":"Feature","properties":{"id":"osm-n368676537","type":"night_activity","category":"supermarket","name":"리빙마트","source":"openstreetmap","nightTier":"unknown","nightScore":0.15,"confidence":0.3,"nightOpen22":false,"nightOpen00":false,"nightOpen02":false},"geometry":{"type":"Point","coordinates":[126.865069,35.131987]}},{"type":"Feature","properties":{"id":"osm-n368676550","type":"night_activity","category":"supermarket","name":"현대마트","source":"openstreetmap","nightTier":"unknown","nightScore":0.15,"confidence":0.3,"nightOpen22":false,"nightOpen00":false,"nightOpen02":false},"geometry":{"type":"Point","coordinates":[126.892226,35.129004]}},{"type":"Feature","properties":{"id":"osm-n368676585","type":"night_activity","category":"supermarket","name":"태봉마트","source":"openstreetmap","nightTier":"unknown","nightScore":0.15,"confidence":0.3,"nightOpen22":false,"nightOpen00":false,"nightOpen02":false},"geometry":{"type":"Point","coordinates":[126.903512,35.163932]}},{"type":"Feature","properties":{"id":"osm-n368676595","type":"night_activity","category":"supermarket","name":"상아마트","source":"openstreetmap","nightTier":"unknown","nightScore":0.15,"confidence":0.3,"nightOpen22":false,"nightOpen00":false,"nightOpen02":false},"geometry":{"type":"Point","coordinates":[126.934228,35.182197]}},{"type":"Feature","properties":{"id":"osm-n368676606","type":"night_activity","category":"supermarket","name":"대영마트","source":"openstreetmap","nightTier":"unknown","nightScore":0.15,"confidence":0.3,"nightOpen22":false,"nightOpen00":false,"nightOpen02":false},"geometry":{"type":"Point","coordinates":[126.891126,35.14514]}},{"type":"Feature","properties":{"id":"osm-n368676619","type":"night_activity","category":"supermarket","name":"모닝마트","source":"openstreetmap","nightTier":"unknown","nightScore":0.15,"confidence":0.3,"nightOpen22":false,"nightOpen00":false,"nightOpen02":false},"geometry":{"type":"Point","coordinates":[126.915346,35.176022]}},{"type":"Feature","properties":{"id":"osm-n368676629","type":"night_activity","category":"supermarket","name":"중흥마트","source":"openstreetmap","nightTier":"unknown","nightScore":0.15,"confidence":0.3,"nightOpen22":false,"nightOpen00":false,"nightOpen02":false},"geometry":{"type":"Point","coordinates":[126.870873,35.140056]}},{"type":"Feature","properties":{"id":"osm-n368676640","type":"night_activity","category":"supermarket","name":"다농마트","source":"openstreetmap","nightTier":"unknown","nightScore":0.15,"confidence":0.3,"nightOpen22":false,"nightOpen00":false,"nightOpen02":false},"geometry":{"type":"Point","coordinates":[126.936769,35.184833]}},{"type":"Feature","properties":{"id":"osm-n368676664","type":"night_activity","category":"supermarket","name":"월드마트","source":"openstreetmap","nightTier":"unknown","nightScore":0.15,"confidence":0.3,"nightOpen22":false,"nightOpen00":false,"nightOpen02":false},"geometry":{"type":"Point","coordinates":[126.874918,35.15451]}},{"type":"Feature","properties":{"id":"osm-n368676703","type":"night_activity","category":"supermarket","name":"우미마트","source":"openstreetmap","nightTier":"unknown","nightScore":0.15,"confidence":0.3,"nightOpen22":false,"nightOpen00":false,"nightOpen02":false},"geometry":{"type":"Point","coordinates":[126.869536,35.185572]}},{"type":"Feature","properties":{"id":"osm-n368676732","type":"night_activity","category":"supermarket","name":"모아마트","source":"openstreetmap","nightTier":"unknown","nightScore":0.15,"confidence":0.3,"nightOpen22":false,"nightOpen00":false,"nightOpen02":false},"geometry":{"type":"Point","coordinates":[126.893947,35.175906]}},{"type":"Feature","properties":{"id":"osm-n368676746","type":"night_activity","category":"supermarket","name":"한솔마트","source":"openstreetmap","nightTier":"unknown","nightScore":0.15,"confidence":0.3,"nightOpen22":false,"nightOpen00":false,"nightOpen02":false},"geometry":{"type":"Point","coordinates":[126.898408,35.210689]}},{"type":"Feature","properties":{"id":"osm-n368676750","type":"night_activity","category":"supermarket","name":"예스마트","source":"openstreetmap","nightTier":"unknown","nightScore":0.15,"confidence":0.3,"nightOpen22":false,"nightOpen00":false,"nightOpen02":false},"geometry":{"type":"Point","coordinates":[126.907542,35.188893]}},{"type":"Feature","properties":{"id":"osm-n368676762","type":"night_activity","category":"supermarket","name":"솔뫼마트","source":"openstreetmap","nightTier":"unknown","nightScore":0.15,"confidence":0.3,"nightOpen22":false,"nightOpen00":false,"nightOpen02":false},"geometry":{"type":"Point","coordinates":[126.87163,35.156553]}},{"type":"Feature","properties":{"id":"osm-n368676793","type":"night_activity","category":"supermarket","name":"우미마트","source":"openstreetmap","nightTier":"unknown","nightScore":0.15,"confidence":0.3,"nightOpen22":false,"nightOpen00":false,"nightOpen02":false},"geometry":{"type":"Point","coordinates":[126.8717,35.183546]}},{"type":"Feature","properties":{"id":"osm-n368676794","type":"night_activity","category":"convenience_store","name":"GS25","source":"openstreetmap","nightTier":"unknown","nightScore":0.15,"confidence":0.3,"nightOpen22":false,"nightOpen00":false,"nightOpen02":false},"geometry":{"type":"Point","coordinates":[126.902245,35.177444]}},{"type":"Feature","properties":{"id":"osm-n368676855","type":"night_activity","category":"supermarket","name":"동천마트","source":"openstreetmap","nightTier":"unknown","nightScore":0.15,"confidence":0.3,"nightOpen22":false,"nightOpen00":false,"nightOpen02":false},"geometry":{"type":"Point","coordinates":[126.879871,35.175316]}},{"type":"Feature","properties":{"id":"osm-n368676871","type":"night_activity","category":"supermarket","name":"금호마트","source":"openstreetmap","nightTier":"unknown","nightScore":0.15,"confidence":0.3,"nightOpen22":false,"nightOpen00":false,"nightOpen02":false},"geometry":{"type":"Point","coordinates":[126.902844,35.134658]}},{"type":"Feature","properties":{"id":"osm-n368676884","type":"night_activity","category":"supermarket","name":"쎄이마트","source":"openstreetmap","nightTier":"unknown","nightScore":0.15,"confidence":0.3,"nightOpen22":false,"nightOpen00":false,"nightOpen02":false},"geometry":{"type":"Point","coordinates":[126.902627,35.135346]}},{"type":"Feature","properties":{"id":"osm-n368676889","type":"night_activity","category":"supermarket","name":"대덕마트","source":"openstreetmap","nightTier":"unknown","nightScore":0.15,"confidence":0.3,"nightOpen22":false,"nightOpen00":false,"nightOpen02":false},"geometry":{"type":"Point","coordinates":[126.896483,35.131982]}},{"type":"Feature","properties":{"id":"osm-n368676897","type":"night_activity","category":"supermarket","name":"부영마트","source":"openstreetmap","nightTier":"unknown","nightScore":0.15,"confidence":0.3,"nightOpen22":false,"nightOpen00":false,"nightOpen02":false},"geometry":{"type":"Point","coordinates":[126.878911,35.122709]}},{"type":"Feature","properties":{"id":"osm-n368676911","type":"night_activity","category":"supermarket","name":"도울마트","source":"openstreetmap","nightTier":"unknown","nightScore":0.15,"confidence":0.3,"nightOpen22":false,"nightOpen00":false,"nightOpen02":false},"geometry":{"type":"Point","coordinates":[126.929967,35.132507]}},{"type":"Feature","properties":{"id":"osm-n368676926","type":"night_activity","category":"supermarket","name":"제이마트","source":"openstreetmap","nightTier":"unknown","nightScore":0.15,"confidence":0.3,"nightOpen22":false,"nightOpen00":false,"nightOpen02":false},"geometry":{"type":"Point","coordinates":[126.922372,35.189337]}},{"type":"Feature","properties":{"id":"osm-n368676969","type":"night_activity","category":"supermarket","name":"햇살마트","source":"openstreetmap","nightTier":"unknown","nightScore":0.15,"confidence":0.3,"nightOpen22":false,"nightOpen00":false,"nightOpen02":false},"geometry":{"type":"Point","coordinates":[126.875433,35.198833]}},{"type":"Feature","properties":{"id":"osm-n368676970","type":"night_activity","category":"supermarket","name":"만물마트","source":"openstreetmap","nightTier":"unknown","nightScore":0.15,"confidence":0.3,"nightOpen22":false,"nightOpen00":false,"nightOpen02":false},"geometry":{"type":"Point","coordinates":[126.93077,35.132379]}},{"type":"Feature","properties":{"id":"osm-n368676977","type":"night_activity","category":"supermarket","name":"파워마트","source":"openstreetmap","nightTier":"unknown","nightScore":0.15,"confidence":0.3,"nightOpen22":false,"nightOpen00":false,"nightOpen02":false},"geometry":{"type":"Point","coordinates":[126.932326,35.16874]}},{"type":"Feature","properties":{"id":"osm-n368677007","type":"night_activity","category":"supermarket","name":"푸른마트","source":"openstreetmap","nightTier":"unknown","nightScore":0.15,"confidence":0.3,"nightOpen22":false,"nightOpen00":false,"nightOpen02":false},"geometry":{"type":"Point","coordinates":[126.876828,35.138343]}},{"type":"Feature","properties":{"id":"osm-n368677011","type":"night_activity","category":"supermarket","name":"금호마트","source":"openstreetmap","nightTier":"unknown","nightScore":0.15,"confidence":0.3,"nightOpen22":false,"nightOpen00":false,"nightOpen02":false},"geometry":{"type":"Point","coordinates":[126.898944,35.15464]}},{"type":"Feature","properties":{"id":"osm-n368677023","type":"night_activity","category":"supermarket","name":"현대마트","source":"openstreetmap","nightTier":"unknown","nightScore":0.15,"confidence":0.3,"nightOpen22":false,"nightOpen00":false,"nightOpen02":false},"geometry":{"type":"Point","coordinates":[126.881733,35.173116]}},{"type":"Feature","properties":{"id":"osm-n368677027","type":"night_activity","category":"supermarket","name":"그린마트","source":"openstreetmap","nightTier":"unknown","nightScore":0.15,"confidence":0.3,"nightOpen22":false,"nightOpen00":false,"nightOpen02":false},"geometry":{"type":"Point","coordinates":[126.911073,35.144689]}},{"type":"Feature","properties":{"id":"osm-n368677037","type":"night_activity","category":"supermarket","name":"그린마트","source":"openstreetmap","nightTier":"unknown","nightScore":0.15,"confidence":0.3,"nightOpen22":false,"nightOpen00":false,"nightOpen02":false},"geometry":{"type":"Point","coordinates":[126.896662,35.155216]}},{"type":"Feature","properties":{"id":"osm-n368677039","type":"night_activity","category":"supermarket","name":"도울마트","source":"openstreetmap","nightTier":"unknown","nightScore":0.15,"confidence":0.3,"nightOpen22":false,"nightOpen00":false,"nightOpen02":false},"geometry":{"type":"Point","coordinates":[126.906149,35.137975]}},{"type":"Feature","properties":{"id":"osm-n368677050","type":"night_activity","category":"supermarket","name":"영암마트","source":"openstreetmap","nightTier":"unknown","nightScore":0.15,"confidence":0.3,"nightOpen22":false,"nightOpen00":false,"nightOpen02":false},"geometry":{"type":"Point","coordinates":[126.887539,35.144962]}},{"type":"Feature","properties":{"id":"osm-n368677063","type":"night_activity","category":"supermarket","name":"광주마트","source":"openstreetmap","nightTier":"unknown","nightScore":0.15,"confidence":0.3,"nightOpen22":false,"nightOpen00":false,"nightOpen02":false},"geometry":{"type":"Point","coordinates":[126.927037,35.180233]}},{"type":"Feature","properties":{"id":"osm-n368677074","type":"night_activity","category":"supermarket","name":"인성마트","source":"openstreetmap","nightTier":"unknown","nightScore":0.15,"confidence":0.3,"nightOpen22":false,"nightOpen00":false,"nightOpen02":false},"geometry":{"type":"Point","coordinates":[126.936082,35.155789]}},{"type":"Feature","properties":{"id":"osm-n368677105","type":"night_activity","category":"supermarket","name":"한울마트","source":"openstreetmap","nightTier":"unknown","nightScore":0.15,"confidence":0.3,"nightOpen22":false,"nightOpen00":false,"nightOpen02":false},"geometry":{"type":"Point","coordinates":[126.907186,35.18843]}},{"type":"Feature","properties":{"id":"osm-n368677113","type":"night_activity","category":"supermarket","name":"아남마트","source":"openstreetmap","nightTier":"unknown","nightScore":0.15,"confidence":0.3,"nightOpen22":false,"nightOpen00":false,"nightOpen02":false},"geometry":{"type":"Point","coordinates":[126.930556,35.133639]}},{"type":"Feature","properties":{"id":"osm-n368677118","type":"night_activity","category":"supermarket","name":"영암마트","source":"openstreetmap","nightTier":"unknown","nightScore":0.15,"confidence":0.3,"nightOpen22":false,"nightOpen00":false,"nightOpen02":false},"geometry":{"type":"Point","coordinates":[126.889362,35.177514]}},{"type":"Feature","properties":{"id":"osm-n368677127","type":"night_activity","category":"supermarket","name":"월드마트","source":"openstreetmap","nightTier":"unknown","nightScore":0.15,"confidence":0.3,"nightOpen22":false,"nightOpen00":false,"nightOpen02":false},"geometry":{"type":"Point","coordinates":[126.913253,35.178813]}},{"type":"Feature","properties":{"id":"osm-n368677136","type":"night_activity","category":"supermarket","name":"종로마트","source":"openstreetmap","nightTier":"unknown","nightScore":0.15,"confidence":0.3,"nightOpen22":false,"nightOpen00":false,"nightOpen02":false},"geometry":{"type":"Point","coordinates":[126.906691,35.185711]}},{"type":"Feature","properties":{"id":"osm-n368677173","type":"night_activity","category":"supermarket","name":"월드마트","source":"openstreetmap","nightTier":"unknown","nightScore":0.15,"confidence":0.3,"nightOpen22":false,"nightOpen00":false,"nightOpen02":false},"geometry":{"type":"Point","coordinates":[126.909534,35.188135]}},{"type":"Feature","properties":{"id":"osm-n368677179","type":"night_activity","category":"supermarket","name":"종로마트","source":"openstreetmap","nightTier":"unknown","nightScore":0.15,"confidence":0.3,"nightOpen22":false,"nightOpen00":false,"nightOpen02":false},"geometry":{"type":"Point","coordinates":[126.890067,35.171417]}},{"type":"Feature","properties":{"id":"osm-n368677183","type":"night_activity","category":"supermarket","name":"우리마트","source":"openstreetmap","nightTier":"unknown","nightScore":0.15,"confidence":0.3,"nightOpen22":false,"nightOpen00":false,"nightOpen02":false},"geometry":{"type":"Point","coordinates":[126.90098,35.177935]}},{"type":"Feature","properties":{"id":"osm-n368677223","type":"night_activity","category":"supermarket","name":"드림D.C마트","source":"openstreetmap","nightTier":"unknown","nightScore":0.15,"confidence":0.3,"nightOpen22":false,"nightOpen00":false,"nightOpen02":false},"geometry":{"type":"Point","coordinates":[126.903837,35.18057]}},{"type":"Feature","properties":{"id":"osm-n368677227","type":"night_activity","category":"supermarket","name":"하이츠마트","source":"openstreetmap","nightTier":"unknown","nightScore":0.15,"confidence":0.3,"nightOpen22":false,"nightOpen00":false,"nightOpen02":false},"geometry":{"type":"Point","coordinates":[126.907809,35.129407]}},{"type":"Feature","properties":{"id":"osm-n368677246","type":"night_activity","category":"supermarket","name":"빛고을마트","source":"openstreetmap","nightTier":"unknown","nightScore":0.15,"confidence":0.3,"nightOpen22":false,"nightOpen00":false,"nightOpen02":false},"geometry":{"type":"Point","coordinates":[126.926426,35.174079]}},{"type":"Feature","properties":{"id":"osm-n368677264","type":"night_activity","category":"supermarket","name":"복할인마트","source":"openstreetmap","nightTier":"unknown","nightScore":0.15,"confidence":0.3,"nightOpen22":false,"nightOpen00":false,"nightOpen02":false},"geometry":{"type":"Point","coordinates":[126.93246,35.175268]}},{"type":"Feature","properties":{"id":"osm-n368677273","type":"night_activity","category":"supermarket","name":"한우리마트","source":"openstreetmap","nightTier":"unknown","nightScore":0.15,"confidence":0.3,"nightOpen22":false,"nightOpen00":false,"nightOpen02":false},"geometry":{"type":"Point","coordinates":[126.866372,35.147832]}},{"type":"Feature","properties":{"id":"osm-n368677285","type":"night_activity","category":"supermarket","name":"미라보마트","source":"openstreetmap","nightTier":"unknown","nightScore":0.15,"confidence":0.3,"nightOpen22":false,"nightOpen00":false,"nightOpen02":false},"geometry":{"type":"Point","coordinates":[126.87333,35.181974]}},{"type":"Feature","properties":{"id":"osm-n368677297","type":"night_activity","category":"supermarket","name":"뉴스코마트","source":"openstreetmap","nightTier":"unknown","nightScore":0.15,"confidence":0.3,"nightOpen22":false,"nightOpen00":false,"nightOpen02":false},"geometry":{"type":"Point","coordinates":[126.889373,35.176414]}},{"type":"Feature","properties":{"id":"osm-n368677300","type":"night_activity","category":"supermarket","name":"전대DC마트","source":"openstreetmap","nightTier":"unknown","nightScore":0.15,"confidence":0.3,"nightOpen22":false,"nightOpen00":false,"nightOpen02":false},"geometry":{"type":"Point","coordinates":[126.903158,35.177621]}},{"type":"Feature","properties":{"id":"osm-n368677326","type":"night_activity","category":"supermarket","name":"한아름마트","source":"openstreetmap","nightTier":"unknown","nightScore":0.15,"confidence":0.3,"nightOpen22":false,"nightOpen00":false,"nightOpen02":false},"geometry":{"type":"Point","coordinates":[126.902123,35.190115]}},{"type":"Feature","properties":{"id":"osm-n368677328","type":"night_activity","category":"supermarket","name":"빛고을마트","source":"openstreetmap","nightTier":"unknown","nightScore":0.15,"confidence":0.3,"nightOpen22":false,"nightOpen00":false,"nightOpen02":false},"geometry":{"type":"Point","coordinates":[126.91561,35.127505]}},{"type":"Feature","properties":{"id":"osm-n368677334","type":"night_activity","category":"supermarket","name":"에이스마트","source":"openstreetmap","nightTier":"unknown","nightScore":0.15,"confidence":0.3,"nightOpen22":false,"nightOpen00":false,"nightOpen02":false},"geometry":{"type":"Point","coordinates":[126.895378,35.17646]}},{"type":"Feature","properties":{"id":"osm-n368677347","type":"night_activity","category":"supermarket","name":"에이스마트","source":"openstreetmap","nightTier":"unknown","nightScore":0.15,"confidence":0.3,"nightOpen22":false,"nightOpen00":false,"nightOpen02":false},"geometry":{"type":"Point","coordinates":[126.881326,35.173139]}},{"type":"Feature","properties":{"id":"osm-n368677355","type":"night_activity","category":"supermarket","name":"장터DC마트","source":"openstreetmap","nightTier":"unknown","nightScore":0.15,"confidence":0.3,"nightOpen22":false,"nightOpen00":false,"nightOpen02":false},"geometry":{"type":"Point","coordinates":[126.87636,35.184399]}},{"type":"Feature","properties":{"id":"osm-n368677365","type":"night_activity","category":"supermarket","name":"오케이마트","source":"openstreetmap","nightTier":"unknown","nightScore":0.15,"confidence":0.3,"nightOpen22":false,"nightOpen00":false,"nightOpen02":false},"geometry":{"type":"Point","coordinates":[126.897875,35.163889]}},{"type":"Feature","properties":{"id":"osm-n368677376","type":"night_activity","category":"supermarket","name":"한마음마트","source":"openstreetmap","nightTier":"unknown","nightScore":0.15,"confidence":0.3,"nightOpen22":false,"nightOpen00":false,"nightOpen02":false},"geometry":{"type":"Point","coordinates":[126.926932,35.171496]}},{"type":"Feature","properties":{"id":"osm-n368677389","type":"night_activity","category":"supermarket","name":"후레쉬마트","source":"openstreetmap","nightTier":"unknown","nightScore":0.15,"confidence":0.3,"nightOpen22":false,"nightOpen00":false,"nightOpen02":false},"geometry":{"type":"Point","coordinates":[126.874546,35.136847]}},{"type":"Feature","properties":{"id":"osm-n368677398","type":"night_activity","category":"supermarket","name":"에이스마트","source":"openstreetmap","nightTier":"unknown","nightScore":0.15,"confidence":0.3,"nightOpen22":false,"nightOpen00":false,"nightOpen02":false},"geometry":{"type":"Point","coordinates":[126.870413,35.136715]}},{"type":"Feature","properties":{"id":"osm-n368677399","type":"night_activity","category":"supermarket","name":"마운틴마트","source":"openstreetmap","nightTier":"unknown","nightScore":0.15,"confidence":0.3,"nightOpen22":false,"nightOpen00":false,"nightOpen02":false},"geometry":{"type":"Point","coordinates":[126.902609,35.18746]}},{"type":"Feature","properties":{"id":"osm-n368677408","type":"night_activity","category":"supermarket","name":"GS25 임동한국점","openingHours":"06:00-24:00","source":"openstreetmap","nightTier":"22","nightScore":0.5,"confidence":0.8,"nightOpen22":true,"nightOpen00":false,"nightOpen02":false},"geometry":{"type":"Point","coordinates":[126.889095,35.164974]}},{"type":"Feature","properties":{"id":"osm-n368677409","type":"night_activity","category":"supermarket","name":"삼성홈마트","openingHours":"Mo-Su 08:00-23:00","source":"openstreetmap","nightTier":"22","nightScore":0.5,"confidence":0.8,"nightOpen22":true,"nightOpen00":false,"nightOpen02":false},"geometry":{"type":"Point","coordinates":[126.870354,35.203279]}},{"type":"Feature","properties":{"id":"osm-n368677420","type":"night_activity","category":"supermarket","name":"뉴스코마트","source":"openstreetmap","nightTier":"unknown","nightScore":0.15,"confidence":0.3,"nightOpen22":false,"nightOpen00":false,"nightOpen02":false},"geometry":{"type":"Point","coordinates":[126.936667,35.151479]}},{"type":"Feature","properties":{"id":"osm-n368677421","type":"night_activity","category":"supermarket","name":"후레쉬마트","source":"openstreetmap","nightTier":"unknown","nightScore":0.15,"confidence":0.3,"nightOpen22":false,"nightOpen00":false,"nightOpen02":false},"geometry":{"type":"Point","coordinates":[126.927956,35.16963]}},{"type":"Feature","properties":{"id":"osm-n368677444","type":"night_activity","category":"supermarket","name":"뉴스코마트","source":"openstreetmap","nightTier":"unknown","nightScore":0.15,"confidence":0.3,"nightOpen22":false,"nightOpen00":false,"nightOpen02":false},"geometry":{"type":"Point","coordinates":[126.902332,35.185997]}},{"type":"Feature","properties":{"id":"osm-n368677470","type":"night_activity","category":"supermarket","name":"케이투마트","source":"openstreetmap","nightTier":"unknown","nightScore":0.15,"confidence":0.3,"nightOpen22":false,"nightOpen00":false,"nightOpen02":false},"geometry":{"type":"Point","coordinates":[126.920468,35.17463]}},{"type":"Feature","properties":{"id":"osm-n368677477","type":"night_activity","category":"supermarket","name":"에이스마트","source":"openstreetmap","nightTier":"unknown","nightScore":0.15,"confidence":0.3,"nightOpen22":false,"nightOpen00":false,"nightOpen02":false},"geometry":{"type":"Point","coordinates":[126.915697,35.177599]}},{"type":"Feature","properties":{"id":"osm-n368677487","type":"night_activity","category":"supermarket","name":"플러스마트","source":"openstreetmap","nightTier":"unknown","nightScore":0.15,"confidence":0.3,"nightOpen22":false,"nightOpen00":false,"nightOpen02":false},"geometry":{"type":"Point","coordinates":[126.892701,35.130081]}},{"type":"Feature","properties":{"id":"osm-n368677494","type":"night_activity","category":"supermarket","name":"빛고을마트","source":"openstreetmap","nightTier":"unknown","nightScore":0.15,"confidence":0.3,"nightOpen22":false,"nightOpen00":false,"nightOpen02":false},"geometry":{"type":"Point","coordinates":[126.896943,35.169514]}},{"type":"Feature","properties":{"id":"osm-n368677507","type":"night_activity","category":"supermarket","name":"뉴스코마트","source":"openstreetmap","nightTier":"unknown","nightScore":0.15,"confidence":0.3,"nightOpen22":false,"nightOpen00":false,"nightOpen02":false},"geometry":{"type":"Point","coordinates":[126.923455,35.131196]}},{"type":"Feature","properties":{"id":"osm-n368677516","type":"night_activity","category":"supermarket","name":"빛고을마트","source":"openstreetmap","nightTier":"unknown","nightScore":0.15,"confidence":0.3,"nightOpen22":false,"nightOpen00":false,"nightOpen02":false},"geometry":{"type":"Point","coordinates":[126.882732,35.210681]}},{"type":"Feature","properties":{"id":"osm-n368677527","type":"night_activity","category":"supermarket","name":"빛고을마트","source":"openstreetmap","nightTier":"unknown","nightScore":0.15,"confidence":0.3,"nightOpen22":false,"nightOpen00":false,"nightOpen02":false},"geometry":{"type":"Point","coordinates":[126.93554,35.173813]}},{"type":"Feature","properties":{"id":"osm-n368677528","type":"night_activity","category":"convenience_store","name":"CU","source":"openstreetmap","nightTier":"unknown","nightScore":0.15,"confidence":0.3,"nightOpen22":false,"nightOpen00":false,"nightOpen02":false},"geometry":{"type":"Point","coordinates":[126.876474,35.122875]}},{"type":"Feature","properties":{"id":"osm-n368677569","type":"night_activity","category":"supermarket","name":"산밭들마트","source":"openstreetmap","nightTier":"unknown","nightScore":0.15,"confidence":0.3,"nightOpen22":false,"nightOpen00":false,"nightOpen02":false},"geometry":{"type":"Point","coordinates":[126.866597,35.153035]}},{"type":"Feature","properties":{"id":"osm-n368677574","type":"night_activity","category":"supermarket","name":"산밭들마트","source":"openstreetmap","nightTier":"unknown","nightScore":0.15,"confidence":0.3,"nightOpen22":false,"nightOpen00":false,"nightOpen02":false},"geometry":{"type":"Point","coordinates":[126.925968,35.136508]}},{"type":"Feature","properties":{"id":"osm-n368677583","type":"night_activity","category":"supermarket","name":"우성빅마트","source":"openstreetmap","nightTier":"unknown","nightScore":0.15,"confidence":0.3,"nightOpen22":false,"nightOpen00":false,"nightOpen02":false},"geometry":{"type":"Point","coordinates":[126.900981,35.19121]}},{"type":"Feature","properties":{"id":"osm-n368677587","type":"night_activity","category":"supermarket","name":"산밭들마트","source":"openstreetmap","nightTier":"unknown","nightScore":0.15,"confidence":0.3,"nightOpen22":false,"nightOpen00":false,"nightOpen02":false},"geometry":{"type":"Point","coordinates":[126.917641,35.125827]}},{"type":"Feature","properties":{"id":"osm-n368677593","type":"night_activity","category":"supermarket","name":"삼익2차마트","source":"openstreetmap","nightTier":"unknown","nightScore":0.15,"confidence":0.3,"nightOpen22":false,"nightOpen00":false,"nightOpen02":false},"geometry":{"type":"Point","coordinates":[126.914919,35.123701]}},{"type":"Feature","properties":{"id":"osm-n368677605","type":"night_activity","category":"supermarket","name":"아이파크마트","source":"openstreetmap","nightTier":"unknown","nightScore":0.15,"confidence":0.3,"nightOpen22":false,"nightOpen00":false,"nightOpen02":false},"geometry":{"type":"Point","coordinates":[126.87013,35.179245]}},{"type":"Feature","properties":{"id":"osm-n368677617","type":"night_activity","category":"supermarket","name":"조대할인마트","source":"openstreetmap","nightTier":"unknown","nightScore":0.15,"confidence":0.3,"nightOpen22":false,"nightOpen00":false,"nightOpen02":false},"geometry":{"type":"Point","coordinates":[126.887575,35.097878]}},{"type":"Feature","properties":{"id":"osm-n368677620","type":"night_activity","category":"supermarket","name":"디시할인마트","source":"openstreetmap","nightTier":"unknown","nightScore":0.15,"confidence":0.3,"nightOpen22":false,"nightOpen00":false,"nightOpen02":false},"geometry":{"type":"Point","coordinates":[126.911614,35.184928]}},{"type":"Feature","properties":{"id":"osm-n368677667","type":"night_activity","category":"supermarket","name":"장터할인마트","source":"openstreetmap","nightTier":"unknown","nightScore":0.15,"confidence":0.3,"nightOpen22":false,"nightOpen00":false,"nightOpen02":false},"geometry":{"type":"Point","coordinates":[126.925894,35.188651]}},{"type":"Feature","properties":{"id":"osm-n368677708","type":"night_activity","category":"supermarket","name":"현대행복마트","source":"openstreetmap","nightTier":"unknown","nightScore":0.15,"confidence":0.3,"nightOpen22":false,"nightOpen00":false,"nightOpen02":false},"geometry":{"type":"Point","coordinates":[126.89957,35.208874]}},{"type":"Feature","properties":{"id":"osm-n368677711","type":"night_activity","category":"supermarket","name":"봉선종합마트","source":"openstreetmap","nightTier":"unknown","nightScore":0.15,"confidence":0.3,"nightOpen22":false,"nightOpen00":false,"nightOpen02":false},"geometry":{"type":"Point","coordinates":[126.909915,35.123556]}},{"type":"Feature","properties":{"id":"osm-n368677726","type":"night_activity","category":"supermarket","name":"현대그린마트","source":"openstreetmap","nightTier":"unknown","nightScore":0.15,"confidence":0.3,"nightOpen22":false,"nightOpen00":false,"nightOpen02":false},"geometry":{"type":"Point","coordinates":[126.866582,35.157164]}},{"type":"Feature","properties":{"id":"osm-n368677730","type":"night_activity","category":"supermarket","name":"산수종합마트","source":"openstreetmap","nightTier":"unknown","nightScore":0.15,"confidence":0.3,"nightOpen22":false,"nightOpen00":false,"nightOpen02":false},"geometry":{"type":"Point","coordinates":[126.935132,35.15646]}},{"type":"Feature","properties":{"id":"osm-n368677740","type":"night_activity","category":"supermarket","name":"라인후생마트","source":"openstreetmap","nightTier":"unknown","nightScore":0.15,"confidence":0.3,"nightOpen22":false,"nightOpen00":false,"nightOpen02":false},"geometry":{"type":"Point","coordinates":[126.896212,35.142405]}},{"type":"Feature","properties":{"id":"osm-n368677762","type":"night_activity","category":"supermarket","name":"일신할인마트","source":"openstreetmap","nightTier":"unknown","nightScore":0.15,"confidence":0.3,"nightOpen22":false,"nightOpen00":false,"nightOpen02":false},"geometry":{"type":"Point","coordinates":[126.880197,35.213411]}},{"type":"Feature","properties":{"id":"osm-n368677767","type":"night_activity","category":"supermarket","name":"동진종합마트","source":"openstreetmap","nightTier":"unknown","nightScore":0.15,"confidence":0.3,"nightOpen22":false,"nightOpen00":false,"nightOpen02":false},"geometry":{"type":"Point","coordinates":[126.91136,35.150371]}},{"type":"Feature","properties":{"id":"osm-n368677772","type":"night_activity","category":"supermarket","name":"해피파워마트","source":"openstreetmap","nightTier":"unknown","nightScore":0.15,"confidence":0.3,"nightOpen22":false,"nightOpen00":false,"nightOpen02":false},"geometry":{"type":"Point","coordinates":[126.872389,35.209202]}},{"type":"Feature","properties":{"id":"osm-n368677785","type":"night_activity","category":"supermarket","name":"하늘세움마트","source":"openstreetmap","nightTier":"unknown","nightScore":0.15,"confidence":0.3,"nightOpen22":false,"nightOpen00":false,"nightOpen02":false},"geometry":{"type":"Point","coordinates":[126.880306,35.182805]}},{"type":"Feature","properties":{"id":"osm-n368677794","type":"night_activity","category":"supermarket","name":"청명알뜰마트","source":"openstreetmap","nightTier":"unknown","nightScore":0.15,"confidence":0.3,"nightOpen22":false,"nightOpen00":false,"nightOpen02":false},"geometry":{"type":"Point","coordinates":[126.927109,35.169776]}},{"type":"Feature","properties":{"id":"osm-n368677799","type":"night_activity","category":"supermarket","name":"풍향종합마트","source":"openstreetmap","nightTier":"unknown","nightScore":0.15,"confidence":0.3,"nightOpen22":false,"nightOpen00":false,"nightOpen02":false},"geometry":{"type":"Point","coordinates":[126.926869,35.160444]}},{"type":"Feature","properties":{"id":"osm-n368677802","type":"night_activity","category":"convenience_store","name":"GS25","openingHours":"24/7","source":"openstreetmap","nightTier":"24h","nightScore":1,"confidence":0.9,"nightOpen22":true,"nightOpen00":true,"nightOpen02":true},"geometry":{"type":"Point","coordinates":[126.935167,35.174752]}},{"type":"Feature","properties":{"id":"osm-n368677812","type":"night_activity","category":"supermarket","name":"모아할인마트","source":"openstreetmap","nightTier":"unknown","nightScore":0.15,"confidence":0.3,"nightOpen22":false,"nightOpen00":false,"nightOpen02":false},"geometry":{"type":"Point","coordinates":[126.935975,35.126948]}},{"type":"Feature","properties":{"id":"osm-n368677826","type":"night_activity","category":"supermarket","name":"중흥그린마트","source":"openstreetmap","nightTier":"unknown","nightScore":0.15,"confidence":0.3,"nightOpen22":false,"nightOpen00":false,"nightOpen02":false},"geometry":{"type":"Point","coordinates":[126.883348,35.120999]}},{"type":"Feature","properties":{"id":"osm-n368677867","type":"night_activity","category":"supermarket","name":"하나생활마트","source":"openstreetmap","nightTier":"unknown","nightScore":0.15,"confidence":0.3,"nightOpen22":false,"nightOpen00":false,"nightOpen02":false},"geometry":{"type":"Point","coordinates":[126.86905,35.145364]}},{"type":"Feature","properties":{"id":"osm-n368677873","type":"night_activity","category":"supermarket","name":"서산그린마트","source":"openstreetmap","nightTier":"unknown","nightScore":0.15,"confidence":0.3,"nightOpen22":false,"nightOpen00":false,"nightOpen02":false},"geometry":{"type":"Point","coordinates":[126.902161,35.190939]}},{"type":"Feature","properties":{"id":"osm-n368677911","type":"night_activity","category":"supermarket","name":"무등할인마트","source":"openstreetmap","nightTier":"unknown","nightScore":0.15,"confidence":0.3,"nightOpen22":false,"nightOpen00":false,"nightOpen02":false},"geometry":{"type":"Point","coordinates":[126.894094,35.131771]}},{"type":"Feature","properties":{"id":"osm-n368677922","type":"night_activity","category":"supermarket","name":"무등알짜마트","source":"openstreetmap","nightTier":"unknown","nightScore":0.15,"confidence":0.3,"nightOpen22":false,"nightOpen00":false,"nightOpen02":false},"geometry":{"type":"Point","coordinates":[126.906132,35.168469]}},{"type":"Feature","properties":{"id":"osm-n368677941","type":"night_activity","category":"supermarket","name":"대성그린마트","source":"openstreetmap","nightTier":"unknown","nightScore":0.15,"confidence":0.3,"nightOpen22":false,"nightOpen00":false,"nightOpen02":false},"geometry":{"type":"Point","coordinates":[126.935132,35.15646]}},{"type":"Feature","properties":{"id":"osm-n368677943","type":"night_activity","category":"supermarket","name":"신흥타운마트","source":"openstreetmap","nightTier":"unknown","nightScore":0.15,"confidence":0.3,"nightOpen22":false,"nightOpen00":false,"nightOpen02":false},"geometry":{"type":"Point","coordinates":[126.89787,35.113757]}},{"type":"Feature","properties":{"id":"osm-n368677951","type":"night_activity","category":"supermarket","name":"농성삼익마트","source":"openstreetmap","nightTier":"unknown","nightScore":0.15,"confidence":0.3,"nightOpen22":false,"nightOpen00":false,"nightOpen02":false},"geometry":{"type":"Point","coordinates":[126.886508,35.159761]}},{"type":"Feature","properties":{"id":"osm-n368677966","type":"night_activity","category":"supermarket","name":"죽림할인마트","source":"openstreetmap","nightTier":"unknown","nightScore":0.15,"confidence":0.3,"nightOpen22":false,"nightOpen00":false,"nightOpen02":false},"geometry":{"type":"Point","coordinates":[126.864412,35.176946]}},{"type":"Feature","properties":{"id":"osm-n368677972","type":"night_activity","category":"supermarket","name":"라인효친마트","source":"openstreetmap","nightTier":"unknown","nightScore":0.15,"confidence":0.3,"nightOpen22":false,"nightOpen00":false,"nightOpen02":false},"geometry":{"type":"Point","coordinates":[126.917211,35.1276]}},{"type":"Feature","properties":{"id":"osm-n368677982","type":"night_activity","category":"supermarket","name":"우리오케이마트","source":"openstreetmap","nightTier":"unknown","nightScore":0.15,"confidence":0.3,"nightOpen22":false,"nightOpen00":false,"nightOpen02":false},"geometry":{"type":"Point","coordinates":[126.895635,35.14116]}},{"type":"Feature","properties":{"id":"osm-n368677983","type":"night_activity","category":"supermarket","name":"코스코파워마트","source":"openstreetmap","nightTier":"unknown","nightScore":0.15,"confidence":0.3,"nightOpen22":false,"nightOpen00":false,"nightOpen02":false},"geometry":{"type":"Point","coordinates":[126.934645,35.123804]}},{"type":"Feature","properties":{"id":"osm-n368677992","type":"night_activity","category":"supermarket","name":"나이스할인마트","source":"openstreetmap","nightTier":"unknown","nightScore":0.15,"confidence":0.3,"nightOpen22":false,"nightOpen00":false,"nightOpen02":false},"geometry":{"type":"Point","coordinates":[126.888439,35.139273]}},{"type":"Feature","properties":{"id":"osm-n368678006","type":"night_activity","category":"supermarket","name":"농협하나로마트","source":"openstreetmap","nightTier":"unknown","nightScore":0.15,"confidence":0.3,"nightOpen22":false,"nightOpen00":false,"nightOpen02":false},"geometry":{"type":"Point","coordinates":[126.909949,35.159869]}},{"type":"Feature","properties":{"id":"osm-n368678030","type":"night_activity","category":"supermarket","name":"코스코파워마트","source":"openstreetmap","nightTier":"unknown","nightScore":0.15,"confidence":0.3,"nightOpen22":false,"nightOpen00":false,"nightOpen02":false},"geometry":{"type":"Point","coordinates":[126.903545,35.169908]}},{"type":"Feature","properties":{"id":"osm-n368678038","type":"night_activity","category":"supermarket","name":"우리오케이마트","source":"openstreetmap","nightTier":"unknown","nightScore":0.15,"confidence":0.3,"nightOpen22":false,"nightOpen00":false,"nightOpen02":false},"geometry":{"type":"Point","coordinates":[126.899976,35.170128]}},{"type":"Feature","properties":{"id":"osm-n368678043","type":"night_activity","category":"supermarket","name":"에이플러스마트","source":"openstreetmap","nightTier":"unknown","nightScore":0.15,"confidence":0.3,"nightOpen22":false,"nightOpen00":false,"nightOpen02":false},"geometry":{"type":"Point","coordinates":[126.90921,35.184842]}},{"type":"Feature","properties":{"id":"osm-n368678050","type":"night_activity","category":"supermarket","name":"우리오케이마트","source":"openstreetmap","nightTier":"unknown","nightScore":0.15,"confidence":0.3,"nightOpen22":false,"nightOpen00":false,"nightOpen02":false},"geometry":{"type":"Point","coordinates":[126.928891,35.169458]}},{"type":"Feature","properties":{"id":"osm-n368678054","type":"night_activity","category":"supermarket","name":"오케이사인마트","source":"openstreetmap","nightTier":"unknown","nightScore":0.15,"confidence":0.3,"nightOpen22":false,"nightOpen00":false,"nightOpen02":false},"geometry":{"type":"Point","coordinates":[126.905985,35.131656]}},{"type":"Feature","properties":{"id":"osm-n368678065","type":"night_activity","category":"supermarket","name":"원해공판장마트","source":"openstreetmap","nightTier":"unknown","nightScore":0.15,"confidence":0.3,"nightOpen22":false,"nightOpen00":false,"nightOpen02":false},"geometry":{"type":"Point","coordinates":[126.919622,35.173]}},{"type":"Feature","properties":{"id":"osm-n368678077","type":"night_activity","category":"supermarket","name":"빛고을에덴마트","source":"openstreetmap","nightTier":"unknown","nightScore":0.15,"confidence":0.3,"nightOpen22":false,"nightOpen00":false,"nightOpen02":false},"geometry":{"type":"Point","coordinates":[126.930411,35.172456]}},{"type":"Feature","properties":{"id":"osm-n368678083","type":"night_activity","category":"supermarket","name":"장터한마당마트","source":"openstreetmap","nightTier":"unknown","nightScore":0.15,"confidence":0.3,"nightOpen22":false,"nightOpen00":false,"nightOpen02":false},"geometry":{"type":"Point","coordinates":[126.901665,35.193113]}},{"type":"Feature","properties":{"id":"osm-n368678088","type":"night_activity","category":"supermarket","name":"코리아그린마트","source":"openstreetmap","nightTier":"unknown","nightScore":0.15,"confidence":0.3,"nightOpen22":false,"nightOpen00":false,"nightOpen02":false},"geometry":{"type":"Point","coordinates":[126.908603,35.156174]}},{"type":"Feature","properties":{"id":"osm-n368678095","type":"night_activity","category":"supermarket","name":"플러스마트","source":"openstreetmap","nightTier":"unknown","nightScore":0.15,"confidence":0.3,"nightOpen22":false,"nightOpen00":false,"nightOpen02":false},"geometry":{"type":"Point","coordinates":[126.865517,35.187806]}},{"type":"Feature","properties":{"id":"osm-n368678101","type":"night_activity","category":"supermarket","name":"우성빅할인마트","source":"openstreetmap","nightTier":"unknown","nightScore":0.15,"confidence":0.3,"nightOpen22":false,"nightOpen00":false,"nightOpen02":false},"geometry":{"type":"Point","coordinates":[126.918579,35.18076]}},{"type":"Feature","properties":{"id":"osm-n368678104","type":"night_activity","category":"supermarket","name":"해말금디시마트","source":"openstreetmap","nightTier":"unknown","nightScore":0.15,"confidence":0.3,"nightOpen22":false,"nightOpen00":false,"nightOpen02":false},"geometry":{"type":"Point","coordinates":[126.910257,35.131932]}},{"type":"Feature","properties":{"id":"osm-n368678109","type":"night_activity","category":"supermarket","name":"대림2차대림마트","source":"openstreetmap","nightTier":"unknown","nightScore":0.15,"confidence":0.3,"nightOpen22":false,"nightOpen00":false,"nightOpen02":false},"geometry":{"type":"Point","coordinates":[126.899884,35.210561]}},{"type":"Feature","properties":{"id":"osm-n368678110","type":"night_activity","category":"supermarket","name":"하나로플러스마트","source":"openstreetmap","nightTier":"unknown","nightScore":0.15,"confidence":0.3,"nightOpen22":false,"nightOpen00":false,"nightOpen02":false},"geometry":{"type":"Point","coordinates":[126.909366,35.161299]}},{"type":"Feature","properties":{"id":"osm-n368678113","type":"night_activity","category":"supermarket","name":"하나로플러스마트","source":"openstreetmap","nightTier":"unknown","nightScore":0.15,"confidence":0.3,"nightOpen22":false,"nightOpen00":false,"nightOpen02":false},"geometry":{"type":"Point","coordinates":[126.932773,35.154636]}},{"type":"Feature","properties":{"id":"osm-n368678118","type":"night_activity","category":"supermarket","name":"한국아델리움마트","source":"openstreetmap","nightTier":"unknown","nightScore":0.15,"confidence":0.3,"nightOpen22":false,"nightOpen00":false,"nightOpen02":false},"geometry":{"type":"Point","coordinates":[126.912503,35.1201]}},{"type":"Feature","properties":{"id":"osm-n368678121","type":"night_activity","category":"supermarket","name":"한국냉장델리마트","source":"openstreetmap","nightTier":"unknown","nightScore":0.15,"confidence":0.3,"nightOpen22":false,"nightOpen00":false,"nightOpen02":false},"geometry":{"type":"Point","coordinates":[126.893351,35.134739]}},{"type":"Feature","properties":{"id":"osm-n368678132","type":"night_activity","category":"supermarket","name":"대성사랑으로마트","source":"openstreetmap","nightTier":"unknown","nightScore":0.15,"confidence":0.3,"nightOpen22":false,"nightOpen00":false,"nightOpen02":false},"geometry":{"type":"Point","coordinates":[126.893743,35.19502]}},{"type":"Feature","properties":{"id":"osm-n368678143","type":"night_activity","category":"supermarket","name":"벽산상설할인마트","source":"openstreetmap","nightTier":"unknown","nightScore":0.15,"confidence":0.3,"nightOpen22":false,"nightOpen00":false,"nightOpen02":false},"geometry":{"type":"Point","coordinates":[126.878519,35.173212]}},{"type":"Feature","properties":{"id":"osm-n368678144","type":"night_activity","category":"supermarket","name":"주공4단지우리마트","source":"openstreetmap","nightTier":"unknown","nightScore":0.15,"confidence":0.3,"nightOpen22":false,"nightOpen00":false,"nightOpen02":false},"geometry":{"type":"Point","coordinates":[126.93783,35.162514]}},{"type":"Feature","properties":{"id":"osm-n368678149","type":"night_activity","category":"supermarket","name":"화장품마트","source":"openstreetmap","nightTier":"unknown","nightScore":0.15,"confidence":0.3,"nightOpen22":false,"nightOpen00":false,"nightOpen02":false},"geometry":{"type":"Point","coordinates":[126.902424,35.135759]}},{"type":"Feature","properties":{"id":"osm-n368678155","type":"night_activity","category":"supermarket","name":"화장품마트","source":"openstreetmap","nightTier":"unknown","nightScore":0.15,"confidence":0.3,"nightOpen22":false,"nightOpen00":false,"nightOpen02":false},"geometry":{"type":"Point","coordinates":[126.901572,35.193509]}},{"type":"Feature","properties":{"id":"osm-n368678162","type":"night_activity","category":"supermarket","name":"(주)비엔날레디씨마트 (Biennalledissi Mart)","source":"openstreetmap","nightTier":"unknown","nightScore":0.15,"confidence":0.3,"nightOpen22":false,"nightOpen00":false,"nightOpen02":false},"geometry":{"type":"Point","coordinates":[126.890406,35.181174]}},{"type":"Feature","properties":{"id":"osm-n368678166","type":"night_activity","category":"supermarket","name":"월드화장품마트","source":"openstreetmap","nightTier":"unknown","nightScore":0.15,"confidence":0.3,"nightOpen22":false,"nightOpen00":false,"nightOpen02":false},"geometry":{"type":"Point","coordinates":[126.908882,35.12874]}},{"type":"Feature","properties":{"id":"osm-n368678185","type":"night_activity","category":"supermarket","name":"이쇼화장품할인마트","source":"openstreetmap","nightTier":"unknown","nightScore":0.15,"confidence":0.3,"nightOpen22":false,"nightOpen00":false,"nightOpen02":false},"geometry":{"type":"Point","coordinates":[126.90845,35.12742]}},{"type":"Feature","properties":{"id":"osm-n368678190","type":"night_activity","category":"supermarket","name":"타이어마트","source":"openstreetmap","nightTier":"unknown","nightScore":0.15,"confidence":0.3,"nightOpen22":false,"nightOpen00":false,"nightOpen02":false},"geometry":{"type":"Point","coordinates":[126.868217,35.153312]}},{"type":"Feature","properties":{"id":"osm-n368678197","type":"night_activity","category":"supermarket","name":"타이어할인마트","source":"openstreetmap","nightTier":"unknown","nightScore":0.15,"confidence":0.3,"nightOpen22":false,"nightOpen00":false,"nightOpen02":false},"geometry":{"type":"Point","coordinates":[126.875088,35.200115]}},{"type":"Feature","properties":{"id":"osm-n368678200","type":"night_activity","category":"supermarket","name":"월드광고할인마트","source":"openstreetmap","nightTier":"unknown","nightScore":0.15,"confidence":0.3,"nightOpen22":false,"nightOpen00":false,"nightOpen02":false},"geometry":{"type":"Point","coordinates":[126.895893,35.172684]}},{"type":"Feature","properties":{"id":"osm-n368678209","type":"night_activity","category":"supermarket","name":"이사마트","source":"openstreetmap","nightTier":"unknown","nightScore":0.15,"confidence":0.3,"nightOpen22":false,"nightOpen00":false,"nightOpen02":false},"geometry":{"type":"Point","coordinates":[126.896675,35.135698]}},{"type":"Feature","properties":{"id":"osm-n368678224","type":"night_activity","category":"supermarket","name":"금호카마트","source":"openstreetmap","nightTier":"unknown","nightScore":0.15,"confidence":0.3,"nightOpen22":false,"nightOpen00":false,"nightOpen02":false},"geometry":{"type":"Point","coordinates":[126.908708,35.172363]}},{"type":"Feature","properties":{"id":"osm-n368678238","type":"night_activity","category":"supermarket","name":"타올마트","source":"openstreetmap","nightTier":"unknown","nightScore":0.15,"confidence":0.3,"nightOpen22":false,"nightOpen00":false,"nightOpen02":false},"geometry":{"type":"Point","coordinates":[126.897753,35.16158]}},{"type":"Feature","properties":{"id":"osm-n368678258","type":"night_activity","category":"supermarket","name":"엔주방그릇마트","source":"openstreetmap","nightTier":"unknown","nightScore":0.15,"confidence":0.3,"nightOpen22":false,"nightOpen00":false,"nightOpen02":false},"geometry":{"type":"Point","coordinates":[126.898336,35.159043]}},{"type":"Feature","properties":{"id":"osm-n368678260","type":"night_activity","category":"supermarket","name":"명가혼수그릇마트","source":"openstreetmap","nightTier":"unknown","nightScore":0.15,"confidence":0.3,"nightOpen22":false,"nightOpen00":false,"nightOpen02":false},"geometry":{"type":"Point","coordinates":[126.905875,35.151827]}},{"type":"Feature","properties":{"id":"osm-n368678270","type":"night_activity","category":"supermarket","name":"도림마트","source":"openstreetmap","nightTier":"unknown","nightScore":0.15,"confidence":0.3,"nightOpen22":false,"nightOpen00":false,"nightOpen02":false},"geometry":{"type":"Point","coordinates":[126.930941,35.175588]}},{"type":"Feature","properties":{"id":"osm-n368678282","type":"night_activity","category":"supermarket","name":"씨엔씨마트","source":"openstreetmap","nightTier":"unknown","nightScore":0.15,"confidence":0.3,"nightOpen22":false,"nightOpen00":false,"nightOpen02":false},"geometry":{"type":"Point","coordinates":[126.922089,35.145983]}},{"type":"Feature","properties":{"id":"osm-n368678289","type":"night_activity","category":"supermarket","name":"꿀벌마트","source":"openstreetmap","nightTier":"unknown","nightScore":0.15,"confidence":0.3,"nightOpen22":false,"nightOpen00":false,"nightOpen02":false},"geometry":{"type":"Point","coordinates":[126.896347,35.117488]}},{"type":"Feature","properties":{"id":"osm-n368678305","type":"night_activity","category":"supermarket","name":"오토마트","source":"openstreetmap","nightTier":"unknown","nightScore":0.15,"confidence":0.3,"nightOpen22":false,"nightOpen00":false,"nightOpen02":false},"geometry":{"type":"Point","coordinates":[126.895937,35.160247]}},{"type":"Feature","properties":{"id":"osm-n368678324","type":"night_activity","category":"supermarket","name":"중고D/C마트","source":"openstreetmap","nightTier":"unknown","nightScore":0.15,"confidence":0.3,"nightOpen22":false,"nightOpen00":false,"nightOpen02":false},"geometry":{"type":"Point","coordinates":[126.905451,35.187558]}},{"type":"Feature","properties":{"id":"osm-n368678336","type":"night_activity","category":"supermarket","name":"중고가전가구마트","source":"openstreetmap","nightTier":"unknown","nightScore":0.15,"confidence":0.3,"nightOpen22":false,"nightOpen00":false,"nightOpen02":false},"geometry":{"type":"Point","coordinates":[126.910426,35.187513]}},{"type":"Feature","properties":{"id":"osm-n368678355","type":"night_activity","category":"supermarket","name":"빛고을세탁마트","source":"openstreetmap","nightTier":"unknown","nightScore":0.15,"confidence":0.3,"nightOpen22":false,"nightOpen00":false,"nightOpen02":false},"geometry":{"type":"Point","coordinates":[126.907847,35.170136]}},{"type":"Feature","properties":{"id":"osm-n368678357","type":"night_activity","category":"supermarket","name":"광주크리닝마트","source":"openstreetmap","nightTier":"unknown","nightScore":0.15,"confidence":0.3,"nightOpen22":false,"nightOpen00":false,"nightOpen02":false},"geometry":{"type":"Point","coordinates":[126.90217,35.186599]}},{"type":"Feature","properties":{"id":"osm-n368678360","type":"night_activity","category":"supermarket","name":"치킨마트","source":"openstreetmap","nightTier":"unknown","nightScore":0.15,"confidence":0.3,"nightOpen22":false,"nightOpen00":false,"nightOpen02":false},"geometry":{"type":"Point","coordinates":[126.889437,35.147414]}},{"type":"Feature","properties":{"id":"osm-n368694496","type":"night_activity","category":"supermarket","name":"쌍용아파트상가쌍용마트","source":"openstreetmap","nightTier":"unknown","nightScore":0.15,"confidence":0.3,"nightOpen22":false,"nightOpen00":false,"nightOpen02":false},"geometry":{"type":"Point","coordinates":[126.913054,35.121768]}},{"type":"Feature","properties":{"id":"osm-n368760916","type":"night_activity","category":"hospital","name":"대동한방병원","source":"openstreetmap","nightTier":"unknown","nightScore":0.15,"confidence":0.3,"nightOpen22":false,"nightOpen00":false,"nightOpen02":false},"geometry":{"type":"Point","coordinates":[126.930493,35.180452]}},{"type":"Feature","properties":{"id":"osm-n368760950","type":"night_activity","category":"hospital","name":"아름다운한의원","source":"openstreetmap","nightTier":"unknown","nightScore":0.15,"confidence":0.3,"nightOpen22":false,"nightOpen00":false,"nightOpen02":false},"geometry":{"type":"Point","coordinates":[126.933061,35.17549]}},{"type":"Feature","properties":{"id":"osm-n368760954","type":"night_activity","category":"hospital","name":"세련성형외과","source":"openstreetmap","nightTier":"unknown","nightScore":0.15,"confidence":0.3,"nightOpen22":false,"nightOpen00":false,"nightOpen02":false},"geometry":{"type":"Point","coordinates":[126.912756,35.148572]}},{"type":"Feature","properties":{"id":"osm-n368760964","type":"night_activity","category":"hospital","name":"은병원","source":"openstreetmap","nightTier":"unknown","nightScore":0.15,"confidence":0.3,"nightOpen22":false,"nightOpen00":false,"nightOpen02":false},"geometry":{"type":"Point","coordinates":[126.924306,35.171783]}},{"type":"Feature","properties":{"id":"osm-n368761017","type":"night_activity","category":"hospital","name":"한빛재활의학과","source":"openstreetmap","nightTier":"unknown","nightScore":0.15,"confidence":0.3,"nightOpen22":false,"nightOpen00":false,"nightOpen02":false},"geometry":{"type":"Point","coordinates":[126.930982,35.159876]}},{"type":"Feature","properties":{"id":"osm-n368761092","type":"night_activity","category":"hospital","name":"광주월산한방병원","source":"openstreetmap","nightTier":"unknown","nightScore":0.15,"confidence":0.3,"nightOpen22":false,"nightOpen00":false,"nightOpen02":false},"geometry":{"type":"Point","coordinates":[126.903382,35.149195]}},{"type":"Feature","properties":{"id":"osm-n368761133","type":"night_activity","category":"hospital","name":"우리산부인과","source":"openstreetmap","nightTier":"unknown","nightScore":0.15,"confidence":0.3,"nightOpen22":false,"nightOpen00":false,"nightOpen02":false},"geometry":{"type":"Point","coordinates":[126.904155,35.148305]}},{"type":"Feature","properties":{"id":"osm-n368761212","type":"night_activity","category":"hospital","name":"아이안과 진월점","source":"openstreetmap","nightTier":"unknown","nightScore":0.15,"confidence":0.3,"nightOpen22":false,"nightOpen00":false,"nightOpen02":false},"geometry":{"type":"Point","coordinates":[126.898828,35.121537]}},{"type":"Feature","properties":{"id":"osm-n368761244","type":"night_activity","category":"hospital","name":"효정형외과","source":"openstreetmap","nightTier":"unknown","nightScore":0.15,"confidence":0.3,"nightOpen22":false,"nightOpen00":false,"nightOpen02":false},"geometry":{"type":"Point","coordinates":[126.917487,35.125837]}},{"type":"Feature","properties":{"id":"osm-n368761250","type":"night_activity","category":"hospital","name":"효민한의원","source":"openstreetmap","nightTier":"unknown","nightScore":0.15,"confidence":0.3,"nightOpen22":false,"nightOpen00":false,"nightOpen02":false},"geometry":{"type":"Point","coordinates":[126.897744,35.114599]}},{"type":"Feature","properties":{"id":"osm-n368761279","type":"night_activity","category":"hospital","name":"광주피부과","source":"openstreetmap","nightTier":"unknown","nightScore":0.15,"confidence":0.3,"nightOpen22":false,"nightOpen00":false,"nightOpen02":false},"geometry":{"type":"Point","coordinates":[126.912862,35.14805]}},{"type":"Feature","properties":{"id":"osm-n368761284","type":"night_activity","category":"hospital","name":"권오성산부인과","source":"openstreetmap","nightTier":"unknown","nightScore":0.15,"confidence":0.3,"nightOpen22":false,"nightOpen00":false,"nightOpen02":false},"geometry":{"type":"Point","coordinates":[126.897331,35.126076]}},{"type":"Feature","properties":{"id":"osm-n368761298","type":"night_activity","category":"hospital","name":"미지우먼","source":"openstreetmap","nightTier":"unknown","nightScore":0.15,"confidence":0.3,"nightOpen22":false,"nightOpen00":false,"nightOpen02":false},"geometry":{"type":"Point","coordinates":[126.872818,35.139498]}},{"type":"Feature","properties":{"id":"osm-n368761417","type":"night_activity","category":"hospital","name":"두암내과","source":"openstreetmap","nightTier":"unknown","nightScore":0.15,"confidence":0.3,"nightOpen22":false,"nightOpen00":false,"nightOpen02":false},"geometry":{"type":"Point","coordinates":[126.93607,35.162007]}},{"type":"Feature","properties":{"id":"osm-n368761428","type":"night_activity","category":"hospital","name":"윤경환내과","source":"openstreetmap","nightTier":"unknown","nightScore":0.15,"confidence":0.3,"nightOpen22":false,"nightOpen00":false,"nightOpen02":false},"geometry":{"type":"Point","coordinates":[126.911864,35.125657]}},{"type":"Feature","properties":{"id":"osm-n368761475","type":"night_activity","category":"hospital","name":"모아산부인과","source":"openstreetmap","nightTier":"unknown","nightScore":0.15,"confidence":0.3,"nightOpen22":false,"nightOpen00":false,"nightOpen02":false},"geometry":{"type":"Point","coordinates":[126.90332,35.133878]}},{"type":"Feature","properties":{"id":"osm-n368761498","type":"night_activity","category":"hospital","name":"약손한의원","source":"openstreetmap","nightTier":"unknown","nightScore":0.15,"confidence":0.3,"nightOpen22":false,"nightOpen00":false,"nightOpen02":false},"geometry":{"type":"Point","coordinates":[126.898829,35.121537]}},{"type":"Feature","properties":{"id":"osm-n368761609","type":"night_activity","category":"hospital","name":"참조은가정의원","source":"openstreetmap","nightTier":"unknown","nightScore":0.15,"confidence":0.3,"nightOpen22":false,"nightOpen00":false,"nightOpen02":false},"geometry":{"type":"Point","coordinates":[126.917725,35.178644]}},{"type":"Feature","properties":{"id":"osm-n368761621","type":"night_activity","category":"hospital","name":"연합내과의원","source":"openstreetmap","nightTier":"unknown","nightScore":0.15,"confidence":0.3,"nightOpen22":false,"nightOpen00":false,"nightOpen02":false},"geometry":{"type":"Point","coordinates":[126.890655,35.144207]}},{"type":"Feature","properties":{"id":"osm-n368761655","type":"night_activity","category":"hospital","name":"드림이비인후과","source":"openstreetmap","nightTier":"unknown","nightScore":0.15,"confidence":0.3,"nightOpen22":false,"nightOpen00":false,"nightOpen02":false},"geometry":{"type":"Point","coordinates":[126.910736,35.128]}},{"type":"Feature","properties":{"id":"osm-n368761660","type":"night_activity","category":"hospital","name":"참사랑의원","source":"openstreetmap","nightTier":"unknown","nightScore":0.15,"confidence":0.3,"nightOpen22":false,"nightOpen00":false,"nightOpen02":false},"geometry":{"type":"Point","coordinates":[126.886853,35.149428]}},{"type":"Feature","properties":{"id":"osm-n368761703","type":"night_activity","category":"hospital","name":"우암병원","source":"openstreetmap","nightTier":"unknown","nightScore":0.15,"confidence":0.3,"nightOpen22":false,"nightOpen00":false,"nightOpen02":false},"geometry":{"type":"Point","coordinates":[126.93297,35.183314]}},{"type":"Feature","properties":{"id":"osm-n368761815","type":"night_activity","category":"hospital","name":"삼성한의원","source":"openstreetmap","nightTier":"unknown","nightScore":0.15,"confidence":0.3,"nightOpen22":false,"nightOpen00":false,"nightOpen02":false},"geometry":{"type":"Point","coordinates":[126.9194,35.127636]}},{"type":"Feature","properties":{"id":"osm-n368761870","type":"night_activity","category":"hospital","name":"안영주내과","source":"openstreetmap","nightTier":"unknown","nightScore":0.15,"confidence":0.3,"nightOpen22":false,"nightOpen00":false,"nightOpen02":false},"geometry":{"type":"Point","coordinates":[126.906838,35.142974]}},{"type":"Feature","properties":{"id":"osm-n368761872","type":"night_activity","category":"hospital","name":"서울연합내과의원","source":"openstreetmap","nightTier":"unknown","nightScore":0.15,"confidence":0.3,"nightOpen22":false,"nightOpen00":false,"nightOpen02":false},"geometry":{"type":"Point","coordinates":[126.911163,35.12892]}},{"type":"Feature","properties":{"id":"osm-n368761924","type":"night_activity","category":"hospital","name":"전철오치과의원","source":"openstreetmap","nightTier":"unknown","nightScore":0.15,"confidence":0.3,"nightOpen22":false,"nightOpen00":false,"nightOpen02":false},"geometry":{"type":"Point","coordinates":[126.87365,35.206763]}},{"type":"Feature","properties":{"id":"osm-n368761944","type":"night_activity","category":"hospital","name":"한솔의원","source":"openstreetmap","nightTier":"unknown","nightScore":0.15,"confidence":0.3,"nightOpen22":false,"nightOpen00":false,"nightOpen02":false},"geometry":{"type":"Point","coordinates":[126.898137,35.129779]}},{"type":"Feature","properties":{"id":"osm-n368761968","type":"night_activity","category":"hospital","name":"새미래병원","source":"openstreetmap","nightTier":"unknown","nightScore":0.15,"confidence":0.3,"nightOpen22":false,"nightOpen00":false,"nightOpen02":false},"geometry":{"type":"Point","coordinates":[126.904191,35.145583]}},{"type":"Feature","properties":{"id":"osm-n368762042","type":"night_activity","category":"hospital","name":"오민석신경외과","source":"openstreetmap","nightTier":"unknown","nightScore":0.15,"confidence":0.3,"nightOpen22":false,"nightOpen00":false,"nightOpen02":false},"geometry":{"type":"Point","coordinates":[126.89802,35.136034]}},{"type":"Feature","properties":{"id":"osm-n368762056","type":"night_activity","category":"hospital","name":"현대가정의학과","source":"openstreetmap","nightTier":"unknown","nightScore":0.15,"confidence":0.3,"nightOpen22":false,"nightOpen00":false,"nightOpen02":false},"geometry":{"type":"Point","coordinates":[126.931073,35.153693]}},{"type":"Feature","properties":{"id":"osm-n368762076","type":"night_activity","category":"hospital","name":"무등가정의학과","source":"openstreetmap","nightTier":"unknown","nightScore":0.15,"confidence":0.3,"nightOpen22":false,"nightOpen00":false,"nightOpen02":false},"geometry":{"type":"Point","coordinates":[126.893683,35.136968]}},{"type":"Feature","properties":{"id":"osm-n368762100","type":"night_activity","category":"hospital","name":"참사랑가정의학과","source":"openstreetmap","nightTier":"unknown","nightScore":0.15,"confidence":0.3,"nightOpen22":false,"nightOpen00":false,"nightOpen02":false},"geometry":{"type":"Point","coordinates":[126.912747,35.125995]}},{"type":"Feature","properties":{"id":"osm-n368762127","type":"night_activity","category":"hospital","name":"자모산부인과","source":"openstreetmap","nightTier":"unknown","nightScore":0.15,"confidence":0.3,"nightOpen22":false,"nightOpen00":false,"nightOpen02":false},"geometry":{"type":"Point","coordinates":[126.92007,35.16069]}},{"type":"Feature","properties":{"id":"osm-n368762135","type":"night_activity","category":"hospital","name":"현대가정의학과의원","source":"openstreetmap","nightTier":"unknown","nightScore":0.15,"confidence":0.3,"nightOpen22":false,"nightOpen00":false,"nightOpen02":false},"geometry":{"type":"Point","coordinates":[126.894778,35.132347]}},{"type":"Feature","properties":{"id":"osm-n368762172","type":"night_activity","category":"hospital","name":"삼성한의원","source":"openstreetmap","nightTier":"unknown","nightScore":0.15,"confidence":0.3,"nightOpen22":false,"nightOpen00":false,"nightOpen02":false},"geometry":{"type":"Point","coordinates":[126.910993,35.125974]}},{"type":"Feature","properties":{"id":"osm-n368762222","type":"night_activity","category":"hospital","name":"조민석내과의원","source":"openstreetmap","nightTier":"unknown","nightScore":0.15,"confidence":0.3,"nightOpen22":false,"nightOpen00":false,"nightOpen02":false},"geometry":{"type":"Point","coordinates":[126.89899,35.120997]}},{"type":"Feature","properties":{"id":"osm-n368762314","type":"night_activity","category":"hospital","name":"김승완외과병원","source":"openstreetmap","nightTier":"unknown","nightScore":0.15,"confidence":0.3,"nightOpen22":false,"nightOpen00":false,"nightOpen02":false},"geometry":{"type":"Point","coordinates":[126.916645,35.152456]}},{"type":"Feature","properties":{"id":"osm-n368762339","type":"night_activity","category":"hospital","name":"김정형외과병원","source":"openstreetmap","nightTier":"unknown","nightScore":0.15,"confidence":0.3,"nightOpen22":false,"nightOpen00":false,"nightOpen02":false},"geometry":{"type":"Point","coordinates":[126.917005,35.151783]}},{"type":"Feature","properties":{"id":"osm-n368762344","type":"night_activity","category":"hospital","name":"미소그린 한의원","source":"openstreetmap","nightTier":"unknown","nightScore":0.15,"confidence":0.3,"nightOpen22":false,"nightOpen00":false,"nightOpen02":false},"geometry":{"type":"Point","coordinates":[126.865595,35.186731]}},{"type":"Feature","properties":{"id":"osm-n368762378","type":"night_activity","category":"hospital","name":"한일병원","source":"openstreetmap","nightTier":"unknown","nightScore":0.15,"confidence":0.3,"nightOpen22":false,"nightOpen00":false,"nightOpen02":false},"geometry":{"type":"Point","coordinates":[126.910057,35.132835]}},{"type":"Feature","properties":{"id":"osm-n368762391","type":"night_activity","category":"hospital","name":"제일병원","source":"openstreetmap","nightTier":"unknown","nightScore":0.15,"confidence":0.3,"nightOpen22":false,"nightOpen00":false,"nightOpen02":false},"geometry":{"type":"Point","coordinates":[126.901289,35.137053]}},{"type":"Feature","properties":{"id":"osm-n368762403","type":"night_activity","category":"hospital","name":"호성병원","source":"openstreetmap","nightTier":"unknown","nightScore":0.15,"confidence":0.3,"nightOpen22":false,"nightOpen00":false,"nightOpen02":false},"geometry":{"type":"Point","coordinates":[126.911286,35.159168]}},{"type":"Feature","properties":{"id":"osm-n368762422","type":"night_activity","category":"hospital","name":"에덴병원","source":"openstreetmap","nightTier":"unknown","nightScore":0.15,"confidence":0.3,"nightOpen22":false,"nightOpen00":false,"nightOpen02":false},"geometry":{"type":"Point","coordinates":[126.929737,35.175307]}},{"type":"Feature","properties":{"id":"osm-n368762435","type":"night_activity","category":"hospital","name":"광주미래병원","source":"openstreetmap","nightTier":"unknown","nightScore":0.15,"confidence":0.3,"nightOpen22":false,"nightOpen00":false,"nightOpen02":false},"geometry":{"type":"Point","coordinates":[126.933014,35.18081]}},{"type":"Feature","properties":{"id":"osm-n368762467","type":"night_activity","category":"hospital","name":"거진","source":"openstreetmap","nightTier":"unknown","nightScore":0.15,"confidence":0.3,"nightOpen22":false,"nightOpen00":false,"nightOpen02":false},"geometry":{"type":"Point","coordinates":[126.874832,35.213565]}},{"type":"Feature","properties":{"id":"osm-n368762566","type":"night_activity","category":"hospital","name":"이용석한방의원","source":"openstreetmap","nightTier":"unknown","nightScore":0.15,"confidence":0.3,"nightOpen22":false,"nightOpen00":false,"nightOpen02":false},"geometry":{"type":"Point","coordinates":[126.884486,35.147558]}},{"type":"Feature","properties":{"id":"osm-n368762607","type":"night_activity","category":"hospital","name":"무지개병원","source":"openstreetmap","nightTier":"unknown","nightScore":0.15,"confidence":0.3,"nightOpen22":false,"nightOpen00":false,"nightOpen02":false},"geometry":{"type":"Point","coordinates":[126.898854,35.152652]}},{"type":"Feature","properties":{"id":"osm-n368762643","type":"night_activity","category":"hospital","name":"해맑은신경정신과병원","source":"openstreetmap","nightTier":"unknown","nightScore":0.15,"confidence":0.3,"nightOpen22":false,"nightOpen00":false,"nightOpen02":false},"geometry":{"type":"Point","coordinates":[126.899339,35.189729]}},{"type":"Feature","properties":{"id":"osm-n368762695","type":"night_activity","category":"hospital","name":"태평한의원","source":"openstreetmap","nightTier":"unknown","nightScore":0.15,"confidence":0.3,"nightOpen22":false,"nightOpen00":false,"nightOpen02":false},"geometry":{"type":"Point","coordinates":[126.91745,35.178723]}},{"type":"Feature","properties":{"id":"osm-n368762739","type":"night_activity","category":"hospital","name":"서남대학교병원","source":"openstreetmap","nightTier":"unknown","nightScore":0.15,"confidence":0.3,"nightOpen22":false,"nightOpen00":false,"nightOpen02":false},"geometry":{"type":"Point","coordinates":[126.914552,35.144731]}},{"type":"Feature","properties":{"id":"osm-n368762757","type":"night_activity","category":"hospital","name":"미래로21병원","source":"openstreetmap","nightTier":"unknown","nightScore":0.15,"confidence":0.3,"nightOpen22":false,"nightOpen00":false,"nightOpen02":false},"geometry":{"type":"Point","coordinates":[126.885269,35.141006]}},{"type":"Feature","properties":{"id":"osm-n368762776","type":"night_activity","category":"hospital","name":"우암한방병원","source":"openstreetmap","nightTier":"unknown","nightScore":0.15,"confidence":0.3,"nightOpen22":false,"nightOpen00":false,"nightOpen02":false},"geometry":{"type":"Point","coordinates":[126.93297,35.183314]}},{"type":"Feature","properties":{"id":"osm-n368762787","type":"night_activity","category":"hospital","name":"김희철동서한방병원","source":"openstreetmap","nightTier":"unknown","nightScore":0.15,"confidence":0.3,"nightOpen22":false,"nightOpen00":false,"nightOpen02":false},"geometry":{"type":"Point","coordinates":[126.919448,35.157944]}},{"type":"Feature","properties":{"id":"osm-n368762788","type":"night_activity","category":"hospital","name":"동서하나로한방병원","source":"openstreetmap","nightTier":"unknown","nightScore":0.15,"confidence":0.3,"nightOpen22":false,"nightOpen00":false,"nightOpen02":false},"geometry":{"type":"Point","coordinates":[126.873973,35.180145]}},{"type":"Feature","properties":{"id":"osm-n368762801","type":"night_activity","category":"hospital","name":"동신대학교부속광주한방병원","source":"openstreetmap","nightTier":"unknown","nightScore":0.15,"confidence":0.3,"nightOpen22":false,"nightOpen00":false,"nightOpen02":false},"geometry":{"type":"Point","coordinates":[126.895635,35.150218]}},{"type":"Feature","properties":{"id":"osm-n368762867","type":"night_activity","category":"hospital","name":"한솔연합의원","source":"openstreetmap","nightTier":"unknown","nightScore":0.15,"confidence":0.3,"nightOpen22":false,"nightOpen00":false,"nightOpen02":false},"geometry":{"type":"Point","coordinates":[126.936064,35.132029]}},{"type":"Feature","properties":{"id":"osm-n368762917","type":"night_activity","category":"hospital","name":"고희관내과","source":"openstreetmap","nightTier":"unknown","nightScore":0.15,"confidence":0.3,"nightOpen22":false,"nightOpen00":false,"nightOpen02":false},"geometry":{"type":"Point","coordinates":[126.888802,35.147289]}},{"type":"Feature","properties":{"id":"osm-n368762977","type":"night_activity","category":"hospital","name":"염내과의원","source":"openstreetmap","nightTier":"unknown","nightScore":0.15,"confidence":0.3,"nightOpen22":false,"nightOpen00":false,"nightOpen02":false},"geometry":{"type":"Point","coordinates":[126.887322,35.149341]}},{"type":"Feature","properties":{"id":"osm-n368763061","type":"night_activity","category":"hospital","name":"기찬종피부과의원","source":"openstreetmap","nightTier":"unknown","nightScore":0.15,"confidence":0.3,"nightOpen22":false,"nightOpen00":false,"nightOpen02":false},"geometry":{"type":"Point","coordinates":[126.914088,35.149365]}},{"type":"Feature","properties":{"id":"osm-n368763301","type":"night_activity","category":"hospital","name":"중흥애견병원","source":"openstreetmap","nightTier":"unknown","nightScore":0.15,"confidence":0.3,"nightOpen22":false,"nightOpen00":false,"nightOpen02":false},"geometry":{"type":"Point","coordinates":[126.90241,35.168945]}},{"type":"Feature","properties":{"id":"osm-n368763479","type":"night_activity","category":"hospital","name":"영재애견종합병원","source":"openstreetmap","nightTier":"unknown","nightScore":0.15,"confidence":0.3,"nightOpen22":false,"nightOpen00":false,"nightOpen02":false},"geometry":{"type":"Point","coordinates":[126.9306,35.158845]}},{"type":"Feature","properties":{"id":"osm-n368763504","type":"night_activity","category":"hospital","name":"다인아이디","source":"openstreetmap","nightTier":"unknown","nightScore":0.15,"confidence":0.3,"nightOpen22":false,"nightOpen00":false,"nightOpen02":false},"geometry":{"type":"Point","coordinates":[126.905235,35.157807]}},{"type":"Feature","properties":{"id":"osm-n368763601","type":"night_activity","category":"hospital","name":"플로리다의원","source":"openstreetmap","nightTier":"unknown","nightScore":0.15,"confidence":0.3,"nightOpen22":false,"nightOpen00":false,"nightOpen02":false},"geometry":{"type":"Point","coordinates":[126.905869,35.13317]}},{"type":"Feature","properties":{"id":"osm-n368763619","type":"night_activity","category":"hospital","name":"이쁘지오","source":"openstreetmap","nightTier":"unknown","nightScore":0.15,"confidence":0.3,"nightOpen22":false,"nightOpen00":false,"nightOpen02":false},"geometry":{"type":"Point","coordinates":[126.932428,35.165974]}},{"type":"Feature","properties":{"id":"osm-n368763665","type":"night_activity","category":"hospital","name":"양동균비만크리닉","source":"openstreetmap","nightTier":"unknown","nightScore":0.15,"confidence":0.3,"nightOpen22":false,"nightOpen00":false,"nightOpen02":false},"geometry":{"type":"Point","coordinates":[126.925983,35.1744]}},{"type":"Feature","properties":{"id":"osm-n368763693","type":"night_activity","category":"hospital","name":"이쁘지오내방점","source":"openstreetmap","nightTier":"unknown","nightScore":0.15,"confidence":0.3,"nightOpen22":false,"nightOpen00":false,"nightOpen02":false},"geometry":{"type":"Point","coordinates":[126.868794,35.157278]}},{"type":"Feature","properties":{"id":"osm-n368763706","type":"night_activity","category":"hospital","name":"뱃살닷컴","source":"openstreetmap","nightTier":"unknown","nightScore":0.15,"confidence":0.3,"nightOpen22":false,"nightOpen00":false,"nightOpen02":false},"geometry":{"type":"Point","coordinates":[126.886069,35.151812]}},{"type":"Feature","properties":{"id":"osm-n368764062","type":"night_activity","category":"hospital","name":"누리과","source":"openstreetmap","nightTier":"unknown","nightScore":0.15,"confidence":0.3,"nightOpen22":false,"nightOpen00":false,"nightOpen02":false},"geometry":{"type":"Point","coordinates":[126.910698,35.130337]}},{"type":"Feature","properties":{"id":"osm-n368764944","type":"night_activity","category":"hospital","name":"다나의원","source":"openstreetmap","nightTier":"unknown","nightScore":0.15,"confidence":0.3,"nightOpen22":false,"nightOpen00":false,"nightOpen02":false},"geometry":{"type":"Point","coordinates":[126.918373,35.128807]}},{"type":"Feature","properties":{"id":"osm-n368765054","type":"night_activity","category":"hospital","name":"한양재활의학과의원","source":"openstreetmap","nightTier":"unknown","nightScore":0.15,"confidence":0.3,"nightOpen22":false,"nightOpen00":false,"nightOpen02":false},"geometry":{"type":"Point","coordinates":[126.92246,35.185471]}},{"type":"Feature","properties":{"id":"osm-n368765352","type":"night_activity","category":"hospital","name":"장두익치과의원","source":"openstreetmap","nightTier":"unknown","nightScore":0.15,"confidence":0.3,"nightOpen22":false,"nightOpen00":false,"nightOpen02":false},"geometry":{"type":"Point","coordinates":[126.869262,35.145307]}},{"type":"Feature","properties":{"id":"osm-n368765760","type":"night_activity","category":"hospital","name":"미래연합재활의학과의원","source":"openstreetmap","nightTier":"unknown","nightScore":0.15,"confidence":0.3,"nightOpen22":false,"nightOpen00":false,"nightOpen02":false},"geometry":{"type":"Point","coordinates":[126.928292,35.161583]}},{"type":"Feature","properties":{"id":"osm-n368765813","type":"night_activity","category":"hospital","name":"EZ","source":"openstreetmap","nightTier":"unknown","nightScore":0.15,"confidence":0.3,"nightOpen22":false,"nightOpen00":false,"nightOpen02":false},"geometry":{"type":"Point","coordinates":[126.890248,35.155652]}},{"type":"Feature","properties":{"id":"osm-n368766797","type":"night_activity","category":"hospital","name":"한빛재활의학과의원","source":"openstreetmap","nightTier":"unknown","nightScore":0.15,"confidence":0.3,"nightOpen22":false,"nightOpen00":false,"nightOpen02":false},"geometry":{"type":"Point","coordinates":[126.911288,35.133477]}},{"type":"Feature","properties":{"id":"osm-n368766816","type":"night_activity","category":"hospital","name":"강재활의학과의원","source":"openstreetmap","nightTier":"unknown","nightScore":0.15,"confidence":0.3,"nightOpen22":false,"nightOpen00":false,"nightOpen02":false},"geometry":{"type":"Point","coordinates":[126.935854,35.161503]}},{"type":"Feature","properties":{"id":"osm-n368766826","type":"night_activity","category":"hospital","name":"장의수재활의학과","source":"openstreetmap","nightTier":"unknown","nightScore":0.15,"confidence":0.3,"nightOpen22":false,"nightOpen00":false,"nightOpen02":false},"geometry":{"type":"Point","coordinates":[126.881099,35.175677]}},{"type":"Feature","properties":{"id":"osm-n368767132","type":"night_activity","category":"hospital","name":"건강의원","source":"openstreetmap","nightTier":"unknown","nightScore":0.15,"confidence":0.3,"nightOpen22":false,"nightOpen00":false,"nightOpen02":false},"geometry":{"type":"Point","coordinates":[126.931169,35.152242]}},{"type":"Feature","properties":{"id":"osm-n368767163","type":"night_activity","category":"hospital","name":"장내과의원","source":"openstreetmap","nightTier":"unknown","nightScore":0.15,"confidence":0.3,"nightOpen22":false,"nightOpen00":false,"nightOpen02":false},"geometry":{"type":"Point","coordinates":[126.897909,35.128776]}},{"type":"Feature","properties":{"id":"osm-n368767169","type":"night_activity","category":"hospital","name":"(사단)장애우사랑운동본부참사랑의원 (( Sadan ) Jangaeusarangundongbonbuchamsarang Clinic)","source":"openstreetmap","nightTier":"unknown","nightScore":0.15,"confidence":0.3,"nightOpen22":false,"nightOpen00":false,"nightOpen02":false},"geometry":{"type":"Point","coordinates":[126.903829,35.146391]}},{"type":"Feature","properties":{"id":"osm-n368767245","type":"night_activity","category":"hospital","name":"동림가정의원","source":"openstreetmap","nightTier":"unknown","nightScore":0.15,"confidence":0.3,"nightOpen22":false,"nightOpen00":false,"nightOpen02":false},"geometry":{"type":"Point","coordinates":[126.86584,35.187706]}},{"type":"Feature","properties":{"id":"osm-n368767251","type":"night_activity","category":"hospital","name":"조상구외과","source":"openstreetmap","nightTier":"unknown","nightScore":0.15,"confidence":0.3,"nightOpen22":false,"nightOpen00":false,"nightOpen02":false},"geometry":{"type":"Point","coordinates":[126.91611,35.1452]}},{"type":"Feature","properties":{"id":"osm-n368767329","type":"night_activity","category":"hospital","name":"준이비인후과","source":"openstreetmap","nightTier":"unknown","nightScore":0.15,"confidence":0.3,"nightOpen22":false,"nightOpen00":false,"nightOpen02":false},"geometry":{"type":"Point","coordinates":[126.935388,35.16124]}},{"type":"Feature","properties":{"id":"osm-n368767345","type":"night_activity","category":"hospital","name":"진제통의원","source":"openstreetmap","nightTier":"unknown","nightScore":0.15,"confidence":0.3,"nightOpen22":false,"nightOpen00":false,"nightOpen02":false},"geometry":{"type":"Point","coordinates":[126.925627,35.173901]}},{"type":"Feature","properties":{"id":"osm-n368767354","type":"night_activity","category":"hospital","name":"마음마취통증의학과의원","source":"openstreetmap","nightTier":"unknown","nightScore":0.15,"confidence":0.3,"nightOpen22":false,"nightOpen00":false,"nightOpen02":false},"geometry":{"type":"Point","coordinates":[126.912683,35.173046]}},{"type":"Feature","properties":{"id":"osm-n368839680","type":"night_activity","category":"hospital","name":"우암병원","source":"openstreetmap","nightTier":"unknown","nightScore":0.15,"confidence":0.3,"nightOpen22":false,"nightOpen00":false,"nightOpen02":false},"geometry":{"type":"Point","coordinates":[126.93297,35.183314]}},{"type":"Feature","properties":{"id":"osm-n368948835","type":"night_activity","category":"convenience_store","name":"24편의점","source":"openstreetmap","nightTier":"unknown","nightScore":0.15,"confidence":0.3,"nightOpen22":false,"nightOpen00":false,"nightOpen02":false},"geometry":{"type":"Point","coordinates":[126.912752,35.148049]}},{"type":"Feature","properties":{"id":"osm-n368948846","type":"night_activity","category":"convenience_store","name":"CU","source":"openstreetmap","nightTier":"unknown","nightScore":0.15,"confidence":0.3,"nightOpen22":false,"nightOpen00":false,"nightOpen02":false},"geometry":{"type":"Point","coordinates":[126.924099,35.14403]}},{"type":"Feature","properties":{"id":"osm-n368948859","type":"night_activity","category":"convenience_store","name":"채널큐24시편의점","source":"openstreetmap","nightTier":"unknown","nightScore":0.15,"confidence":0.3,"nightOpen22":false,"nightOpen00":false,"nightOpen02":false},"geometry":{"type":"Point","coordinates":[126.873755,35.204873]}},{"type":"Feature","properties":{"id":"osm-n368955445","type":"night_activity","category":"restaurant","name":"늘푸른회집","source":"openstreetmap","nightTier":"unknown","nightScore":0.15,"confidence":0.3,"nightOpen22":false,"nightOpen00":false,"nightOpen02":false},"geometry":{"type":"Point","coordinates":[126.880947,35.174389]}},{"type":"Feature","properties":{"id":"osm-n368961155","type":"night_activity","category":"restaurant","name":"득량만횟집","source":"openstreetmap","nightTier":"unknown","nightScore":0.15,"confidence":0.3,"nightOpen22":false,"nightOpen00":false,"nightOpen02":false},"geometry":{"type":"Point","coordinates":[126.920023,35.1734]}},{"type":"Feature","properties":{"id":"osm-n368961159","type":"night_activity","category":"restaurant","name":"바다친구횟집","source":"openstreetmap","nightTier":"unknown","nightScore":0.15,"confidence":0.3,"nightOpen22":false,"nightOpen00":false,"nightOpen02":false},"geometry":{"type":"Point","coordinates":[126.928599,35.182189]}},{"type":"Feature","properties":{"id":"osm-n368961164","type":"night_activity","category":"restaurant","name":"사계절 횟집","source":"openstreetmap","nightTier":"unknown","nightScore":0.15,"confidence":0.3,"nightOpen22":false,"nightOpen00":false,"nightOpen02":false},"geometry":{"type":"Point","coordinates":[126.933031,35.128162]}},{"type":"Feature","properties":{"id":"osm-n368961167","type":"night_activity","category":"restaurant","name":"푸른바다횟집","source":"openstreetmap","nightTier":"unknown","nightScore":0.15,"confidence":0.3,"nightOpen22":false,"nightOpen00":false,"nightOpen02":false},"geometry":{"type":"Point","coordinates":[126.895932,35.134609]}},{"type":"Feature","properties":{"id":"osm-n368961185","type":"night_activity","category":"restaurant","name":"해남땅끝횟집","source":"openstreetmap","nightTier":"unknown","nightScore":0.15,"confidence":0.3,"nightOpen22":false,"nightOpen00":false,"nightOpen02":false},"geometry":{"type":"Point","coordinates":[126.895006,35.179611]}},{"type":"Feature","properties":{"id":"osm-n368961189","type":"night_activity","category":"restaurant","name":"남해바다횟집","source":"openstreetmap","nightTier":"unknown","nightScore":0.15,"confidence":0.3,"nightOpen22":false,"nightOpen00":false,"nightOpen02":false},"geometry":{"type":"Point","coordinates":[126.913836,35.179646]}},{"type":"Feature","properties":{"id":"osm-n368961192","type":"night_activity","category":"restaurant","name":"완도바다횟집","source":"openstreetmap","nightTier":"unknown","nightScore":0.15,"confidence":0.3,"nightOpen22":false,"nightOpen00":false,"nightOpen02":false},"geometry":{"type":"Point","coordinates":[126.897478,35.113873]}},{"type":"Feature","properties":{"id":"osm-n368961196","type":"night_activity","category":"restaurant","name":"자연산활어횟집","source":"openstreetmap","nightTier":"unknown","nightScore":0.15,"confidence":0.3,"nightOpen22":false,"nightOpen00":false,"nightOpen02":false},"geometry":{"type":"Point","coordinates":[126.932276,35.180991]}},{"type":"Feature","properties":{"id":"osm-n368961198","type":"night_activity","category":"restaurant","name":"완도자연산횟집","source":"openstreetmap","nightTier":"unknown","nightScore":0.15,"confidence":0.3,"nightOpen22":false,"nightOpen00":false,"nightOpen02":false},"geometry":{"type":"Point","coordinates":[126.933453,35.163945]}},{"type":"Feature","properties":{"id":"osm-n368961200","type":"night_activity","category":"restaurant","name":"무안앞바다횟집","source":"openstreetmap","nightTier":"unknown","nightScore":0.15,"confidence":0.3,"nightOpen22":false,"nightOpen00":false,"nightOpen02":false},"geometry":{"type":"Point","coordinates":[126.914356,35.177713]}},{"type":"Feature","properties":{"id":"osm-n368961212","type":"night_activity","category":"restaurant","name":"바다횟집","source":"openstreetmap","nightTier":"unknown","nightScore":0.15,"confidence":0.3,"nightOpen22":false,"nightOpen00":false,"nightOpen02":false},"geometry":{"type":"Point","coordinates":[126.896573,35.136688]}},{"type":"Feature","properties":{"id":"osm-n1212813910","type":"night_activity","category":"supermarket","name":"화니마트","source":"openstreetmap","nightTier":"unknown","nightScore":0.15,"confidence":0.3,"nightOpen22":false,"nightOpen00":false,"nightOpen02":false},"geometry":{"type":"Point","coordinates":[126.930886,35.153881]}},{"type":"Feature","properties":{"id":"osm-n1212814432","type":"night_activity","category":"supermarket","name":"화니마트","source":"openstreetmap","nightTier":"unknown","nightScore":0.15,"confidence":0.3,"nightOpen22":false,"nightOpen00":false,"nightOpen02":false},"geometry":{"type":"Point","coordinates":[126.930804,35.153895]}},{"type":"Feature","properties":{"id":"osm-n1223809525","type":"night_activity","category":"pharmacy","name":"명진약국","source":"openstreetmap","nightTier":"unknown","nightScore":0.15,"confidence":0.3,"nightOpen22":false,"nightOpen00":false,"nightOpen02":false},"geometry":{"type":"Point","coordinates":[126.896604,35.109227]}},{"type":"Feature","properties":{"id":"osm-n1223810248","type":"night_activity","category":"supermarket","name":"진마트","source":"openstreetmap","nightTier":"unknown","nightScore":0.15,"confidence":0.3,"nightOpen22":false,"nightOpen00":false,"nightOpen02":false},"geometry":{"type":"Point","coordinates":[126.896569,35.109318]}},{"type":"Feature","properties":{"id":"osm-n1223810514","type":"night_activity","category":"supermarket","name":"마운틴마트","source":"openstreetmap","nightTier":"unknown","nightScore":0.15,"confidence":0.3,"nightOpen22":false,"nightOpen00":false,"nightOpen02":false},"geometry":{"type":"Point","coordinates":[126.896497,35.109722]}},{"type":"Feature","properties":{"id":"osm-n1223810673","type":"night_activity","category":"supermarket","name":"지엠마트 남부점","source":"openstreetmap","nightTier":"unknown","nightScore":0.15,"confidence":0.3,"nightOpen22":false,"nightOpen00":false,"nightOpen02":false},"geometry":{"type":"Point","coordinates":[126.896355,35.109963]}},{"type":"Feature","properties":{"id":"osm-n1224865188","type":"night_activity","category":"cafe","name":"케냐에스프레소","source":"openstreetmap","nightTier":"unknown","nightScore":0.15,"confidence":0.3,"nightOpen22":false,"nightOpen00":false,"nightOpen02":false},"geometry":{"type":"Point","coordinates":[126.896651,35.110295]}},{"type":"Feature","properties":{"id":"osm-n2373193155","type":"night_activity","category":"supermarket","name":"영암마트용두점","source":"openstreetmap","nightTier":"unknown","nightScore":0.15,"confidence":0.3,"nightOpen22":false,"nightOpen00":false,"nightOpen02":false},"geometry":{"type":"Point","coordinates":[126.870608,35.212148]}},{"type":"Feature","properties":{"id":"osm-n2381972773","type":"night_activity","category":"hospital","name":"미래아동병원","source":"openstreetmap","nightTier":"unknown","nightScore":0.15,"confidence":0.3,"nightOpen22":false,"nightOpen00":false,"nightOpen02":false},"geometry":{"type":"Point","coordinates":[126.910705,35.133804]}},{"type":"Feature","properties":{"id":"osm-n2393856889","type":"night_activity","category":"fast_food","name":"롯데리아","source":"openstreetmap","nightTier":"unknown","nightScore":0.15,"confidence":0.3,"nightOpen22":false,"nightOpen00":false,"nightOpen02":false},"geometry":{"type":"Point","coordinates":[126.876723,35.132863]}},{"type":"Feature","properties":{"id":"osm-n2822284246","type":"night_activity","category":"cafe","name":"The Jane","source":"openstreetmap","nightTier":"unknown","nightScore":0.15,"confidence":0.3,"nightOpen22":false,"nightOpen00":false,"nightOpen02":false},"geometry":{"type":"Point","coordinates":[126.929089,35.131865]}},{"type":"Feature","properties":{"id":"osm-n2822288368","type":"night_activity","category":"restaurant","name":"모노바스중식당","source":"openstreetmap","nightTier":"unknown","nightScore":0.15,"confidence":0.3,"nightOpen22":false,"nightOpen00":false,"nightOpen02":false},"geometry":{"type":"Point","coordinates":[126.917887,35.123022]}},{"type":"Feature","properties":{"id":"osm-n2939119381","type":"night_activity","category":"convenience_store","name":"CU","source":"openstreetmap","nightTier":"unknown","nightScore":0.15,"confidence":0.3,"nightOpen22":false,"nightOpen00":false,"nightOpen02":false},"geometry":{"type":"Point","coordinates":[126.904235,35.180728]}},{"type":"Feature","properties":{"id":"osm-n2939119382","type":"night_activity","category":"convenience_store","name":"이마트24","openingHours":"24/7","source":"openstreetmap","nightTier":"24h","nightScore":1,"confidence":0.9,"nightOpen22":true,"nightOpen00":true,"nightOpen02":true},"geometry":{"type":"Point","coordinates":[126.909276,35.179518]}},{"type":"Feature","properties":{"id":"osm-n3042618805","type":"night_activity","category":"restaurant","name":"썬더치킨","source":"openstreetmap","nightTier":"unknown","nightScore":0.15,"confidence":0.3,"nightOpen22":false,"nightOpen00":false,"nightOpen02":false},"geometry":{"type":"Point","coordinates":[126.926669,35.173552]}},{"type":"Feature","properties":{"id":"osm-n3739717813","type":"night_activity","category":"supermarket","name":"그린유통/수산(종합식자재)","openingHours":"Mo-Sa 05:30-18:00; PH off","source":"openstreetmap","nightTier":"day","nightScore":0,"confidence":0.8,"nightOpen22":false,"nightOpen00":false,"nightOpen02":false},"geometry":{"type":"Point","coordinates":[126.93598,35.182821]}},{"type":"Feature","properties":{"id":"osm-n4395815201","type":"night_activity","category":"restaurant","name":"restaurant","source":"openstreetmap","nightTier":"unknown","nightScore":0.15,"confidence":0.3,"nightOpen22":false,"nightOpen00":false,"nightOpen02":false},"geometry":{"type":"Point","coordinates":[126.916237,35.146354]}},{"type":"Feature","properties":{"id":"osm-n4409756699","type":"night_activity","category":"hospital","name":"자민한방병원","source":"openstreetmap","nightTier":"unknown","nightScore":0.15,"confidence":0.3,"nightOpen22":false,"nightOpen00":false,"nightOpen02":false},"geometry":{"type":"Point","coordinates":[126.865422,35.20744]}},{"type":"Feature","properties":{"id":"osm-n4457785989","type":"night_activity","category":"cafe","name":"전망대","source":"openstreetmap","nightTier":"unknown","nightScore":0.15,"confidence":0.3,"nightOpen22":false,"nightOpen00":false,"nightOpen02":false},"geometry":{"type":"Point","coordinates":[126.943013,35.158746]}},{"type":"Feature","properties":{"id":"osm-n4457862689","type":"night_activity","category":"restaurant","name":"쭉심","openingHours":"Mo-Su 00:00-02:00,16:00-24:00","source":"openstreetmap","nightTier":"00","nightScore":0.75,"confidence":0.8,"nightOpen22":true,"nightOpen00":true,"nightOpen02":false},"geometry":{"type":"Point","coordinates":[126.914433,35.175376]}},{"type":"Feature","properties":{"id":"osm-n4458646289","type":"night_activity","category":"restaurant","name":"맛3","source":"openstreetmap","nightTier":"unknown","nightScore":0.15,"confidence":0.3,"nightOpen22":false,"nightOpen00":false,"nightOpen02":false},"geometry":{"type":"Point","coordinates":[126.90371,35.180794]}},{"type":"Feature","properties":{"id":"osm-n4458991391","type":"night_activity","category":"restaurant","name":"애슐리퀸즈 광주유스퀘어점","source":"openstreetmap","nightTier":"unknown","nightScore":0.15,"confidence":0.3,"nightOpen22":false,"nightOpen00":false,"nightOpen02":false},"geometry":{"type":"Point","coordinates":[126.879465,35.16034]}},{"type":"Feature","properties":{"id":"osm-n4459877792","type":"night_activity","category":"restaurant","name":"restaurant","source":"openstreetmap","nightTier":"unknown","nightScore":0.15,"confidence":0.3,"nightOpen22":false,"nightOpen00":false,"nightOpen02":false},"geometry":{"type":"Point","coordinates":[126.905477,35.161463]}},{"type":"Feature","properties":{"id":"osm-n4475055373","type":"night_activity","category":"fast_food","name":"던킨도넛츠","source":"openstreetmap","nightTier":"unknown","nightScore":0.15,"confidence":0.3,"nightOpen22":false,"nightOpen00":false,"nightOpen02":false},"geometry":{"type":"Point","coordinates":[126.917265,35.147422]}},{"type":"Feature","properties":{"id":"osm-n4475055374","type":"night_activity","category":"fast_food","name":"KFC","source":"openstreetmap","nightTier":"unknown","nightScore":0.15,"confidence":0.3,"nightOpen22":false,"nightOpen00":false,"nightOpen02":false},"geometry":{"type":"Point","coordinates":[126.917132,35.147287]}},{"type":"Feature","properties":{"id":"osm-n4475055377","type":"night_activity","category":"cafe","name":"드롭탑","source":"openstreetmap","nightTier":"unknown","nightScore":0.15,"confidence":0.3,"nightOpen22":false,"nightOpen00":false,"nightOpen02":false},"geometry":{"type":"Point","coordinates":[126.917787,35.146584]}},{"type":"Feature","properties":{"id":"osm-n4475055378","type":"night_activity","category":"fast_food","name":"버거킹 충장점","source":"openstreetmap","nightTier":"unknown","nightScore":0.15,"confidence":0.3,"nightOpen22":false,"nightOpen00":false,"nightOpen02":false},"geometry":{"type":"Point","coordinates":[126.916982,35.147134]}},{"type":"Feature","properties":{"id":"osm-n4475060006","type":"night_activity","category":"fast_food","name":"롯데리아","source":"openstreetmap","nightTier":"unknown","nightScore":0.15,"confidence":0.3,"nightOpen22":false,"nightOpen00":false,"nightOpen02":false},"geometry":{"type":"Point","coordinates":[126.918752,35.147226]}},{"type":"Feature","properties":{"id":"osm-n4475060012","type":"night_activity","category":"cafe","name":"궁전제과","source":"openstreetmap","nightTier":"unknown","nightScore":0.15,"confidence":0.3,"nightOpen22":false,"nightOpen00":false,"nightOpen02":false},"geometry":{"type":"Point","coordinates":[126.917573,35.147748]}},{"type":"Feature","properties":{"id":"osm-n4475060025","type":"night_activity","category":"cafe","name":"스타벅스","source":"openstreetmap","nightTier":"unknown","nightScore":0.15,"confidence":0.3,"nightOpen22":false,"nightOpen00":false,"nightOpen02":false},"geometry":{"type":"Point","coordinates":[126.917597,35.147993]}},{"type":"Feature","properties":{"id":"osm-n4490658875","type":"night_activity","category":"fast_food","name":"롯데리아","source":"openstreetmap","nightTier":"unknown","nightScore":0.15,"confidence":0.3,"nightOpen22":false,"nightOpen00":false,"nightOpen02":false},"geometry":{"type":"Point","coordinates":[126.916121,35.148765]}},{"type":"Feature","properties":{"id":"osm-n4505802588","type":"night_activity","category":"restaurant","name":"홍일점","source":"openstreetmap","nightTier":"unknown","nightScore":0.15,"confidence":0.3,"nightOpen22":false,"nightOpen00":false,"nightOpen02":false},"geometry":{"type":"Point","coordinates":[126.91523,35.146723]}},{"type":"Feature","properties":{"id":"osm-n4505813291","type":"night_activity","category":"restaurant","name":"평화식당","source":"openstreetmap","nightTier":"unknown","nightScore":0.15,"confidence":0.3,"nightOpen22":false,"nightOpen00":false,"nightOpen02":false},"geometry":{"type":"Point","coordinates":[126.915322,35.146119]}},{"type":"Feature","properties":{"id":"osm-n4628236956","type":"night_activity","category":"convenience_store","name":"GS25","source":"openstreetmap","nightTier":"unknown","nightScore":0.15,"confidence":0.3,"nightOpen22":false,"nightOpen00":false,"nightOpen02":false},"geometry":{"type":"Point","coordinates":[126.915756,35.177879]}},{"type":"Feature","properties":{"id":"osm-n4628236957","type":"night_activity","category":"cafe","name":"스타벅스","openingHours":"07:00-23:00","source":"openstreetmap","nightTier":"22","nightScore":0.5,"confidence":0.8,"nightOpen22":true,"nightOpen00":false,"nightOpen02":false},"geometry":{"type":"Point","coordinates":[126.912472,35.177216]}},{"type":"Feature","properties":{"id":"osm-n4628236958","type":"night_activity","category":"cafe","name":"공차","source":"openstreetmap","nightTier":"unknown","nightScore":0.15,"confidence":0.3,"nightOpen22":false,"nightOpen00":false,"nightOpen02":false},"geometry":{"type":"Point","coordinates":[126.912515,35.176995]}},{"type":"Feature","properties":{"id":"osm-n4631358286","type":"night_activity","category":"convenience_store","name":"월드마트","openingHours":"09:00-24:00","source":"openstreetmap","nightTier":"22","nightScore":0.5,"confidence":0.8,"nightOpen22":true,"nightOpen00":false,"nightOpen02":false},"geometry":{"type":"Point","coordinates":[126.912925,35.182136]}},{"type":"Feature","properties":{"id":"osm-n4631358287","type":"night_activity","category":"cafe","name":"사월의레나","openingHours":"11:00-23:00","source":"openstreetmap","nightTier":"22","nightScore":0.5,"confidence":0.8,"nightOpen22":true,"nightOpen00":false,"nightOpen02":false},"geometry":{"type":"Point","coordinates":[126.912387,35.181175]}},{"type":"Feature","properties":{"id":"osm-n4631845737","type":"night_activity","category":"cafe","name":"엔제리너스","source":"openstreetmap","nightTier":"unknown","nightScore":0.15,"confidence":0.3,"nightOpen22":false,"nightOpen00":false,"nightOpen02":false},"geometry":{"type":"Point","coordinates":[126.931882,35.142588]}},{"type":"Feature","properties":{"id":"osm-n4631998851","type":"night_activity","category":"hospital","name":"치과병원","source":"openstreetmap","nightTier":"unknown","nightScore":0.15,"confidence":0.3,"nightOpen22":false,"nightOpen00":false,"nightOpen02":false},"geometry":{"type":"Point","coordinates":[126.923482,35.144776]}},{"type":"Feature","properties":{"id":"osm-n4634045108","type":"night_activity","category":"convenience_store","name":"CU 삼각점","source":"openstreetmap","nightTier":"unknown","nightScore":0.15,"confidence":0.3,"nightOpen22":false,"nightOpen00":false,"nightOpen02":false},"geometry":{"type":"Point","coordinates":[126.898769,35.195954]}},{"type":"Feature","properties":{"id":"osm-n4634045114","type":"night_activity","category":"cafe","name":"컵오브커피","source":"openstreetmap","nightTier":"unknown","nightScore":0.15,"confidence":0.3,"nightOpen22":false,"nightOpen00":false,"nightOpen02":false},"geometry":{"type":"Point","coordinates":[126.899479,35.196001]}},{"type":"Feature","properties":{"id":"osm-n4634045115","type":"night_activity","category":"hospital","name":"좋은가정의학과의원","source":"openstreetmap","nightTier":"unknown","nightScore":0.15,"confidence":0.3,"nightOpen22":false,"nightOpen00":false,"nightOpen02":false},"geometry":{"type":"Point","coordinates":[126.899282,35.195934]}},{"type":"Feature","properties":{"id":"osm-n4634045117","type":"night_activity","category":"pharmacy","name":"건강약국","source":"openstreetmap","nightTier":"unknown","nightScore":0.15,"confidence":0.3,"nightOpen22":false,"nightOpen00":false,"nightOpen02":false},"geometry":{"type":"Point","coordinates":[126.899049,35.195954]}},{"type":"Feature","properties":{"id":"osm-n4634056235","type":"night_activity","category":"convenience_store","name":"GS25","source":"openstreetmap","nightTier":"unknown","nightScore":0.15,"confidence":0.3,"nightOpen22":false,"nightOpen00":false,"nightOpen02":false},"geometry":{"type":"Point","coordinates":[126.901711,35.199386]}},{"type":"Feature","properties":{"id":"osm-n4634056236","type":"night_activity","category":"convenience_store","name":"CU","source":"openstreetmap","nightTier":"unknown","nightScore":0.15,"confidence":0.3,"nightOpen22":false,"nightOpen00":false,"nightOpen02":false},"geometry":{"type":"Point","coordinates":[126.902923,35.198684]}},{"type":"Feature","properties":{"id":"osm-n4634056237","type":"night_activity","category":"restaurant","name":"사랑채","source":"openstreetmap","nightTier":"unknown","nightScore":0.15,"confidence":0.3,"nightOpen22":false,"nightOpen00":false,"nightOpen02":false},"geometry":{"type":"Point","coordinates":[126.901781,35.198873]}},{"type":"Feature","properties":{"id":"osm-n4634553884","type":"night_activity","category":"restaurant","name":"한우 식육식당","source":"openstreetmap","nightTier":"unknown","nightScore":0.15,"confidence":0.3,"nightOpen22":false,"nightOpen00":false,"nightOpen02":false},"geometry":{"type":"Point","coordinates":[126.899266,35.170853]}},{"type":"Feature","properties":{"id":"osm-n4634555978","type":"night_activity","category":"cafe","name":"카페","source":"openstreetmap","nightTier":"unknown","nightScore":0.15,"confidence":0.3,"nightOpen22":false,"nightOpen00":false,"nightOpen02":false},"geometry":{"type":"Point","coordinates":[126.899114,35.170685]}},{"type":"Feature","properties":{"id":"osm-n4634581077","type":"night_activity","category":"restaurant","name":"위드미","source":"openstreetmap","nightTier":"unknown","nightScore":0.15,"confidence":0.3,"nightOpen22":false,"nightOpen00":false,"nightOpen02":false},"geometry":{"type":"Point","coordinates":[126.899879,35.171492]}},{"type":"Feature","properties":{"id":"osm-n4634585369","type":"night_activity","category":"cafe","name":"카페","source":"openstreetmap","nightTier":"unknown","nightScore":0.15,"confidence":0.3,"nightOpen22":false,"nightOpen00":false,"nightOpen02":false},"geometry":{"type":"Point","coordinates":[126.89881,35.170564]}},{"type":"Feature","properties":{"id":"osm-n4641484189","type":"night_activity","category":"hospital","name":"대한적십자사 광주전남혈액원","source":"openstreetmap","nightTier":"unknown","nightScore":0.15,"confidence":0.3,"nightOpen22":false,"nightOpen00":false,"nightOpen02":false},"geometry":{"type":"Point","coordinates":[126.880532,35.104165]}},{"type":"Feature","properties":{"id":"osm-n4641753916","type":"night_activity","category":"supermarket","name":"벽산블루밍마트","source":"openstreetmap","nightTier":"unknown","nightScore":0.15,"confidence":0.3,"nightOpen22":false,"nightOpen00":false,"nightOpen02":false},"geometry":{"type":"Point","coordinates":[126.879898,35.175053]}},{"type":"Feature","properties":{"id":"osm-n4641833032","type":"night_activity","category":"convenience_store","name":"미니스톱 문예점","source":"openstreetmap","nightTier":"unknown","nightScore":0.15,"confidence":0.3,"nightOpen22":false,"nightOpen00":false,"nightOpen02":false},"geometry":{"type":"Point","coordinates":[126.880474,35.175559]}},{"type":"Feature","properties":{"id":"osm-n4643229652","type":"night_activity","category":"convenience_store","name":"GS25","source":"openstreetmap","nightTier":"unknown","nightScore":0.15,"confidence":0.3,"nightOpen22":false,"nightOpen00":false,"nightOpen02":false},"geometry":{"type":"Point","coordinates":[126.871352,35.146566]}},{"type":"Feature","properties":{"id":"osm-n4643527242","type":"night_activity","category":"convenience_store","name":"CU","source":"openstreetmap","nightTier":"unknown","nightScore":0.15,"confidence":0.3,"nightOpen22":false,"nightOpen00":false,"nightOpen02":false},"geometry":{"type":"Point","coordinates":[126.901321,35.144589]}},{"type":"Feature","properties":{"id":"osm-n4650744595","type":"night_activity","category":"convenience_store","name":"세븐일레븐","source":"openstreetmap","nightTier":"unknown","nightScore":0.15,"confidence":0.3,"nightOpen22":false,"nightOpen00":false,"nightOpen02":false},"geometry":{"type":"Point","coordinates":[126.882762,35.174047]}},{"type":"Feature","properties":{"id":"osm-n4650744596","type":"night_activity","category":"convenience_store","name":"미니스톱","source":"openstreetmap","nightTier":"unknown","nightScore":0.15,"confidence":0.3,"nightOpen22":false,"nightOpen00":false,"nightOpen02":false},"geometry":{"type":"Point","coordinates":[126.881338,35.174452]}},{"type":"Feature","properties":{"id":"osm-n4650744599","type":"night_activity","category":"convenience_store","name":"세븐일레븐","source":"openstreetmap","nightTier":"unknown","nightScore":0.15,"confidence":0.3,"nightOpen22":false,"nightOpen00":false,"nightOpen02":false},"geometry":{"type":"Point","coordinates":[126.879575,35.173231]}},{"type":"Feature","properties":{"id":"osm-n4650908848","type":"night_activity","category":"fast_food","name":"맥도날드","openingHours":"24/7","source":"openstreetmap","nightTier":"24h","nightScore":1,"confidence":0.9,"nightOpen22":true,"nightOpen00":true,"nightOpen02":true},"geometry":{"type":"Point","coordinates":[126.912285,35.179474]}},{"type":"Feature","properties":{"id":"osm-n4650962806","type":"night_activity","category":"fast_food","name":"피자헛 용봉점","source":"openstreetmap","nightTier":"unknown","nightScore":0.15,"confidence":0.3,"nightOpen22":false,"nightOpen00":false,"nightOpen02":false},"geometry":{"type":"Point","coordinates":[126.898172,35.182101]}},{"type":"Feature","properties":{"id":"osm-n4655232797","type":"night_activity","category":"supermarket","name":"S마트","source":"openstreetmap","nightTier":"unknown","nightScore":0.15,"confidence":0.3,"nightOpen22":false,"nightOpen00":false,"nightOpen02":false},"geometry":{"type":"Point","coordinates":[126.881893,35.100377]}},{"type":"Feature","properties":{"id":"osm-n4664650140","type":"night_activity","category":"convenience_store","name":"CU","source":"openstreetmap","nightTier":"unknown","nightScore":0.15,"confidence":0.3,"nightOpen22":false,"nightOpen00":false,"nightOpen02":false},"geometry":{"type":"Point","coordinates":[126.86047,35.14869]}},{"type":"Feature","properties":{"id":"osm-n4666808356","type":"night_activity","category":"restaurant","name":"서석정","source":"openstreetmap","nightTier":"unknown","nightScore":0.15,"confidence":0.3,"nightOpen22":false,"nightOpen00":false,"nightOpen02":false},"geometry":{"type":"Point","coordinates":[126.901224,35.195301]}},{"type":"Feature","properties":{"id":"osm-n4666808359","type":"night_activity","category":"convenience_store","name":"세븐일레븐 광주삼각그린점","source":"openstreetmap","nightTier":"unknown","nightScore":0.15,"confidence":0.3,"nightOpen22":false,"nightOpen00":false,"nightOpen02":false},"geometry":{"type":"Point","coordinates":[126.900189,35.195985]}},{"type":"Feature","properties":{"id":"osm-n4676168184","type":"night_activity","category":"cafe","name":"아필코","source":"openstreetmap","nightTier":"unknown","nightScore":0.15,"confidence":0.3,"nightOpen22":false,"nightOpen00":false,"nightOpen02":false},"geometry":{"type":"Point","coordinates":[126.917223,35.121816]}},{"type":"Feature","properties":{"id":"osm-n4676267357","type":"night_activity","category":"convenience_store","name":"GS25","source":"openstreetmap","nightTier":"unknown","nightScore":0.15,"confidence":0.3,"nightOpen22":false,"nightOpen00":false,"nightOpen02":false},"geometry":{"type":"Point","coordinates":[126.912858,35.123419]}},{"type":"Feature","properties":{"id":"osm-n4676267358","type":"night_activity","category":"convenience_store","name":"GS25","source":"openstreetmap","nightTier":"unknown","nightScore":0.15,"confidence":0.3,"nightOpen22":false,"nightOpen00":false,"nightOpen02":false},"geometry":{"type":"Point","coordinates":[126.917355,35.122681]}},{"type":"Feature","properties":{"id":"osm-n4676267359","type":"night_activity","category":"convenience_store","name":"GS25","source":"openstreetmap","nightTier":"unknown","nightScore":0.15,"confidence":0.3,"nightOpen22":false,"nightOpen00":false,"nightOpen02":false},"geometry":{"type":"Point","coordinates":[126.916286,35.12136]}},{"type":"Feature","properties":{"id":"osm-n4699528804","type":"night_activity","category":"pharmacy","name":"21세기 건강약국","source":"openstreetmap","nightTier":"unknown","nightScore":0.15,"confidence":0.3,"nightOpen22":false,"nightOpen00":false,"nightOpen02":false},"geometry":{"type":"Point","coordinates":[126.91582,35.179485]}},{"type":"Feature","properties":{"id":"osm-n4716621097","type":"night_activity","category":"convenience_store","name":"GS25 광주예가점","source":"openstreetmap","nightTier":"unknown","nightScore":0.15,"confidence":0.3,"nightOpen22":false,"nightOpen00":false,"nightOpen02":false},"geometry":{"type":"Point","coordinates":[126.890533,35.186188]}},{"type":"Feature","properties":{"id":"osm-n4774624141","type":"night_activity","category":"hospital","name":"동구보건소","source":"openstreetmap","nightTier":"unknown","nightScore":0.15,"confidence":0.3,"nightOpen22":false,"nightOpen00":false,"nightOpen02":false},"geometry":{"type":"Point","coordinates":[126.923012,35.145545]}},{"type":"Feature","properties":{"id":"osm-n4792773589","type":"night_activity","category":"cafe","name":"베스킨라벤스 염주점","source":"openstreetmap","nightTier":"unknown","nightScore":0.15,"confidence":0.3,"nightOpen22":false,"nightOpen00":false,"nightOpen02":false},"geometry":{"type":"Point","coordinates":[126.872965,35.145177]}},{"type":"Feature","properties":{"id":"osm-n4813334340","type":"night_activity","category":"hospital","name":"위생내과","source":"openstreetmap","nightTier":"unknown","nightScore":0.15,"confidence":0.3,"nightOpen22":false,"nightOpen00":false,"nightOpen02":false},"geometry":{"type":"Point","coordinates":[126.89981,35.131634]}},{"type":"Feature","properties":{"id":"osm-n4813334361","type":"night_activity","category":"fast_food","name":"도미노피자 광주남구점","source":"openstreetmap","nightTier":"unknown","nightScore":0.15,"confidence":0.3,"nightOpen22":false,"nightOpen00":false,"nightOpen02":false},"geometry":{"type":"Point","coordinates":[126.90186,35.1327]}},{"type":"Feature","properties":{"id":"osm-n4817679534","type":"night_activity","category":"convenience_store","name":"CU","source":"openstreetmap","nightTier":"unknown","nightScore":0.15,"confidence":0.3,"nightOpen22":false,"nightOpen00":false,"nightOpen02":false},"geometry":{"type":"Point","coordinates":[126.882156,35.127755]}},{"type":"Feature","properties":{"id":"osm-n4817679537","type":"night_activity","category":"convenience_store","name":"세븐일레븐","source":"openstreetmap","nightTier":"unknown","nightScore":0.15,"confidence":0.3,"nightOpen22":false,"nightOpen00":false,"nightOpen02":false},"geometry":{"type":"Point","coordinates":[126.884184,35.126496]}},{"type":"Feature","properties":{"id":"osm-n4819490671","type":"night_activity","category":"hospital","name":"광주고려병원","source":"openstreetmap","nightTier":"unknown","nightScore":0.15,"confidence":0.3,"nightOpen22":false,"nightOpen00":false,"nightOpen02":false},"geometry":{"type":"Point","coordinates":[126.919566,35.157613]}},{"type":"Feature","properties":{"id":"osm-n4819490672","type":"night_activity","category":"hospital","name":"계림요양병원","source":"openstreetmap","nightTier":"unknown","nightScore":0.15,"confidence":0.3,"nightOpen22":false,"nightOpen00":false,"nightOpen02":false},"geometry":{"type":"Point","coordinates":[126.919749,35.157902]}},{"type":"Feature","properties":{"id":"osm-n4821601844","type":"night_activity","category":"hospital","name":"동방의원","source":"openstreetmap","nightTier":"unknown","nightScore":0.15,"confidence":0.3,"nightOpen22":false,"nightOpen00":false,"nightOpen02":false},"geometry":{"type":"Point","coordinates":[126.936209,35.155161]}},{"type":"Feature","properties":{"id":"osm-n4867396825","type":"night_activity","category":"convenience_store","name":"GS25","source":"openstreetmap","nightTier":"unknown","nightScore":0.15,"confidence":0.3,"nightOpen22":false,"nightOpen00":false,"nightOpen02":false},"geometry":{"type":"Point","coordinates":[126.917169,35.175816]}},{"type":"Feature","properties":{"id":"osm-n4867463722","type":"night_activity","category":"convenience_store","name":"세븐일레븐","source":"openstreetmap","nightTier":"unknown","nightScore":0.15,"confidence":0.3,"nightOpen22":false,"nightOpen00":false,"nightOpen02":false},"geometry":{"type":"Point","coordinates":[126.912268,35.180694]}},{"type":"Feature","properties":{"id":"osm-n4867498422","type":"night_activity","category":"convenience_store","name":"세븐일레븐","source":"openstreetmap","nightTier":"unknown","nightScore":0.15,"confidence":0.3,"nightOpen22":false,"nightOpen00":false,"nightOpen02":false},"geometry":{"type":"Point","coordinates":[126.914364,35.176604]}},{"type":"Feature","properties":{"id":"osm-n4868860821","type":"night_activity","category":"convenience_store","name":"세븐일레븐","source":"openstreetmap","nightTier":"unknown","nightScore":0.15,"confidence":0.3,"nightOpen22":false,"nightOpen00":false,"nightOpen02":false},"geometry":{"type":"Point","coordinates":[126.906044,35.163081]}},{"type":"Feature","properties":{"id":"osm-n4871943321","type":"night_activity","category":"cafe","name":"cafe","source":"openstreetmap","nightTier":"unknown","nightScore":0.15,"confidence":0.3,"nightOpen22":false,"nightOpen00":false,"nightOpen02":false},"geometry":{"type":"Point","coordinates":[126.91867,35.150015]}},{"type":"Feature","properties":{"id":"osm-n4876639623","type":"night_activity","category":"restaurant","name":"라즈인도요리","source":"openstreetmap","nightTier":"unknown","nightScore":0.15,"confidence":0.3,"nightOpen22":false,"nightOpen00":false,"nightOpen02":false},"geometry":{"type":"Point","coordinates":[126.913183,35.174977]}},{"type":"Feature","properties":{"id":"osm-n4902028121","type":"night_activity","category":"hospital","name":"세종요양병원","source":"openstreetmap","nightTier":"unknown","nightScore":0.15,"confidence":0.3,"nightOpen22":false,"nightOpen00":false,"nightOpen02":false},"geometry":{"type":"Point","coordinates":[126.917336,35.142325]}},{"type":"Feature","properties":{"id":"osm-n4941308796","type":"night_activity","category":"fast_food","name":"롯데리아","source":"openstreetmap","nightTier":"unknown","nightScore":0.15,"confidence":0.3,"nightOpen22":false,"nightOpen00":false,"nightOpen02":false},"geometry":{"type":"Point","coordinates":[126.898536,35.204482]}},{"type":"Feature","properties":{"id":"osm-n5253204621","type":"night_activity","category":"fast_food","name":"롯데리아","source":"openstreetmap","nightTier":"unknown","nightScore":0.15,"confidence":0.3,"nightOpen22":false,"nightOpen00":false,"nightOpen02":false},"geometry":{"type":"Point","coordinates":[126.903067,35.142562]}},{"type":"Feature","properties":{"id":"osm-n5253204622","type":"night_activity","category":"convenience_store","name":"CU","source":"openstreetmap","nightTier":"unknown","nightScore":0.15,"confidence":0.3,"nightOpen22":false,"nightOpen00":false,"nightOpen02":false},"geometry":{"type":"Point","coordinates":[126.905653,35.148268]}},{"type":"Feature","properties":{"id":"osm-n5253211419","type":"night_activity","category":"hospital","name":"백운한방병원","source":"openstreetmap","nightTier":"unknown","nightScore":0.15,"confidence":0.3,"nightOpen22":false,"nightOpen00":false,"nightOpen02":false},"geometry":{"type":"Point","coordinates":[126.901544,35.139665]}},{"type":"Feature","properties":{"id":"osm-n5253219179","type":"night_activity","category":"supermarket","name":"Y-mart 동신점","source":"openstreetmap","nightTier":"unknown","nightScore":0.15,"confidence":0.3,"nightOpen22":false,"nightOpen00":false,"nightOpen02":false},"geometry":{"type":"Point","coordinates":[126.896334,35.149659]}},{"type":"Feature","properties":{"id":"osm-n5253676122","type":"night_activity","category":"cafe","name":"cafe","source":"openstreetmap","nightTier":"unknown","nightScore":0.15,"confidence":0.3,"nightOpen22":false,"nightOpen00":false,"nightOpen02":false},"geometry":{"type":"Point","coordinates":[126.918765,35.148734]}},{"type":"Feature","properties":{"id":"osm-n5255276021","type":"night_activity","category":"cafe","name":"cafe","source":"openstreetmap","nightTier":"unknown","nightScore":0.15,"confidence":0.3,"nightOpen22":false,"nightOpen00":false,"nightOpen02":false},"geometry":{"type":"Point","coordinates":[126.922365,35.170583]}},{"type":"Feature","properties":{"id":"osm-n5259533023","type":"night_activity","category":"restaurant","name":"restaurant","source":"openstreetmap","nightTier":"unknown","nightScore":0.15,"confidence":0.3,"nightOpen22":false,"nightOpen00":false,"nightOpen02":false},"geometry":{"type":"Point","coordinates":[126.969905,35.153691]}},{"type":"Feature","properties":{"id":"osm-n5262871512","type":"night_activity","category":"convenience_store","name":"CU","source":"openstreetmap","nightTier":"unknown","nightScore":0.15,"confidence":0.3,"nightOpen22":false,"nightOpen00":false,"nightOpen02":false},"geometry":{"type":"Point","coordinates":[126.905894,35.138414]}},{"type":"Feature","properties":{"id":"osm-n5360846305","type":"night_activity","category":"cafe","name":"지니커피","source":"openstreetmap","nightTier":"unknown","nightScore":0.15,"confidence":0.3,"nightOpen22":false,"nightOpen00":false,"nightOpen02":false},"geometry":{"type":"Point","coordinates":[126.899005,35.112105]}},{"type":"Feature","properties":{"id":"osm-n5360987742","type":"night_activity","category":"fast_food","name":"롯데리아","source":"openstreetmap","nightTier":"unknown","nightScore":0.15,"confidence":0.3,"nightOpen22":false,"nightOpen00":false,"nightOpen02":false},"geometry":{"type":"Point","coordinates":[126.899099,35.118316]}},{"type":"Feature","properties":{"id":"osm-n5384910225","type":"night_activity","category":"convenience_store","name":"GS25","source":"openstreetmap","nightTier":"unknown","nightScore":0.15,"confidence":0.3,"nightOpen22":false,"nightOpen00":false,"nightOpen02":false},"geometry":{"type":"Point","coordinates":[126.955172,35.134297]}},{"type":"Feature","properties":{"id":"osm-n5384910523","type":"night_activity","category":"cafe","name":"엔제리너스","source":"openstreetmap","nightTier":"unknown","nightScore":0.15,"confidence":0.3,"nightOpen22":false,"nightOpen00":false,"nightOpen02":false},"geometry":{"type":"Point","coordinates":[126.955427,35.134311]}},{"type":"Feature","properties":{"id":"osm-n5384913121","type":"night_activity","category":"cafe","name":"스타벅스","source":"openstreetmap","nightTier":"unknown","nightScore":0.15,"confidence":0.3,"nightOpen22":false,"nightOpen00":false,"nightOpen02":false},"geometry":{"type":"Point","coordinates":[126.954662,35.134023]}},{"type":"Feature","properties":{"id":"osm-n5384967323","type":"night_activity","category":"cafe","name":"cafe","source":"openstreetmap","nightTier":"unknown","nightScore":0.15,"confidence":0.3,"nightOpen22":false,"nightOpen00":false,"nightOpen02":false},"geometry":{"type":"Point","coordinates":[126.945792,35.131763]}},{"type":"Feature","properties":{"id":"osm-n5384987921","type":"night_activity","category":"restaurant","name":"restaurant","openingHours":"Mo-Su 11:30-20:30","source":"openstreetmap","nightTier":"day","nightScore":0,"confidence":0.8,"nightOpen22":false,"nightOpen00":false,"nightOpen02":false},"geometry":{"type":"Point","coordinates":[126.946212,35.131699]}},{"type":"Feature","properties":{"id":"osm-n5384999822","type":"night_activity","category":"cafe","name":"cafe","source":"openstreetmap","nightTier":"unknown","nightScore":0.15,"confidence":0.3,"nightOpen22":false,"nightOpen00":false,"nightOpen02":false},"geometry":{"type":"Point","coordinates":[126.954252,35.133904]}},{"type":"Feature","properties":{"id":"osm-n5384999823","type":"night_activity","category":"cafe","name":"cafe","source":"openstreetmap","nightTier":"unknown","nightScore":0.15,"confidence":0.3,"nightOpen22":false,"nightOpen00":false,"nightOpen02":false},"geometry":{"type":"Point","coordinates":[126.94562,35.131487]}},{"type":"Feature","properties":{"id":"osm-n5391116630","type":"night_activity","category":"convenience_store","name":"CU","openingHours":"24/7","source":"openstreetmap","nightTier":"24h","nightScore":1,"confidence":0.9,"nightOpen22":true,"nightOpen00":true,"nightOpen02":true},"geometry":{"type":"Point","coordinates":[126.896762,35.149628]}},{"type":"Feature","properties":{"id":"osm-n5395039521","type":"night_activity","category":"restaurant","name":"행복담","source":"openstreetmap","nightTier":"unknown","nightScore":0.15,"confidence":0.3,"nightOpen22":false,"nightOpen00":false,"nightOpen02":false},"geometry":{"type":"Point","coordinates":[126.920624,35.149616]}},{"type":"Feature","properties":{"id":"osm-n5430506722","type":"night_activity","category":"cafe","name":"cafe","source":"openstreetmap","nightTier":"unknown","nightScore":0.15,"confidence":0.3,"nightOpen22":false,"nightOpen00":false,"nightOpen02":false},"geometry":{"type":"Point","coordinates":[126.94502,35.13205]}},{"type":"Feature","properties":{"id":"osm-n5431435921","type":"night_activity","category":"cafe","name":"cafe","source":"openstreetmap","nightTier":"unknown","nightScore":0.15,"confidence":0.3,"nightOpen22":false,"nightOpen00":false,"nightOpen02":false},"geometry":{"type":"Point","coordinates":[126.911706,35.171853]}},{"type":"Feature","properties":{"id":"osm-n5441764421","type":"night_activity","category":"cafe","name":"Hollys","source":"openstreetmap","nightTier":"unknown","nightScore":0.15,"confidence":0.3,"nightOpen22":false,"nightOpen00":false,"nightOpen02":false},"geometry":{"type":"Point","coordinates":[126.863465,35.123478]}},{"type":"Feature","properties":{"id":"osm-n5460664223","type":"night_activity","category":"restaurant","name":"restaurant","source":"openstreetmap","nightTier":"unknown","nightScore":0.15,"confidence":0.3,"nightOpen22":false,"nightOpen00":false,"nightOpen02":false},"geometry":{"type":"Point","coordinates":[126.91636,35.139688]}},{"type":"Feature","properties":{"id":"osm-n5482924306","type":"night_activity","category":"supermarket","name":"청솔할인마트","source":"openstreetmap","nightTier":"unknown","nightScore":0.15,"confidence":0.3,"nightOpen22":false,"nightOpen00":false,"nightOpen02":false},"geometry":{"type":"Point","coordinates":[126.897415,35.207386]}},{"type":"Feature","properties":{"id":"osm-n5495173621","type":"night_activity","category":"restaurant","name":"restaurant","source":"openstreetmap","nightTier":"unknown","nightScore":0.15,"confidence":0.3,"nightOpen22":false,"nightOpen00":false,"nightOpen02":false},"geometry":{"type":"Point","coordinates":[126.91979,35.150216]}},{"type":"Feature","properties":{"id":"osm-n5539270921","type":"night_activity","category":"fast_food","name":"맥도날드","source":"openstreetmap","nightTier":"unknown","nightScore":0.15,"confidence":0.3,"nightOpen22":false,"nightOpen00":false,"nightOpen02":false},"geometry":{"type":"Point","coordinates":[126.889782,35.145923]}},{"type":"Feature","properties":{"id":"osm-n5539271422","type":"night_activity","category":"cafe","name":"cafe","source":"openstreetmap","nightTier":"unknown","nightScore":0.15,"confidence":0.3,"nightOpen22":false,"nightOpen00":false,"nightOpen02":false},"geometry":{"type":"Point","coordinates":[126.899069,35.135012]}},{"type":"Feature","properties":{"id":"osm-n5586214623","type":"night_activity","category":"restaurant","name":"restaurant","source":"openstreetmap","nightTier":"unknown","nightScore":0.15,"confidence":0.3,"nightOpen22":false,"nightOpen00":false,"nightOpen02":false},"geometry":{"type":"Point","coordinates":[126.916949,35.145624]}},{"type":"Feature","properties":{"id":"osm-n5590207421","type":"night_activity","category":"cafe","name":"cafe","source":"openstreetmap","nightTier":"unknown","nightScore":0.15,"confidence":0.3,"nightOpen22":false,"nightOpen00":false,"nightOpen02":false},"geometry":{"type":"Point","coordinates":[127.007643,35.09397]}},{"type":"Feature","properties":{"id":"osm-n5590214222","type":"night_activity","category":"cafe","name":"cafe","source":"openstreetmap","nightTier":"unknown","nightScore":0.15,"confidence":0.3,"nightOpen22":false,"nightOpen00":false,"nightOpen02":false},"geometry":{"type":"Point","coordinates":[126.86664,35.102004]}},{"type":"Feature","properties":{"id":"osm-n5598602946","type":"night_activity","category":"cafe","name":"cafe","source":"openstreetmap","nightTier":"unknown","nightScore":0.15,"confidence":0.3,"nightOpen22":false,"nightOpen00":false,"nightOpen02":false},"geometry":{"type":"Point","coordinates":[126.92923,35.129913]}},{"type":"Feature","properties":{"id":"osm-n5598602949","type":"night_activity","category":"cafe","name":"스타벅스","source":"openstreetmap","nightTier":"unknown","nightScore":0.15,"confidence":0.3,"nightOpen22":false,"nightOpen00":false,"nightOpen02":false},"geometry":{"type":"Point","coordinates":[126.917605,35.134992]}},{"type":"Feature","properties":{"id":"osm-n5719639592","type":"night_activity","category":"cafe","name":"카페 로아","source":"openstreetmap","nightTier":"unknown","nightScore":0.15,"confidence":0.3,"nightOpen22":false,"nightOpen00":false,"nightOpen02":false},"geometry":{"type":"Point","coordinates":[126.870981,35.19765]}},{"type":"Feature","properties":{"id":"osm-n5719639593","type":"night_activity","category":"supermarket","name":"영암마트","source":"openstreetmap","nightTier":"unknown","nightScore":0.15,"confidence":0.3,"nightOpen22":false,"nightOpen00":false,"nightOpen02":false},"geometry":{"type":"Point","coordinates":[126.871007,35.197219]}},{"type":"Feature","properties":{"id":"osm-n5719639595","type":"night_activity","category":"hospital","name":"반 내과 이비인후과","source":"openstreetmap","nightTier":"unknown","nightScore":0.15,"confidence":0.3,"nightOpen22":false,"nightOpen00":false,"nightOpen02":false},"geometry":{"type":"Point","coordinates":[126.870859,35.197598]}},{"type":"Feature","properties":{"id":"osm-n5719657631","type":"night_activity","category":"cafe","name":"청자다방","source":"openstreetmap","nightTier":"unknown","nightScore":0.15,"confidence":0.3,"nightOpen22":false,"nightOpen00":false,"nightOpen02":false},"geometry":{"type":"Point","coordinates":[126.873016,35.198001]}},{"type":"Feature","properties":{"id":"osm-n5793373165","type":"night_activity","category":"hospital","name":"새나래병원","source":"openstreetmap","nightTier":"unknown","nightScore":0.15,"confidence":0.3,"nightOpen22":false,"nightOpen00":false,"nightOpen02":false},"geometry":{"type":"Point","coordinates":[126.864019,35.207154]}},{"type":"Feature","properties":{"id":"osm-n5901452149","type":"night_activity","category":"restaurant","name":"수림식당","source":"openstreetmap","nightTier":"unknown","nightScore":0.15,"confidence":0.3,"nightOpen22":false,"nightOpen00":false,"nightOpen02":false},"geometry":{"type":"Point","coordinates":[126.866747,35.187866]}},{"type":"Feature","properties":{"id":"osm-n5905466085","type":"night_activity","category":"cafe","name":"cafe","source":"openstreetmap","nightTier":"unknown","nightScore":0.15,"confidence":0.3,"nightOpen22":false,"nightOpen00":false,"nightOpen02":false},"geometry":{"type":"Point","coordinates":[126.922531,35.149973]}},{"type":"Feature","properties":{"id":"osm-n5905469585","type":"night_activity","category":"cafe","name":"cafe","source":"openstreetmap","nightTier":"unknown","nightScore":0.15,"confidence":0.3,"nightOpen22":false,"nightOpen00":false,"nightOpen02":false},"geometry":{"type":"Point","coordinates":[126.891542,35.159527]}},{"type":"Feature","properties":{"id":"osm-n5905476188","type":"night_activity","category":"cafe","name":"cafe","source":"openstreetmap","nightTier":"unknown","nightScore":0.15,"confidence":0.3,"nightOpen22":false,"nightOpen00":false,"nightOpen02":false},"geometry":{"type":"Point","coordinates":[126.906974,35.171082]}},{"type":"Feature","properties":{"id":"osm-n5905485486","type":"night_activity","category":"cafe","name":"육각커피","source":"openstreetmap","nightTier":"unknown","nightScore":0.15,"confidence":0.3,"nightOpen22":false,"nightOpen00":false,"nightOpen02":false},"geometry":{"type":"Point","coordinates":[126.913662,35.13875]}},{"type":"Feature","properties":{"id":"osm-n5905750685","type":"night_activity","category":"cafe","name":"cafe","source":"openstreetmap","nightTier":"unknown","nightScore":0.15,"confidence":0.3,"nightOpen22":false,"nightOpen00":false,"nightOpen02":false},"geometry":{"type":"Point","coordinates":[126.921204,35.15023]}},{"type":"Feature","properties":{"id":"osm-n5905752885","type":"night_activity","category":"cafe","name":"cafe","source":"openstreetmap","nightTier":"unknown","nightScore":0.15,"confidence":0.3,"nightOpen22":false,"nightOpen00":false,"nightOpen02":false},"geometry":{"type":"Point","coordinates":[126.924936,35.149059]}},{"type":"Feature","properties":{"id":"osm-n5910973586","type":"night_activity","category":"cafe","name":"로이스 커피","source":"openstreetmap","nightTier":"unknown","nightScore":0.15,"confidence":0.3,"nightOpen22":false,"nightOpen00":false,"nightOpen02":false},"geometry":{"type":"Point","coordinates":[126.915548,35.138736]}},{"type":"Feature","properties":{"id":"osm-n5910982085","type":"night_activity","category":"cafe","name":"못카페","source":"openstreetmap","nightTier":"unknown","nightScore":0.15,"confidence":0.3,"nightOpen22":false,"nightOpen00":false,"nightOpen02":false},"geometry":{"type":"Point","coordinates":[126.915138,35.138627]}},{"type":"Feature","properties":{"id":"osm-n5910982087","type":"night_activity","category":"cafe","name":"이유네커피가게","source":"openstreetmap","nightTier":"unknown","nightScore":0.15,"confidence":0.3,"nightOpen22":false,"nightOpen00":false,"nightOpen02":false},"geometry":{"type":"Point","coordinates":[126.916743,35.138616]}},{"type":"Feature","properties":{"id":"osm-n5911264104","type":"night_activity","category":"restaurant","name":"시마카레","source":"openstreetmap","nightTier":"unknown","nightScore":0.15,"confidence":0.3,"nightOpen22":false,"nightOpen00":false,"nightOpen02":false},"geometry":{"type":"Point","coordinates":[126.923785,35.149177]}},{"type":"Feature","properties":{"id":"osm-n5911264105","type":"night_activity","category":"cafe","name":"cafe","source":"openstreetmap","nightTier":"unknown","nightScore":0.15,"confidence":0.3,"nightOpen22":false,"nightOpen00":false,"nightOpen02":false},"geometry":{"type":"Point","coordinates":[126.924573,35.149141]}},{"type":"Feature","properties":{"id":"osm-n5911264200","type":"night_activity","category":"cafe","name":"cafe","source":"openstreetmap","nightTier":"unknown","nightScore":0.15,"confidence":0.3,"nightOpen22":false,"nightOpen00":false,"nightOpen02":false},"geometry":{"type":"Point","coordinates":[126.914645,35.139206]}},{"type":"Feature","properties":{"id":"osm-n5911264201","type":"night_activity","category":"restaurant","name":"restaurant","source":"openstreetmap","nightTier":"unknown","nightScore":0.15,"confidence":0.3,"nightOpen22":false,"nightOpen00":false,"nightOpen02":false},"geometry":{"type":"Point","coordinates":[126.922678,35.150099]}},{"type":"Feature","properties":{"id":"osm-n5911264202","type":"night_activity","category":"restaurant","name":"restaurant","source":"openstreetmap","nightTier":"unknown","nightScore":0.15,"confidence":0.3,"nightOpen22":false,"nightOpen00":false,"nightOpen02":false},"geometry":{"type":"Point","coordinates":[126.923091,35.150439]}},{"type":"Feature","properties":{"id":"osm-n5911264203","type":"night_activity","category":"restaurant","name":"restaurant","source":"openstreetmap","nightTier":"unknown","nightScore":0.15,"confidence":0.3,"nightOpen22":false,"nightOpen00":false,"nightOpen02":false},"geometry":{"type":"Point","coordinates":[126.923188,35.15037]}},{"type":"Feature","properties":{"id":"osm-n5911264204","type":"night_activity","category":"cafe","name":"cafe","source":"openstreetmap","nightTier":"unknown","nightScore":0.15,"confidence":0.3,"nightOpen22":false,"nightOpen00":false,"nightOpen02":false},"geometry":{"type":"Point","coordinates":[126.924048,35.149773]}},{"type":"Feature","properties":{"id":"osm-n5911273188","type":"night_activity","category":"cafe","name":"cafe","source":"openstreetmap","nightTier":"unknown","nightScore":0.15,"confidence":0.3,"nightOpen22":false,"nightOpen00":false,"nightOpen02":false},"geometry":{"type":"Point","coordinates":[126.923875,35.149199]}},{"type":"Feature","properties":{"id":"osm-n5911273189","type":"night_activity","category":"restaurant","name":"갈포식당","source":"openstreetmap","nightTier":"unknown","nightScore":0.15,"confidence":0.3,"nightOpen22":false,"nightOpen00":false,"nightOpen02":false},"geometry":{"type":"Point","coordinates":[126.924834,35.148926]}},{"type":"Feature","properties":{"id":"osm-n5912983093","type":"night_activity","category":"cafe","name":"cafe","source":"openstreetmap","nightTier":"unknown","nightScore":0.15,"confidence":0.3,"nightOpen22":false,"nightOpen00":false,"nightOpen02":false},"geometry":{"type":"Point","coordinates":[126.884504,35.158335]}},{"type":"Feature","properties":{"id":"osm-n5913419587","type":"night_activity","category":"cafe","name":"cafe","source":"openstreetmap","nightTier":"unknown","nightScore":0.15,"confidence":0.3,"nightOpen22":false,"nightOpen00":false,"nightOpen02":false},"geometry":{"type":"Point","coordinates":[126.920755,35.142995]}},{"type":"Feature","properties":{"id":"osm-n5913499486","type":"night_activity","category":"restaurant","name":"restaurant","source":"openstreetmap","nightTier":"unknown","nightScore":0.15,"confidence":0.3,"nightOpen22":false,"nightOpen00":false,"nightOpen02":false},"geometry":{"type":"Point","coordinates":[126.923452,35.14899]}},{"type":"Feature","properties":{"id":"osm-n5913499487","type":"night_activity","category":"restaurant","name":"restaurant","source":"openstreetmap","nightTier":"unknown","nightScore":0.15,"confidence":0.3,"nightOpen22":false,"nightOpen00":false,"nightOpen02":false},"geometry":{"type":"Point","coordinates":[126.922873,35.148958]}},{"type":"Feature","properties":{"id":"osm-n5913499488","type":"night_activity","category":"restaurant","name":"restaurant","source":"openstreetmap","nightTier":"unknown","nightScore":0.15,"confidence":0.3,"nightOpen22":false,"nightOpen00":false,"nightOpen02":false},"geometry":{"type":"Point","coordinates":[126.922681,35.149065]}},{"type":"Feature","properties":{"id":"osm-n5913510485","type":"night_activity","category":"cafe","name":"cafe","source":"openstreetmap","nightTier":"unknown","nightScore":0.15,"confidence":0.3,"nightOpen22":false,"nightOpen00":false,"nightOpen02":false},"geometry":{"type":"Point","coordinates":[126.923856,35.148615]}},{"type":"Feature","properties":{"id":"osm-n5913510685","type":"night_activity","category":"cafe","name":"cafe","source":"openstreetmap","nightTier":"unknown","nightScore":0.15,"confidence":0.3,"nightOpen22":false,"nightOpen00":false,"nightOpen02":false},"geometry":{"type":"Point","coordinates":[126.923172,35.149059]}},{"type":"Feature","properties":{"id":"osm-n5919771185","type":"night_activity","category":"cafe","name":"cafe","source":"openstreetmap","nightTier":"unknown","nightScore":0.15,"confidence":0.3,"nightOpen22":false,"nightOpen00":false,"nightOpen02":false},"geometry":{"type":"Point","coordinates":[126.927891,35.149345]}},{"type":"Feature","properties":{"id":"osm-n5921823585","type":"night_activity","category":"restaurant","name":"restaurant","source":"openstreetmap","nightTier":"unknown","nightScore":0.15,"confidence":0.3,"nightOpen22":false,"nightOpen00":false,"nightOpen02":false},"geometry":{"type":"Point","coordinates":[126.918508,35.149599]}},{"type":"Feature","properties":{"id":"osm-n5922157792","type":"night_activity","category":"cafe","name":"cafe","source":"openstreetmap","nightTier":"unknown","nightScore":0.15,"confidence":0.3,"nightOpen22":false,"nightOpen00":false,"nightOpen02":false},"geometry":{"type":"Point","coordinates":[126.901793,35.164199]}},{"type":"Feature","properties":{"id":"osm-n5988119939","type":"night_activity","category":"supermarket","name":"효천S마트","source":"openstreetmap","nightTier":"unknown","nightScore":0.15,"confidence":0.3,"nightOpen22":false,"nightOpen00":false,"nightOpen02":false},"geometry":{"type":"Point","coordinates":[126.883521,35.098498]}},{"type":"Feature","properties":{"id":"osm-n5993569380","type":"night_activity","category":"convenience_store","name":"CU","source":"openstreetmap","nightTier":"unknown","nightScore":0.15,"confidence":0.3,"nightOpen22":false,"nightOpen00":false,"nightOpen02":false},"geometry":{"type":"Point","coordinates":[126.879613,35.212362]}},{"type":"Feature","properties":{"id":"osm-n5993569381","type":"night_activity","category":"hospital","name":"최종선 이비인후과, 희망의원, 허리케인 정형외과, 약국","source":"openstreetmap","nightTier":"unknown","nightScore":0.15,"confidence":0.3,"nightOpen22":false,"nightOpen00":false,"nightOpen02":false},"geometry":{"type":"Point","coordinates":[126.882009,35.212763]}},{"type":"Feature","properties":{"id":"osm-n5998569606","type":"night_activity","category":"fast_food","name":"멕시카나치킨","source":"openstreetmap","nightTier":"unknown","nightScore":0.15,"confidence":0.3,"nightOpen22":false,"nightOpen00":false,"nightOpen02":false},"geometry":{"type":"Point","coordinates":[126.891873,35.187059]}},{"type":"Feature","properties":{"id":"osm-n5998569639","type":"night_activity","category":"supermarket","name":"영암마트","source":"openstreetmap","nightTier":"unknown","nightScore":0.15,"confidence":0.3,"nightOpen22":false,"nightOpen00":false,"nightOpen02":false},"geometry":{"type":"Point","coordinates":[126.894001,35.18617]}},{"type":"Feature","properties":{"id":"osm-n5998569655","type":"night_activity","category":"convenience_store","name":"세븐일레븐","source":"openstreetmap","nightTier":"unknown","nightScore":0.15,"confidence":0.3,"nightOpen22":false,"nightOpen00":false,"nightOpen02":false},"geometry":{"type":"Point","coordinates":[126.89078,35.187287]}},{"type":"Feature","properties":{"id":"osm-n5998569656","type":"night_activity","category":"restaurant","name":"BBQ치킨","source":"openstreetmap","nightTier":"unknown","nightScore":0.15,"confidence":0.3,"nightOpen22":false,"nightOpen00":false,"nightOpen02":false},"geometry":{"type":"Point","coordinates":[126.890909,35.187289]}},{"type":"Feature","properties":{"id":"osm-n5999810574","type":"night_activity","category":"supermarket","name":"쌍용할인마트","source":"openstreetmap","nightTier":"unknown","nightScore":0.15,"confidence":0.3,"nightOpen22":false,"nightOpen00":false,"nightOpen02":false},"geometry":{"type":"Point","coordinates":[126.897476,35.210958]}},{"type":"Feature","properties":{"id":"osm-n6000458732","type":"night_activity","category":"cafe","name":"투썸플레이스","source":"openstreetmap","nightTier":"unknown","nightScore":0.15,"confidence":0.3,"nightOpen22":false,"nightOpen00":false,"nightOpen02":false},"geometry":{"type":"Point","coordinates":[126.890823,35.187602]}},{"type":"Feature","properties":{"id":"osm-n6000458737","type":"night_activity","category":"hospital","name":"매곡한방병원","source":"openstreetmap","nightTier":"unknown","nightScore":0.15,"confidence":0.3,"nightOpen22":false,"nightOpen00":false,"nightOpen02":false},"geometry":{"type":"Point","coordinates":[126.890476,35.187719]}},{"type":"Feature","properties":{"id":"osm-n6000458738","type":"night_activity","category":"cafe","name":"커피J two","source":"openstreetmap","nightTier":"unknown","nightScore":0.15,"confidence":0.3,"nightOpen22":false,"nightOpen00":false,"nightOpen02":false},"geometry":{"type":"Point","coordinates":[126.890577,35.187271]}},{"type":"Feature","properties":{"id":"osm-n6000458748","type":"night_activity","category":"restaurant","name":"바른꼬마김밥","source":"openstreetmap","nightTier":"unknown","nightScore":0.15,"confidence":0.3,"nightOpen22":false,"nightOpen00":false,"nightOpen02":false},"geometry":{"type":"Point","coordinates":[126.890914,35.187602]}},{"type":"Feature","properties":{"id":"osm-n6000822059","type":"night_activity","category":"convenience_store","name":"GS25","source":"openstreetmap","nightTier":"unknown","nightScore":0.15,"confidence":0.3,"nightOpen22":false,"nightOpen00":false,"nightOpen02":false},"geometry":{"type":"Point","coordinates":[126.894207,35.186185]}},{"type":"Feature","properties":{"id":"osm-n6000822075","type":"night_activity","category":"cafe","name":"커피볶는집","source":"openstreetmap","nightTier":"unknown","nightScore":0.15,"confidence":0.3,"nightOpen22":false,"nightOpen00":false,"nightOpen02":false},"geometry":{"type":"Point","coordinates":[126.889077,35.187681]}},{"type":"Feature","properties":{"id":"osm-n6000822080","type":"night_activity","category":"cafe","name":"쌍피레 카페","source":"openstreetmap","nightTier":"unknown","nightScore":0.15,"confidence":0.3,"nightOpen22":false,"nightOpen00":false,"nightOpen02":false},"geometry":{"type":"Point","coordinates":[126.891816,35.18805]}},{"type":"Feature","properties":{"id":"osm-n6000822081","type":"night_activity","category":"restaurant","name":"그집","source":"openstreetmap","nightTier":"unknown","nightScore":0.15,"confidence":0.3,"nightOpen22":false,"nightOpen00":false,"nightOpen02":false},"geometry":{"type":"Point","coordinates":[126.891735,35.188148]}},{"type":"Feature","properties":{"id":"osm-n6000822289","type":"night_activity","category":"restaurant","name":"화풍","source":"openstreetmap","nightTier":"unknown","nightScore":0.15,"confidence":0.3,"nightOpen22":false,"nightOpen00":false,"nightOpen02":false},"geometry":{"type":"Point","coordinates":[126.890485,35.188729]}},{"type":"Feature","properties":{"id":"osm-n6000822298","type":"night_activity","category":"restaurant","name":"제일숯불갈비","source":"openstreetmap","nightTier":"unknown","nightScore":0.15,"confidence":0.3,"nightOpen22":false,"nightOpen00":false,"nightOpen02":false},"geometry":{"type":"Point","coordinates":[126.890392,35.188508]}},{"type":"Feature","properties":{"id":"osm-n6000918923","type":"night_activity","category":"restaurant","name":"장흥한우","source":"openstreetmap","nightTier":"unknown","nightScore":0.15,"confidence":0.3,"nightOpen22":false,"nightOpen00":false,"nightOpen02":false},"geometry":{"type":"Point","coordinates":[126.892879,35.184787]}},{"type":"Feature","properties":{"id":"osm-n6000953403","type":"night_activity","category":"fast_food","name":"굽네치킨","source":"openstreetmap","nightTier":"unknown","nightScore":0.15,"confidence":0.3,"nightOpen22":false,"nightOpen00":false,"nightOpen02":false},"geometry":{"type":"Point","coordinates":[126.882107,35.214079]}},{"type":"Feature","properties":{"id":"osm-n6002991056","type":"night_activity","category":"restaurant","name":"동대문엽기떡볶이","source":"openstreetmap","nightTier":"unknown","nightScore":0.15,"confidence":0.3,"nightOpen22":false,"nightOpen00":false,"nightOpen02":false},"geometry":{"type":"Point","coordinates":[126.861728,35.207421]}},{"type":"Feature","properties":{"id":"osm-n6003014405","type":"night_activity","category":"cafe","name":"달콤카페","source":"openstreetmap","nightTier":"unknown","nightScore":0.15,"confidence":0.3,"nightOpen22":false,"nightOpen00":false,"nightOpen02":false},"geometry":{"type":"Point","coordinates":[126.865603,35.207443]}},{"type":"Feature","properties":{"id":"osm-n6003251133","type":"night_activity","category":"convenience_store","name":"GS25","source":"openstreetmap","nightTier":"unknown","nightScore":0.15,"confidence":0.3,"nightOpen22":false,"nightOpen00":false,"nightOpen02":false},"geometry":{"type":"Point","coordinates":[126.905754,35.190257]}},{"type":"Feature","properties":{"id":"osm-n6003266298","type":"night_activity","category":"convenience_store","name":"CU","source":"openstreetmap","nightTier":"unknown","nightScore":0.15,"confidence":0.3,"nightOpen22":false,"nightOpen00":false,"nightOpen02":false},"geometry":{"type":"Point","coordinates":[126.907618,35.189229]}},{"type":"Feature","properties":{"id":"osm-n6005147189","type":"night_activity","category":"convenience_store","name":"CU","source":"openstreetmap","nightTier":"unknown","nightScore":0.15,"confidence":0.3,"nightOpen22":false,"nightOpen00":false,"nightOpen02":false},"geometry":{"type":"Point","coordinates":[126.879487,35.206393]}},{"type":"Feature","properties":{"id":"osm-n6005195313","type":"night_activity","category":"supermarket","name":"korean mart","openingHours":"Mo-Su 09:00-21:00","source":"openstreetmap","nightTier":"day","nightScore":0,"confidence":0.8,"nightOpen22":false,"nightOpen00":false,"nightOpen02":false},"geometry":{"type":"Point","coordinates":[126.897561,35.209882]}},{"type":"Feature","properties":{"id":"osm-n6010166738","type":"night_activity","category":"restaurant","name":"금영순대족발","source":"openstreetmap","nightTier":"unknown","nightScore":0.15,"confidence":0.3,"nightOpen22":false,"nightOpen00":false,"nightOpen02":false},"geometry":{"type":"Point","coordinates":[126.893302,35.191032]}},{"type":"Feature","properties":{"id":"osm-n6015190554","type":"night_activity","category":"cafe","name":"에쏠로지","source":"openstreetmap","nightTier":"unknown","nightScore":0.15,"confidence":0.3,"nightOpen22":false,"nightOpen00":false,"nightOpen02":false},"geometry":{"type":"Point","coordinates":[126.897295,35.202858]}},{"type":"Feature","properties":{"id":"osm-n6015190555","type":"night_activity","category":"restaurant","name":"청춘초밥","source":"openstreetmap","nightTier":"unknown","nightScore":0.15,"confidence":0.3,"nightOpen22":false,"nightOpen00":false,"nightOpen02":false},"geometry":{"type":"Point","coordinates":[126.897322,35.203388]}},{"type":"Feature","properties":{"id":"osm-n6015558440","type":"night_activity","category":"restaurant","name":"전승규 감자탕이야기","source":"openstreetmap","nightTier":"unknown","nightScore":0.15,"confidence":0.3,"nightOpen22":false,"nightOpen00":false,"nightOpen02":false},"geometry":{"type":"Point","coordinates":[126.896419,35.187476]}},{"type":"Feature","properties":{"id":"osm-n6016869074","type":"night_activity","category":"restaurant","name":"옹기촌","source":"openstreetmap","nightTier":"unknown","nightScore":0.15,"confidence":0.3,"nightOpen22":false,"nightOpen00":false,"nightOpen02":false},"geometry":{"type":"Point","coordinates":[126.892417,35.192503]}},{"type":"Feature","properties":{"id":"osm-n6016871564","type":"night_activity","category":"restaurant","name":"또래오래","source":"openstreetmap","nightTier":"unknown","nightScore":0.15,"confidence":0.3,"nightOpen22":false,"nightOpen00":false,"nightOpen02":false},"geometry":{"type":"Point","coordinates":[126.891864,35.19306]}},{"type":"Feature","properties":{"id":"osm-n6016871568","type":"night_activity","category":"restaurant","name":"굽네치킨","source":"openstreetmap","nightTier":"unknown","nightScore":0.15,"confidence":0.3,"nightOpen22":false,"nightOpen00":false,"nightOpen02":false},"geometry":{"type":"Point","coordinates":[126.892826,35.191554]}},{"type":"Feature","properties":{"id":"osm-n6017120723","type":"night_activity","category":"restaurant","name":"행랑채","source":"openstreetmap","nightTier":"unknown","nightScore":0.15,"confidence":0.3,"nightOpen22":false,"nightOpen00":false,"nightOpen02":false},"geometry":{"type":"Point","coordinates":[126.892098,35.210522]}},{"type":"Feature","properties":{"id":"osm-n6017120726","type":"night_activity","category":"cafe","name":"수풀림","source":"openstreetmap","nightTier":"unknown","nightScore":0.15,"confidence":0.3,"nightOpen22":false,"nightOpen00":false,"nightOpen02":false},"geometry":{"type":"Point","coordinates":[126.892438,35.210578]}},{"type":"Feature","properties":{"id":"osm-n6017120728","type":"night_activity","category":"restaurant","name":"장가계","source":"openstreetmap","nightTier":"unknown","nightScore":0.15,"confidence":0.3,"nightOpen22":false,"nightOpen00":false,"nightOpen02":false},"geometry":{"type":"Point","coordinates":[126.89286,35.210545]}},{"type":"Feature","properties":{"id":"osm-n6017120729","type":"night_activity","category":"cafe","name":"OP CAFE","source":"openstreetmap","nightTier":"unknown","nightScore":0.15,"confidence":0.3,"nightOpen22":false,"nightOpen00":false,"nightOpen02":false},"geometry":{"type":"Point","coordinates":[126.89273,35.210555]}},{"type":"Feature","properties":{"id":"osm-n6017120731","type":"night_activity","category":"restaurant","name":"메밀정원","source":"openstreetmap","nightTier":"unknown","nightScore":0.15,"confidence":0.3,"nightOpen22":false,"nightOpen00":false,"nightOpen02":false},"geometry":{"type":"Point","coordinates":[126.893154,35.210539]}},{"type":"Feature","properties":{"id":"osm-n6017132473","type":"night_activity","category":"restaurant","name":"대박 추어탕","source":"openstreetmap","nightTier":"unknown","nightScore":0.15,"confidence":0.3,"nightOpen22":false,"nightOpen00":false,"nightOpen02":false},"geometry":{"type":"Point","coordinates":[126.893797,35.210273]}},{"type":"Feature","properties":{"id":"osm-n6017132478","type":"night_activity","category":"restaurant","name":"빈스키친","source":"openstreetmap","nightTier":"unknown","nightScore":0.15,"confidence":0.3,"nightOpen22":false,"nightOpen00":false,"nightOpen02":false},"geometry":{"type":"Point","coordinates":[126.892327,35.210307]}},{"type":"Feature","properties":{"id":"osm-n6017132479","type":"night_activity","category":"restaurant","name":"꽃잎두장","source":"openstreetmap","nightTier":"unknown","nightScore":0.15,"confidence":0.3,"nightOpen22":false,"nightOpen00":false,"nightOpen02":false},"geometry":{"type":"Point","coordinates":[126.892533,35.210304]}},{"type":"Feature","properties":{"id":"osm-n6017132481","type":"night_activity","category":"cafe","name":"커유","source":"openstreetmap","nightTier":"unknown","nightScore":0.15,"confidence":0.3,"nightOpen22":false,"nightOpen00":false,"nightOpen02":false},"geometry":{"type":"Point","coordinates":[126.891381,35.210342]}},{"type":"Feature","properties":{"id":"osm-n6017211441","type":"night_activity","category":"fast_food","name":"Burger King","source":"openstreetmap","nightTier":"unknown","nightScore":0.15,"confidence":0.3,"nightOpen22":false,"nightOpen00":false,"nightOpen02":false},"geometry":{"type":"Point","coordinates":[126.89813,35.203448]}},{"type":"Feature","properties":{"id":"osm-n6017244611","type":"night_activity","category":"convenience_store","name":"CU","source":"openstreetmap","nightTier":"unknown","nightScore":0.15,"confidence":0.3,"nightOpen22":false,"nightOpen00":false,"nightOpen02":false},"geometry":{"type":"Point","coordinates":[126.894124,35.18907]}},{"type":"Feature","properties":{"id":"osm-n6017580794","type":"night_activity","category":"cafe","name":"퍼스트애비뉴","source":"openstreetmap","nightTier":"unknown","nightScore":0.15,"confidence":0.3,"nightOpen22":false,"nightOpen00":false,"nightOpen02":false},"geometry":{"type":"Point","coordinates":[126.872253,35.197665]}},{"type":"Feature","properties":{"id":"osm-n6017722102","type":"night_activity","category":"restaurant","name":"김밥천국","source":"openstreetmap","nightTier":"unknown","nightScore":0.15,"confidence":0.3,"nightOpen22":false,"nightOpen00":false,"nightOpen02":false},"geometry":{"type":"Point","coordinates":[126.880094,35.210751]}},{"type":"Feature","properties":{"id":"osm-n6017722103","type":"night_activity","category":"restaurant","name":"국수나무","source":"openstreetmap","nightTier":"unknown","nightScore":0.15,"confidence":0.3,"nightOpen22":false,"nightOpen00":false,"nightOpen02":false},"geometry":{"type":"Point","coordinates":[126.881199,35.209953]}},{"type":"Feature","properties":{"id":"osm-n6017761450","type":"night_activity","category":"convenience_store","name":"CU","source":"openstreetmap","nightTier":"unknown","nightScore":0.15,"confidence":0.3,"nightOpen22":false,"nightOpen00":false,"nightOpen02":false},"geometry":{"type":"Point","coordinates":[126.870876,35.212824]}},{"type":"Feature","properties":{"id":"osm-n6017761453","type":"night_activity","category":"restaurant","name":"김밥나라","source":"openstreetmap","nightTier":"unknown","nightScore":0.15,"confidence":0.3,"nightOpen22":false,"nightOpen00":false,"nightOpen02":false},"geometry":{"type":"Point","coordinates":[126.871761,35.213592]}},{"type":"Feature","properties":{"id":"osm-n6017777649","type":"night_activity","category":"cafe","name":"카페마실","source":"openstreetmap","nightTier":"unknown","nightScore":0.15,"confidence":0.3,"nightOpen22":false,"nightOpen00":false,"nightOpen02":false},"geometry":{"type":"Point","coordinates":[126.89301,35.194581]}},{"type":"Feature","properties":{"id":"osm-n6017793430","type":"night_activity","category":"convenience_store","name":"CU","source":"openstreetmap","nightTier":"unknown","nightScore":0.15,"confidence":0.3,"nightOpen22":false,"nightOpen00":false,"nightOpen02":false},"geometry":{"type":"Point","coordinates":[126.881812,35.209563]}},{"type":"Feature","properties":{"id":"osm-n6017838127","type":"night_activity","category":"convenience_store","name":"우리마트","openingHours":"Mo-Sa 08:00-23:00","source":"openstreetmap","nightTier":"22","nightScore":0.5,"confidence":0.8,"nightOpen22":true,"nightOpen00":false,"nightOpen02":false},"geometry":{"type":"Point","coordinates":[126.874041,35.196745]}},{"type":"Feature","properties":{"id":"osm-n6018125925","type":"night_activity","category":"restaurant","name":"돈사돈","source":"openstreetmap","nightTier":"unknown","nightScore":0.15,"confidence":0.3,"nightOpen22":false,"nightOpen00":false,"nightOpen02":false},"geometry":{"type":"Point","coordinates":[126.87956,35.215342]}},{"type":"Feature","properties":{"id":"osm-n6018870595","type":"night_activity","category":"cafe","name":"ALLIBUY","source":"openstreetmap","nightTier":"unknown","nightScore":0.15,"confidence":0.3,"nightOpen22":false,"nightOpen00":false,"nightOpen02":false},"geometry":{"type":"Point","coordinates":[126.860126,35.206445]}},{"type":"Feature","properties":{"id":"osm-n6018870596","type":"night_activity","category":"restaurant","name":"와쭈","source":"openstreetmap","nightTier":"unknown","nightScore":0.15,"confidence":0.3,"nightOpen22":false,"nightOpen00":false,"nightOpen02":false},"geometry":{"type":"Point","coordinates":[126.860201,35.206446]}},{"type":"Feature","properties":{"id":"osm-n6018870599","type":"night_activity","category":"restaurant","name":"교촌 치킨","source":"openstreetmap","nightTier":"unknown","nightScore":0.15,"confidence":0.3,"nightOpen22":false,"nightOpen00":false,"nightOpen02":false},"geometry":{"type":"Point","coordinates":[126.860402,35.206447]}},{"type":"Feature","properties":{"id":"osm-n6018870600","type":"night_activity","category":"restaurant","name":"샤브향","source":"openstreetmap","nightTier":"unknown","nightScore":0.15,"confidence":0.3,"nightOpen22":false,"nightOpen00":false,"nightOpen02":false},"geometry":{"type":"Point","coordinates":[126.860334,35.2065]}},{"type":"Feature","properties":{"id":"osm-n6018870602","type":"night_activity","category":"restaurant","name":"빛고을 국밥 왕족발","source":"openstreetmap","nightTier":"unknown","nightScore":0.15,"confidence":0.3,"nightOpen22":false,"nightOpen00":false,"nightOpen02":false},"geometry":{"type":"Point","coordinates":[126.860484,35.206454]}},{"type":"Feature","properties":{"id":"osm-n6018870606","type":"night_activity","category":"restaurant","name":"마루샤브","source":"openstreetmap","nightTier":"unknown","nightScore":0.15,"confidence":0.3,"nightOpen22":false,"nightOpen00":false,"nightOpen02":false},"geometry":{"type":"Point","coordinates":[126.860611,35.206547]}},{"type":"Feature","properties":{"id":"osm-n6018889528","type":"night_activity","category":"cafe","name":"카페745","openingHours":"Mo-Su 08:00-24:00","source":"openstreetmap","nightTier":"22","nightScore":0.5,"confidence":0.8,"nightOpen22":true,"nightOpen00":false,"nightOpen02":false},"geometry":{"type":"Point","coordinates":[126.87883,35.210719]}},{"type":"Feature","properties":{"id":"osm-n6019125075","type":"night_activity","category":"restaurant","name":"치킨아이","openingHours":"Mo-Su 14:00-00:00","source":"openstreetmap","nightTier":"22","nightScore":0.5,"confidence":0.8,"nightOpen22":true,"nightOpen00":false,"nightOpen02":false},"geometry":{"type":"Point","coordinates":[126.899479,35.212622]}},{"type":"Feature","properties":{"id":"osm-n6019132429","type":"night_activity","category":"supermarket","name":"뉴스코마켓","source":"openstreetmap","nightTier":"unknown","nightScore":0.15,"confidence":0.3,"nightOpen22":false,"nightOpen00":false,"nightOpen02":false},"geometry":{"type":"Point","coordinates":[126.897461,35.212108]}},{"type":"Feature","properties":{"id":"osm-n6019286464","type":"night_activity","category":"restaurant","name":"동아떡방앗간","openingHours":"24/7","source":"openstreetmap","nightTier":"24h","nightScore":1,"confidence":0.9,"nightOpen22":true,"nightOpen00":true,"nightOpen02":true},"geometry":{"type":"Point","coordinates":[126.899545,35.212624]}},{"type":"Feature","properties":{"id":"osm-n6019286465","type":"night_activity","category":"cafe","name":"유니바셜커피커유월드스파점","openingHours":"Mo-Su 08:00-23:00","source":"openstreetmap","nightTier":"22","nightScore":0.5,"confidence":0.8,"nightOpen22":true,"nightOpen00":false,"nightOpen02":false},"geometry":{"type":"Point","coordinates":[126.898229,35.214645]}},{"type":"Feature","properties":{"id":"osm-n6019391323","type":"night_activity","category":"restaurant","name":"플랭크서울 핫도그","source":"openstreetmap","nightTier":"unknown","nightScore":0.15,"confidence":0.3,"nightOpen22":false,"nightOpen00":false,"nightOpen02":false},"geometry":{"type":"Point","coordinates":[126.876998,35.178076]}},{"type":"Feature","properties":{"id":"osm-n6019426949","type":"night_activity","category":"restaurant","name":"난타5000","openingHours":"Mo-Su 10:00-22:00","source":"openstreetmap","nightTier":"day","nightScore":0,"confidence":0.8,"nightOpen22":false,"nightOpen00":false,"nightOpen02":false},"geometry":{"type":"Point","coordinates":[126.897193,35.205374]}},{"type":"Feature","properties":{"id":"osm-n6019550311","type":"night_activity","category":"fast_food","name":"난타 5000","source":"openstreetmap","nightTier":"unknown","nightScore":0.15,"confidence":0.3,"nightOpen22":false,"nightOpen00":false,"nightOpen02":false},"geometry":{"type":"Point","coordinates":[126.893853,35.189677]}},{"type":"Feature","properties":{"id":"osm-n6019588213","type":"night_activity","category":"restaurant","name":"패밀리 오리농원","source":"openstreetmap","nightTier":"unknown","nightScore":0.15,"confidence":0.3,"nightOpen22":false,"nightOpen00":false,"nightOpen02":false},"geometry":{"type":"Point","coordinates":[126.901413,35.215321]}},{"type":"Feature","properties":{"id":"osm-n6019588214","type":"night_activity","category":"restaurant","name":"일곡 추어탕","source":"openstreetmap","nightTier":"unknown","nightScore":0.15,"confidence":0.3,"nightOpen22":false,"nightOpen00":false,"nightOpen02":false},"geometry":{"type":"Point","coordinates":[126.901127,35.21508]}},{"type":"Feature","properties":{"id":"osm-n6019622199","type":"night_activity","category":"restaurant","name":"홍익 돈까스","source":"openstreetmap","nightTier":"unknown","nightScore":0.15,"confidence":0.3,"nightOpen22":false,"nightOpen00":false,"nightOpen02":false},"geometry":{"type":"Point","coordinates":[126.891249,35.187604]}},{"type":"Feature","properties":{"id":"osm-n6019622704","type":"night_activity","category":"cafe","name":"커피앤뷰","source":"openstreetmap","nightTier":"unknown","nightScore":0.15,"confidence":0.3,"nightOpen22":false,"nightOpen00":false,"nightOpen02":false},"geometry":{"type":"Point","coordinates":[126.890753,35.18952]}},{"type":"Feature","properties":{"id":"osm-n6019843186","type":"night_activity","category":"convenience_store","name":"GS25","source":"openstreetmap","nightTier":"unknown","nightScore":0.15,"confidence":0.3,"nightOpen22":false,"nightOpen00":false,"nightOpen02":false},"geometry":{"type":"Point","coordinates":[126.869621,35.199691]}},{"type":"Feature","properties":{"id":"osm-n6019843220","type":"night_activity","category":"restaurant","name":"새한반점","source":"openstreetmap","nightTier":"unknown","nightScore":0.15,"confidence":0.3,"nightOpen22":false,"nightOpen00":false,"nightOpen02":false},"geometry":{"type":"Point","coordinates":[126.869717,35.199688]}},{"type":"Feature","properties":{"id":"osm-n6019850316","type":"night_activity","category":"restaurant","name":"돈가스","source":"openstreetmap","nightTier":"unknown","nightScore":0.15,"confidence":0.3,"nightOpen22":false,"nightOpen00":false,"nightOpen02":false},"geometry":{"type":"Point","coordinates":[126.869808,35.199456]}},{"type":"Feature","properties":{"id":"osm-n6019892237","type":"night_activity","category":"fast_food","name":"푸라닭","source":"openstreetmap","nightTier":"unknown","nightScore":0.15,"confidence":0.3,"nightOpen22":false,"nightOpen00":false,"nightOpen02":false},"geometry":{"type":"Point","coordinates":[126.89143,35.187606]}},{"type":"Feature","properties":{"id":"osm-n6022350089","type":"night_activity","category":"restaurant","name":"고봉민김밥","source":"openstreetmap","nightTier":"unknown","nightScore":0.15,"confidence":0.3,"nightOpen22":false,"nightOpen00":false,"nightOpen02":false},"geometry":{"type":"Point","coordinates":[126.894389,35.189212]}},{"type":"Feature","properties":{"id":"osm-n6022350095","type":"night_activity","category":"restaurant","name":"손수왕김밥","source":"openstreetmap","nightTier":"unknown","nightScore":0.15,"confidence":0.3,"nightOpen22":false,"nightOpen00":false,"nightOpen02":false},"geometry":{"type":"Point","coordinates":[126.893963,35.189528]}},{"type":"Feature","properties":{"id":"osm-n6022350096","type":"night_activity","category":"cafe","name":"벌크","source":"openstreetmap","nightTier":"unknown","nightScore":0.15,"confidence":0.3,"nightOpen22":false,"nightOpen00":false,"nightOpen02":false},"geometry":{"type":"Point","coordinates":[126.893913,35.189645]}},{"type":"Feature","properties":{"id":"osm-n6022386990","type":"night_activity","category":"cafe","name":"벌크커피","source":"openstreetmap","nightTier":"unknown","nightScore":0.15,"confidence":0.3,"nightOpen22":false,"nightOpen00":false,"nightOpen02":false},"geometry":{"type":"Point","coordinates":[126.878855,35.210331]}},{"type":"Feature","properties":{"id":"osm-n6022386991","type":"night_activity","category":"cafe","name":"더커피팰리스","source":"openstreetmap","nightTier":"unknown","nightScore":0.15,"confidence":0.3,"nightOpen22":false,"nightOpen00":false,"nightOpen02":false},"geometry":{"type":"Point","coordinates":[126.879513,35.210628]}},{"type":"Feature","properties":{"id":"osm-n6022406568","type":"night_activity","category":"restaurant","name":"명랑 핫도그","source":"openstreetmap","nightTier":"unknown","nightScore":0.15,"confidence":0.3,"nightOpen22":false,"nightOpen00":false,"nightOpen02":false},"geometry":{"type":"Point","coordinates":[126.874009,35.212126]}},{"type":"Feature","properties":{"id":"osm-n6022406569","type":"night_activity","category":"restaurant","name":"알통닭강정","source":"openstreetmap","nightTier":"unknown","nightScore":0.15,"confidence":0.3,"nightOpen22":false,"nightOpen00":false,"nightOpen02":false},"geometry":{"type":"Point","coordinates":[126.87409,35.212253]}},{"type":"Feature","properties":{"id":"osm-n6022406571","type":"night_activity","category":"restaurant","name":"베스킨라빈스","source":"openstreetmap","nightTier":"unknown","nightScore":0.15,"confidence":0.3,"nightOpen22":false,"nightOpen00":false,"nightOpen02":false},"geometry":{"type":"Point","coordinates":[126.87386,35.211064]}},{"type":"Feature","properties":{"id":"osm-n6022406572","type":"night_activity","category":"fast_food","name":"롯데리아","source":"openstreetmap","nightTier":"unknown","nightScore":0.15,"confidence":0.3,"nightOpen22":false,"nightOpen00":false,"nightOpen02":false},"geometry":{"type":"Point","coordinates":[126.873708,35.211197]}},{"type":"Feature","properties":{"id":"osm-n6022502390","type":"night_activity","category":"restaurant","name":"비에뜨 반미","source":"openstreetmap","nightTier":"unknown","nightScore":0.15,"confidence":0.3,"nightOpen22":false,"nightOpen00":false,"nightOpen02":false},"geometry":{"type":"Point","coordinates":[126.899444,35.206304]}},{"type":"Feature","properties":{"id":"osm-n6022502391","type":"night_activity","category":"fast_food","name":"촌닭이 두마리","source":"openstreetmap","nightTier":"unknown","nightScore":0.15,"confidence":0.3,"nightOpen22":false,"nightOpen00":false,"nightOpen02":false},"geometry":{"type":"Point","coordinates":[126.899584,35.206365]}},{"type":"Feature","properties":{"id":"osm-n6022502392","type":"night_activity","category":"cafe","name":"Hollys","source":"openstreetmap","nightTier":"unknown","nightScore":0.15,"confidence":0.3,"nightOpen22":false,"nightOpen00":false,"nightOpen02":false},"geometry":{"type":"Point","coordinates":[126.898971,35.205619]}},{"type":"Feature","properties":{"id":"osm-n6022502393","type":"night_activity","category":"cafe","name":"스타벅스","source":"openstreetmap","nightTier":"unknown","nightScore":0.15,"confidence":0.3,"nightOpen22":false,"nightOpen00":false,"nightOpen02":false},"geometry":{"type":"Point","coordinates":[126.897942,35.205572]}},{"type":"Feature","properties":{"id":"osm-n6022618373","type":"night_activity","category":"cafe","name":"이디야커피","source":"openstreetmap","nightTier":"unknown","nightScore":0.15,"confidence":0.3,"nightOpen22":false,"nightOpen00":false,"nightOpen02":false},"geometry":{"type":"Point","coordinates":[126.880883,35.211431]}},{"type":"Feature","properties":{"id":"osm-n6022766389","type":"night_activity","category":"cafe","name":"콩볶는 아저씨","source":"openstreetmap","nightTier":"unknown","nightScore":0.15,"confidence":0.3,"nightOpen22":false,"nightOpen00":false,"nightOpen02":false},"geometry":{"type":"Point","coordinates":[126.89411,35.209933]}},{"type":"Feature","properties":{"id":"osm-n6027015662","type":"night_activity","category":"fast_food","name":"BHC","source":"openstreetmap","nightTier":"unknown","nightScore":0.15,"confidence":0.3,"nightOpen22":false,"nightOpen00":false,"nightOpen02":false},"geometry":{"type":"Point","coordinates":[126.895435,35.207716]}},{"type":"Feature","properties":{"id":"osm-n6027326805","type":"night_activity","category":"cafe","name":"명륜당","source":"openstreetmap","nightTier":"unknown","nightScore":0.15,"confidence":0.3,"nightOpen22":false,"nightOpen00":false,"nightOpen02":false},"geometry":{"type":"Point","coordinates":[126.891681,35.187292]}},{"type":"Feature","properties":{"id":"osm-n6027326806","type":"night_activity","category":"restaurant","name":"켄터키 치킨","source":"openstreetmap","nightTier":"unknown","nightScore":0.15,"confidence":0.3,"nightOpen22":false,"nightOpen00":false,"nightOpen02":false},"geometry":{"type":"Point","coordinates":[126.89058,35.187615]}},{"type":"Feature","properties":{"id":"osm-n6027326807","type":"night_activity","category":"cafe","name":"셀디 스터디 카페","source":"openstreetmap","nightTier":"unknown","nightScore":0.15,"confidence":0.3,"nightOpen22":false,"nightOpen00":false,"nightOpen02":false},"geometry":{"type":"Point","coordinates":[126.890596,35.187688]}},{"type":"Feature","properties":{"id":"osm-n6027326808","type":"night_activity","category":"restaurant","name":"동명까츠","source":"openstreetmap","nightTier":"unknown","nightScore":0.15,"confidence":0.3,"nightOpen22":false,"nightOpen00":false,"nightOpen02":false},"geometry":{"type":"Point","coordinates":[126.891027,35.187618]}},{"type":"Feature","properties":{"id":"osm-n6027326810","type":"night_activity","category":"restaurant","name":"비에뜨반미","source":"openstreetmap","nightTier":"unknown","nightScore":0.15,"confidence":0.3,"nightOpen22":false,"nightOpen00":false,"nightOpen02":false},"geometry":{"type":"Point","coordinates":[126.891585,35.187614]}},{"type":"Feature","properties":{"id":"osm-n6035343961","type":"night_activity","category":"restaurant","name":"국수나무","source":"openstreetmap","nightTier":"unknown","nightScore":0.15,"confidence":0.3,"nightOpen22":false,"nightOpen00":false,"nightOpen02":false},"geometry":{"type":"Point","coordinates":[126.920924,35.185682]}},{"type":"Feature","properties":{"id":"osm-n6039472771","type":"night_activity","category":"restaurant","name":"더족","source":"openstreetmap","nightTier":"unknown","nightScore":0.15,"confidence":0.3,"nightOpen22":false,"nightOpen00":false,"nightOpen02":false},"geometry":{"type":"Point","coordinates":[126.892049,35.189341]}},{"type":"Feature","properties":{"id":"osm-n6039472772","type":"night_activity","category":"restaurant","name":"젊은오빠","source":"openstreetmap","nightTier":"unknown","nightScore":0.15,"confidence":0.3,"nightOpen22":false,"nightOpen00":false,"nightOpen02":false},"geometry":{"type":"Point","coordinates":[126.890747,35.189137]}},{"type":"Feature","properties":{"id":"osm-n6039472774","type":"night_activity","category":"supermarket","name":"다담 식자재마트","source":"openstreetmap","nightTier":"unknown","nightScore":0.15,"confidence":0.3,"nightOpen22":false,"nightOpen00":false,"nightOpen02":false},"geometry":{"type":"Point","coordinates":[126.895437,35.187765]}},{"type":"Feature","properties":{"id":"osm-n6039472777","type":"night_activity","category":"restaurant","name":"알통떡강정","source":"openstreetmap","nightTier":"unknown","nightScore":0.15,"confidence":0.3,"nightOpen22":false,"nightOpen00":false,"nightOpen02":false},"geometry":{"type":"Point","coordinates":[126.894466,35.188571]}},{"type":"Feature","properties":{"id":"osm-n6039472778","type":"night_activity","category":"restaurant","name":"신전 떡볶이","source":"openstreetmap","nightTier":"unknown","nightScore":0.15,"confidence":0.3,"nightOpen22":false,"nightOpen00":false,"nightOpen02":false},"geometry":{"type":"Point","coordinates":[126.89443,35.188814]}},{"type":"Feature","properties":{"id":"osm-n6039472779","type":"night_activity","category":"cafe","name":"이디야커피","source":"openstreetmap","nightTier":"unknown","nightScore":0.15,"confidence":0.3,"nightOpen22":false,"nightOpen00":false,"nightOpen02":false},"geometry":{"type":"Point","coordinates":[126.894448,35.189021]}},{"type":"Feature","properties":{"id":"osm-n6063746016","type":"night_activity","category":"convenience_store","name":"세븐일레븐","source":"openstreetmap","nightTier":"unknown","nightScore":0.15,"confidence":0.3,"nightOpen22":false,"nightOpen00":false,"nightOpen02":false},"geometry":{"type":"Point","coordinates":[126.890538,35.191712]}},{"type":"Feature","properties":{"id":"osm-n6063746019","type":"night_activity","category":"supermarket","name":"영암마트","openingHours":"월요일-일요일","source":"openstreetmap","nightTier":"24h","nightScore":1,"confidence":0.8,"nightOpen22":true,"nightOpen00":true,"nightOpen02":true},"geometry":{"type":"Point","coordinates":[126.893206,35.191204]}},{"type":"Feature","properties":{"id":"osm-n6063746052","type":"night_activity","category":"convenience_store","name":"GS25","openingHours":"24/7","source":"openstreetmap","nightTier":"24h","nightScore":1,"confidence":0.9,"nightOpen22":true,"nightOpen00":true,"nightOpen02":true},"geometry":{"type":"Point","coordinates":[126.898663,35.210508]}},{"type":"Feature","properties":{"id":"osm-n6063750290","type":"night_activity","category":"restaurant","name":"서태후","source":"openstreetmap","nightTier":"unknown","nightScore":0.15,"confidence":0.3,"nightOpen22":false,"nightOpen00":false,"nightOpen02":false},"geometry":{"type":"Point","coordinates":[126.893312,35.208546]}},{"type":"Feature","properties":{"id":"osm-n6175977510","type":"night_activity","category":"fast_food","name":"롯데리아","source":"openstreetmap","nightTier":"unknown","nightScore":0.15,"confidence":0.3,"nightOpen22":false,"nightOpen00":false,"nightOpen02":false},"geometry":{"type":"Point","coordinates":[126.882924,35.155401]}},{"type":"Feature","properties":{"id":"osm-n6225145996","type":"night_activity","category":"supermarket","name":"금호월드","source":"openstreetmap","nightTier":"unknown","nightScore":0.15,"confidence":0.3,"nightOpen22":false,"nightOpen00":false,"nightOpen02":false},"geometry":{"type":"Point","coordinates":[126.881567,35.157949]}},{"type":"Feature","properties":{"id":"osm-n6299055444","type":"night_activity","category":"cafe","name":"엔제리너스","source":"openstreetmap","nightTier":"unknown","nightScore":0.15,"confidence":0.3,"nightOpen22":false,"nightOpen00":false,"nightOpen02":false},"geometry":{"type":"Point","coordinates":[126.897443,35.186645]}},{"type":"Feature","properties":{"id":"osm-n6522652058","type":"night_activity","category":"restaurant","name":"마마스케일","source":"openstreetmap","nightTier":"unknown","nightScore":0.15,"confidence":0.3,"nightOpen22":false,"nightOpen00":false,"nightOpen02":false},"geometry":{"type":"Point","coordinates":[126.9047,35.105389]}},{"type":"Feature","properties":{"id":"osm-n6554241986","type":"night_activity","category":"supermarket","name":"슈퍼마켓 비타민","source":"openstreetmap","nightTier":"unknown","nightScore":0.15,"confidence":0.3,"nightOpen22":false,"nightOpen00":false,"nightOpen02":false},"geometry":{"type":"Point","coordinates":[126.916517,35.166322]}},{"type":"Feature","properties":{"id":"osm-n6589797721","type":"night_activity","category":"convenience_store","name":"GS25","source":"openstreetmap","nightTier":"unknown","nightScore":0.15,"confidence":0.3,"nightOpen22":false,"nightOpen00":false,"nightOpen02":false},"geometry":{"type":"Point","coordinates":[126.88696,35.170009]}},{"type":"Feature","properties":{"id":"osm-n6709348508","type":"night_activity","category":"restaurant","name":"피자스쿨 광주광천점","source":"openstreetmap","nightTier":"unknown","nightScore":0.15,"confidence":0.3,"nightOpen22":false,"nightOpen00":false,"nightOpen02":false},"geometry":{"type":"Point","coordinates":[126.877805,35.165776]}},{"type":"Feature","properties":{"id":"osm-n6709348509","type":"night_activity","category":"cafe","name":"카페르끌로","source":"openstreetmap","nightTier":"unknown","nightScore":0.15,"confidence":0.3,"nightOpen22":false,"nightOpen00":false,"nightOpen02":false},"geometry":{"type":"Point","coordinates":[126.873944,35.170114]}},{"type":"Feature","properties":{"id":"osm-n6709348510","type":"night_activity","category":"cafe","name":"커피포션","source":"openstreetmap","nightTier":"unknown","nightScore":0.15,"confidence":0.3,"nightOpen22":false,"nightOpen00":false,"nightOpen02":false},"geometry":{"type":"Point","coordinates":[126.874972,35.170598]}},{"type":"Feature","properties":{"id":"osm-n6718668134","type":"night_activity","category":"convenience_store","name":"미니스톱 유촌버들점","source":"openstreetmap","nightTier":"unknown","nightScore":0.15,"confidence":0.3,"nightOpen22":false,"nightOpen00":false,"nightOpen02":false},"geometry":{"type":"Point","coordinates":[126.86184,35.165567]}},{"type":"Feature","properties":{"id":"osm-n6746062391","type":"night_activity","category":"cafe","name":"한옥카페 암브로시아","source":"openstreetmap","nightTier":"unknown","nightScore":0.15,"confidence":0.3,"nightOpen22":false,"nightOpen00":false,"nightOpen02":false},"geometry":{"type":"Point","coordinates":[126.916019,35.139455]}},{"type":"Feature","properties":{"id":"osm-n6928887299","type":"night_activity","category":"restaurant","name":"장미분식","source":"openstreetmap","nightTier":"unknown","nightScore":0.15,"confidence":0.3,"nightOpen22":false,"nightOpen00":false,"nightOpen02":false},"geometry":{"type":"Point","coordinates":[126.890899,35.188052]}},{"type":"Feature","properties":{"id":"osm-n7045987187","type":"night_activity","category":"convenience_store","name":"CU","openingHours":"24/7","source":"openstreetmap","nightTier":"24h","nightScore":1,"confidence":0.9,"nightOpen22":true,"nightOpen00":true,"nightOpen02":true},"geometry":{"type":"Point","coordinates":[126.919243,35.161019]}},{"type":"Feature","properties":{"id":"osm-n7045989485","type":"night_activity","category":"convenience_store","name":"CU","openingHours":"24/7","source":"openstreetmap","nightTier":"24h","nightScore":1,"confidence":0.9,"nightOpen22":true,"nightOpen00":true,"nightOpen02":true},"geometry":{"type":"Point","coordinates":[126.918305,35.175597]}},{"type":"Feature","properties":{"id":"osm-n7176915385","type":"night_activity","category":"restaurant","name":"restaurant","source":"openstreetmap","nightTier":"unknown","nightScore":0.15,"confidence":0.3,"nightOpen22":false,"nightOpen00":false,"nightOpen02":false},"geometry":{"type":"Point","coordinates":[126.91739,35.137507]}},{"type":"Feature","properties":{"id":"osm-n7178594492","type":"night_activity","category":"restaurant","name":"restaurant","source":"openstreetmap","nightTier":"unknown","nightScore":0.15,"confidence":0.3,"nightOpen22":false,"nightOpen00":false,"nightOpen02":false},"geometry":{"type":"Point","coordinates":[126.92156,35.140429]}},{"type":"Feature","properties":{"id":"osm-n7178595086","type":"night_activity","category":"convenience_store","name":"convenience_store","source":"openstreetmap","nightTier":"unknown","nightScore":0.15,"confidence":0.3,"nightOpen22":false,"nightOpen00":false,"nightOpen02":false},"geometry":{"type":"Point","coordinates":[126.915568,35.14369]}},{"type":"Feature","properties":{"id":"osm-n7326690293","type":"night_activity","category":"fast_food","name":"맘스터치","source":"openstreetmap","nightTier":"unknown","nightScore":0.15,"confidence":0.3,"nightOpen22":false,"nightOpen00":false,"nightOpen02":false},"geometry":{"type":"Point","coordinates":[126.914275,35.122945]}},{"type":"Feature","properties":{"id":"osm-n7326690294","type":"night_activity","category":"cafe","name":"스타벅스","source":"openstreetmap","nightTier":"unknown","nightScore":0.15,"confidence":0.3,"nightOpen22":false,"nightOpen00":false,"nightOpen02":false},"geometry":{"type":"Point","coordinates":[126.914139,35.122934]}},{"type":"Feature","properties":{"id":"osm-n8199320029","type":"night_activity","category":"cafe","name":"스타벅스","source":"openstreetmap","nightTier":"unknown","nightScore":0.15,"confidence":0.3,"nightOpen22":false,"nightOpen00":false,"nightOpen02":false},"geometry":{"type":"Point","coordinates":[126.894847,35.171496]}},{"type":"Feature","properties":{"id":"osm-n8324663074","type":"night_activity","category":"cafe","name":"스타벅스","source":"openstreetmap","nightTier":"unknown","nightScore":0.15,"confidence":0.3,"nightOpen22":false,"nightOpen00":false,"nightOpen02":false},"geometry":{"type":"Point","coordinates":[126.907869,35.124135]}},{"type":"Feature","properties":{"id":"osm-n8324705366","type":"night_activity","category":"fast_food","name":"아주커치킨","source":"openstreetmap","nightTier":"unknown","nightScore":0.15,"confidence":0.3,"nightOpen22":false,"nightOpen00":false,"nightOpen02":false},"geometry":{"type":"Point","coordinates":[126.906682,35.125194]}},{"type":"Feature","properties":{"id":"osm-n8324705372","type":"night_activity","category":"restaurant","name":"포구","source":"openstreetmap","nightTier":"unknown","nightScore":0.15,"confidence":0.3,"nightOpen22":false,"nightOpen00":false,"nightOpen02":false},"geometry":{"type":"Point","coordinates":[126.907697,35.125303]}},{"type":"Feature","properties":{"id":"osm-n8324705375","type":"night_activity","category":"restaurant","name":"반야","source":"openstreetmap","nightTier":"unknown","nightScore":0.15,"confidence":0.3,"nightOpen22":false,"nightOpen00":false,"nightOpen02":false},"geometry":{"type":"Point","coordinates":[126.908766,35.125743]}},{"type":"Feature","properties":{"id":"osm-n8324705377","type":"night_activity","category":"restaurant","name":"참좋은칼국수","source":"openstreetmap","nightTier":"unknown","nightScore":0.15,"confidence":0.3,"nightOpen22":false,"nightOpen00":false,"nightOpen02":false},"geometry":{"type":"Point","coordinates":[126.90891,35.125765]}},{"type":"Feature","properties":{"id":"osm-n8324705378","type":"night_activity","category":"restaurant","name":"물노리","source":"openstreetmap","nightTier":"unknown","nightScore":0.15,"confidence":0.3,"nightOpen22":false,"nightOpen00":false,"nightOpen02":false},"geometry":{"type":"Point","coordinates":[126.909117,35.125721]}},{"type":"Feature","properties":{"id":"osm-n8324705379","type":"night_activity","category":"restaurant","name":"백로곱창","source":"openstreetmap","nightTier":"unknown","nightScore":0.15,"confidence":0.3,"nightOpen22":false,"nightOpen00":false,"nightOpen02":false},"geometry":{"type":"Point","coordinates":[126.90911,35.126052]}},{"type":"Feature","properties":{"id":"osm-n8324705380","type":"night_activity","category":"restaurant","name":"마라맨션","source":"openstreetmap","nightTier":"unknown","nightScore":0.15,"confidence":0.3,"nightOpen22":false,"nightOpen00":false,"nightOpen02":false},"geometry":{"type":"Point","coordinates":[126.909321,35.126046]}},{"type":"Feature","properties":{"id":"osm-n8324705381","type":"night_activity","category":"restaurant","name":"마마통","source":"openstreetmap","nightTier":"unknown","nightScore":0.15,"confidence":0.3,"nightOpen22":false,"nightOpen00":false,"nightOpen02":false},"geometry":{"type":"Point","coordinates":[126.90937,35.125798]}},{"type":"Feature","properties":{"id":"osm-n8324705383","type":"night_activity","category":"restaurant","name":"마포선장","source":"openstreetmap","nightTier":"unknown","nightScore":0.15,"confidence":0.3,"nightOpen22":false,"nightOpen00":false,"nightOpen02":false},"geometry":{"type":"Point","coordinates":[126.909801,35.125812]}},{"type":"Feature","properties":{"id":"osm-n8324705384","type":"night_activity","category":"fast_food","name":"교촌치킨 봉선2호점","source":"openstreetmap","nightTier":"unknown","nightScore":0.15,"confidence":0.3,"nightOpen22":false,"nightOpen00":false,"nightOpen02":false},"geometry":{"type":"Point","coordinates":[126.909814,35.125768]}},{"type":"Feature","properties":{"id":"osm-n8324705385","type":"night_activity","category":"restaurant","name":"벽돌집","source":"openstreetmap","nightTier":"unknown","nightScore":0.15,"confidence":0.3,"nightOpen22":false,"nightOpen00":false,"nightOpen02":false},"geometry":{"type":"Point","coordinates":[126.91036,35.125808]}},{"type":"Feature","properties":{"id":"osm-n8324705386","type":"night_activity","category":"restaurant","name":"기동이네 해장국","source":"openstreetmap","nightTier":"unknown","nightScore":0.15,"confidence":0.3,"nightOpen22":false,"nightOpen00":false,"nightOpen02":false},"geometry":{"type":"Point","coordinates":[126.910428,35.125788]}},{"type":"Feature","properties":{"id":"osm-n8356331069","type":"night_activity","category":"supermarket","name":"영암마트 지산점","source":"openstreetmap","nightTier":"unknown","nightScore":0.15,"confidence":0.3,"nightOpen22":false,"nightOpen00":false,"nightOpen02":false},"geometry":{"type":"Point","coordinates":[126.93663,35.148042]}},{"type":"Feature","properties":{"id":"osm-n8356331077","type":"night_activity","category":"pharmacy","name":"세란약국","source":"openstreetmap","nightTier":"unknown","nightScore":0.15,"confidence":0.3,"nightOpen22":false,"nightOpen00":false,"nightOpen02":false},"geometry":{"type":"Point","coordinates":[126.927711,35.146728]}},{"type":"Feature","properties":{"id":"osm-n8356331078","type":"night_activity","category":"convenience_store","name":"세븐일레븐","openingHours":"24/7","source":"openstreetmap","nightTier":"24h","nightScore":1,"confidence":0.9,"nightOpen22":true,"nightOpen00":true,"nightOpen02":true},"geometry":{"type":"Point","coordinates":[126.927846,35.146963]}},{"type":"Feature","properties":{"id":"osm-n8356331079","type":"night_activity","category":"cafe","name":"투썸플레이스","source":"openstreetmap","nightTier":"unknown","nightScore":0.15,"confidence":0.3,"nightOpen22":false,"nightOpen00":false,"nightOpen02":false},"geometry":{"type":"Point","coordinates":[126.927871,35.146909]}},{"type":"Feature","properties":{"id":"osm-n8361245234","type":"night_activity","category":"convenience_store","name":"행운마트","source":"openstreetmap","nightTier":"unknown","nightScore":0.15,"confidence":0.3,"nightOpen22":false,"nightOpen00":false,"nightOpen02":false},"geometry":{"type":"Point","coordinates":[126.897834,35.170871]}},{"type":"Feature","properties":{"id":"osm-n8361245243","type":"night_activity","category":"restaurant","name":"이비가짬뽕","source":"openstreetmap","nightTier":"unknown","nightScore":0.15,"confidence":0.3,"nightOpen22":false,"nightOpen00":false,"nightOpen02":false},"geometry":{"type":"Point","coordinates":[126.897968,35.171817]}},{"type":"Feature","properties":{"id":"osm-n8361245246","type":"night_activity","category":"convenience_store","name":"세븐일레븐","source":"openstreetmap","nightTier":"unknown","nightScore":0.15,"confidence":0.3,"nightOpen22":false,"nightOpen00":false,"nightOpen02":false},"geometry":{"type":"Point","coordinates":[126.891511,35.167332]}},{"type":"Feature","properties":{"id":"osm-n8361245247","type":"night_activity","category":"supermarket","name":"더줌인베스트 더줌마트 임동지점","source":"openstreetmap","nightTier":"unknown","nightScore":0.15,"confidence":0.3,"nightOpen22":false,"nightOpen00":false,"nightOpen02":false},"geometry":{"type":"Point","coordinates":[126.892255,35.166739]}},{"type":"Feature","properties":{"id":"osm-n8515687005","type":"night_activity","category":"restaurant","name":"소쇄원채식뷔페","source":"openstreetmap","nightTier":"unknown","nightScore":0.15,"confidence":0.3,"nightOpen22":false,"nightOpen00":false,"nightOpen02":false},"geometry":{"type":"Point","coordinates":[127.009746,35.184957]}},{"type":"Feature","properties":{"id":"osm-n8515702366","type":"night_activity","category":"restaurant","name":"광주댐숯불풍천장어","source":"openstreetmap","nightTier":"unknown","nightScore":0.15,"confidence":0.3,"nightOpen22":false,"nightOpen00":false,"nightOpen02":false},"geometry":{"type":"Point","coordinates":[126.993515,35.193179]}},{"type":"Feature","properties":{"id":"osm-n8515702367","type":"night_activity","category":"restaurant","name":"절라도식당","source":"openstreetmap","nightTier":"unknown","nightScore":0.15,"confidence":0.3,"nightOpen22":false,"nightOpen00":false,"nightOpen02":false},"geometry":{"type":"Point","coordinates":[127.008461,35.184207]}},{"type":"Feature","properties":{"id":"osm-n8515702370","type":"night_activity","category":"restaurant","name":"대박흑두부","source":"openstreetmap","nightTier":"unknown","nightScore":0.15,"confidence":0.3,"nightOpen22":false,"nightOpen00":false,"nightOpen02":false},"geometry":{"type":"Point","coordinates":[127.009272,35.183364]}},{"type":"Feature","properties":{"id":"osm-n8515706196","type":"night_activity","category":"restaurant","name":"시골집","source":"openstreetmap","nightTier":"unknown","nightScore":0.15,"confidence":0.3,"nightOpen22":false,"nightOpen00":false,"nightOpen02":false},"geometry":{"type":"Point","coordinates":[126.987697,35.204008]}},{"type":"Feature","properties":{"id":"osm-n8515706198","type":"night_activity","category":"restaurant","name":"자연산민물","source":"openstreetmap","nightTier":"unknown","nightScore":0.15,"confidence":0.3,"nightOpen22":false,"nightOpen00":false,"nightOpen02":false},"geometry":{"type":"Point","coordinates":[126.985708,35.208187]}},{"type":"Feature","properties":{"id":"osm-n8515709818","type":"night_activity","category":"restaurant","name":"들풀산채정식","source":"openstreetmap","nightTier":"unknown","nightScore":0.15,"confidence":0.3,"nightOpen22":false,"nightOpen00":false,"nightOpen02":false},"geometry":{"type":"Point","coordinates":[126.986316,35.205579]}},{"type":"Feature","properties":{"id":"osm-n8515710289","type":"night_activity","category":"restaurant","name":"올라알파카 카페","source":"openstreetmap","nightTier":"unknown","nightScore":0.15,"confidence":0.3,"nightOpen22":false,"nightOpen00":false,"nightOpen02":false},"geometry":{"type":"Point","coordinates":[127.00639,35.095312]}},{"type":"Feature","properties":{"id":"osm-n8515710291","type":"night_activity","category":"restaurant","name":"임광복의뜨락","source":"openstreetmap","nightTier":"unknown","nightScore":0.15,"confidence":0.3,"nightOpen22":false,"nightOpen00":false,"nightOpen02":false},"geometry":{"type":"Point","coordinates":[126.985076,35.082]}},{"type":"Feature","properties":{"id":"osm-n8515710312","type":"night_activity","category":"restaurant","name":"산마을다람쥐","source":"openstreetmap","nightTier":"unknown","nightScore":0.15,"confidence":0.3,"nightOpen22":false,"nightOpen00":false,"nightOpen02":false},"geometry":{"type":"Point","coordinates":[127.008156,35.09239]}},{"type":"Feature","properties":{"id":"osm-n8515711219","type":"night_activity","category":"restaurant","name":"수만리커피","source":"openstreetmap","nightTier":"unknown","nightScore":0.15,"confidence":0.3,"nightOpen22":false,"nightOpen00":false,"nightOpen02":false},"geometry":{"type":"Point","coordinates":[127.019473,35.090477]}},{"type":"Feature","properties":{"id":"osm-n8516122308","type":"night_activity","category":"convenience_store","name":"CU","source":"openstreetmap","nightTier":"unknown","nightScore":0.15,"confidence":0.3,"nightOpen22":false,"nightOpen00":false,"nightOpen02":false},"geometry":{"type":"Point","coordinates":[126.922884,35.185539]}},{"type":"Feature","properties":{"id":"osm-n8516122312","type":"night_activity","category":"restaurant","name":"깨순이김밥","source":"openstreetmap","nightTier":"unknown","nightScore":0.15,"confidence":0.3,"nightOpen22":false,"nightOpen00":false,"nightOpen02":false},"geometry":{"type":"Point","coordinates":[126.922604,35.185837]}},{"type":"Feature","properties":{"id":"osm-n8516122316","type":"night_activity","category":"restaurant","name":"큰뼈","source":"openstreetmap","nightTier":"unknown","nightScore":0.15,"confidence":0.3,"nightOpen22":false,"nightOpen00":false,"nightOpen02":false},"geometry":{"type":"Point","coordinates":[126.922207,35.186013]}},{"type":"Feature","properties":{"id":"osm-n8516148622","type":"night_activity","category":"pharmacy","name":"종로약국","source":"openstreetmap","nightTier":"unknown","nightScore":0.15,"confidence":0.3,"nightOpen22":false,"nightOpen00":false,"nightOpen02":false},"geometry":{"type":"Point","coordinates":[126.921894,35.185733]}},{"type":"Feature","properties":{"id":"osm-n8516148623","type":"night_activity","category":"fast_food","name":"맘스터치","source":"openstreetmap","nightTier":"unknown","nightScore":0.15,"confidence":0.3,"nightOpen22":false,"nightOpen00":false,"nightOpen02":false},"geometry":{"type":"Point","coordinates":[126.921596,35.186349]}},{"type":"Feature","properties":{"id":"osm-n8516148625","type":"night_activity","category":"restaurant","name":"고향국밥","source":"openstreetmap","nightTier":"unknown","nightScore":0.15,"confidence":0.3,"nightOpen22":false,"nightOpen00":false,"nightOpen02":false},"geometry":{"type":"Point","coordinates":[126.921542,35.186271]}},{"type":"Feature","properties":{"id":"osm-n8516148626","type":"night_activity","category":"restaurant","name":"숫불돼지갈비노담지","source":"openstreetmap","nightTier":"unknown","nightScore":0.15,"confidence":0.3,"nightOpen22":false,"nightOpen00":false,"nightOpen02":false},"geometry":{"type":"Point","coordinates":[126.921414,35.186403]}},{"type":"Feature","properties":{"id":"osm-n8516148629","type":"night_activity","category":"restaurant","name":"칠우대패삼겹살","source":"openstreetmap","nightTier":"unknown","nightScore":0.15,"confidence":0.3,"nightOpen22":false,"nightOpen00":false,"nightOpen02":false},"geometry":{"type":"Point","coordinates":[126.92122,35.186485]}},{"type":"Feature","properties":{"id":"osm-n8516148631","type":"night_activity","category":"pharmacy","name":"믿음약국","source":"openstreetmap","nightTier":"unknown","nightScore":0.15,"confidence":0.3,"nightOpen22":false,"nightOpen00":false,"nightOpen02":false},"geometry":{"type":"Point","coordinates":[126.921062,35.186625]}},{"type":"Feature","properties":{"id":"osm-n8516148640","type":"night_activity","category":"cafe","name":"호밀호두&cafe","source":"openstreetmap","nightTier":"unknown","nightScore":0.15,"confidence":0.3,"nightOpen22":false,"nightOpen00":false,"nightOpen02":false},"geometry":{"type":"Point","coordinates":[126.920907,35.186262]}},{"type":"Feature","properties":{"id":"osm-n8516148642","type":"night_activity","category":"cafe","name":"Hollys","source":"openstreetmap","nightTier":"unknown","nightScore":0.15,"confidence":0.3,"nightOpen22":false,"nightOpen00":false,"nightOpen02":false},"geometry":{"type":"Point","coordinates":[126.92127,35.186056]}},{"type":"Feature","properties":{"id":"osm-n8516148643","type":"night_activity","category":"cafe","name":"청자다방","source":"openstreetmap","nightTier":"unknown","nightScore":0.15,"confidence":0.3,"nightOpen22":false,"nightOpen00":false,"nightOpen02":false},"geometry":{"type":"Point","coordinates":[126.921361,35.18599]}},{"type":"Feature","properties":{"id":"osm-n8516148644","type":"night_activity","category":"restaurant","name":"본죽","source":"openstreetmap","nightTier":"unknown","nightScore":0.15,"confidence":0.3,"nightOpen22":false,"nightOpen00":false,"nightOpen02":false},"geometry":{"type":"Point","coordinates":[126.92141,35.185969]}},{"type":"Feature","properties":{"id":"osm-n8516148646","type":"night_activity","category":"cafe","name":"바른카페","source":"openstreetmap","nightTier":"unknown","nightScore":0.15,"confidence":0.3,"nightOpen22":false,"nightOpen00":false,"nightOpen02":false},"geometry":{"type":"Point","coordinates":[126.921663,35.185848]}},{"type":"Feature","properties":{"id":"osm-n8516148653","type":"night_activity","category":"pharmacy","name":"광장약국","source":"openstreetmap","nightTier":"unknown","nightScore":0.15,"confidence":0.3,"nightOpen22":false,"nightOpen00":false,"nightOpen02":false},"geometry":{"type":"Point","coordinates":[126.922515,35.185393]}},{"type":"Feature","properties":{"id":"osm-n8520470034","type":"night_activity","category":"cafe","name":"엔제리너스","source":"openstreetmap","nightTier":"unknown","nightScore":0.15,"confidence":0.3,"nightOpen22":false,"nightOpen00":false,"nightOpen02":false},"geometry":{"type":"Point","coordinates":[126.921117,35.185617]}},{"type":"Feature","properties":{"id":"osm-n8520470038","type":"night_activity","category":"pharmacy","name":"참온누리약국","source":"openstreetmap","nightTier":"unknown","nightScore":0.15,"confidence":0.3,"nightOpen22":false,"nightOpen00":false,"nightOpen02":false},"geometry":{"type":"Point","coordinates":[126.921674,35.185353]}},{"type":"Feature","properties":{"id":"osm-n8520470039","type":"night_activity","category":"restaurant","name":"털보네집","source":"openstreetmap","nightTier":"unknown","nightScore":0.15,"confidence":0.3,"nightOpen22":false,"nightOpen00":false,"nightOpen02":false},"geometry":{"type":"Point","coordinates":[126.92179,35.185241]}},{"type":"Feature","properties":{"id":"osm-n8520470040","type":"night_activity","category":"fast_food","name":"롯데리아","source":"openstreetmap","nightTier":"unknown","nightScore":0.15,"confidence":0.3,"nightOpen22":false,"nightOpen00":false,"nightOpen02":false},"geometry":{"type":"Point","coordinates":[126.921968,35.185169]}},{"type":"Feature","properties":{"id":"osm-n8520470043","type":"night_activity","category":"restaurant","name":"김밥랜드","source":"openstreetmap","nightTier":"unknown","nightScore":0.15,"confidence":0.3,"nightOpen22":false,"nightOpen00":false,"nightOpen02":false},"geometry":{"type":"Point","coordinates":[126.92223,35.184725]}},{"type":"Feature","properties":{"id":"osm-n8520470044","type":"night_activity","category":"convenience_store","name":"세븐일레븐","source":"openstreetmap","nightTier":"unknown","nightScore":0.15,"confidence":0.3,"nightOpen22":false,"nightOpen00":false,"nightOpen02":false},"geometry":{"type":"Point","coordinates":[126.922171,35.184619]}},{"type":"Feature","properties":{"id":"osm-n8520470046","type":"night_activity","category":"restaurant","name":"허가네약초오리","source":"openstreetmap","nightTier":"unknown","nightScore":0.15,"confidence":0.3,"nightOpen22":false,"nightOpen00":false,"nightOpen02":false},"geometry":{"type":"Point","coordinates":[126.92175,35.184824]}},{"type":"Feature","properties":{"id":"osm-n8520470048","type":"night_activity","category":"restaurant","name":"놀부보쌈&부대찌개","source":"openstreetmap","nightTier":"unknown","nightScore":0.15,"confidence":0.3,"nightOpen22":false,"nightOpen00":false,"nightOpen02":false},"geometry":{"type":"Point","coordinates":[126.921594,35.184906]}},{"type":"Feature","properties":{"id":"osm-n8520470049","type":"night_activity","category":"restaurant","name":"한마음정육식당","source":"openstreetmap","nightTier":"unknown","nightScore":0.15,"confidence":0.3,"nightOpen22":false,"nightOpen00":false,"nightOpen02":false},"geometry":{"type":"Point","coordinates":[126.9211,35.185124]}},{"type":"Feature","properties":{"id":"osm-n8520470050","type":"night_activity","category":"restaurant","name":"불타는복돼지","source":"openstreetmap","nightTier":"unknown","nightScore":0.15,"confidence":0.3,"nightOpen22":false,"nightOpen00":false,"nightOpen02":false},"geometry":{"type":"Point","coordinates":[126.920997,35.185276]}},{"type":"Feature","properties":{"id":"osm-n8520470051","type":"night_activity","category":"restaurant","name":"바다로활어관","source":"openstreetmap","nightTier":"unknown","nightScore":0.15,"confidence":0.3,"nightOpen22":false,"nightOpen00":false,"nightOpen02":false},"geometry":{"type":"Point","coordinates":[126.920848,35.185349]}},{"type":"Feature","properties":{"id":"osm-n8520470052","type":"night_activity","category":"restaurant","name":"족발집배원","source":"openstreetmap","nightTier":"unknown","nightScore":0.15,"confidence":0.3,"nightOpen22":false,"nightOpen00":false,"nightOpen02":false},"geometry":{"type":"Point","coordinates":[126.92068,35.185441]}},{"type":"Feature","properties":{"id":"osm-n8520470053","type":"night_activity","category":"supermarket","name":"장터할인마트","source":"openstreetmap","nightTier":"unknown","nightScore":0.15,"confidence":0.3,"nightOpen22":false,"nightOpen00":false,"nightOpen02":false},"geometry":{"type":"Point","coordinates":[126.920494,35.185473]}},{"type":"Feature","properties":{"id":"osm-n8520470054","type":"night_activity","category":"convenience_store","name":"세븐일레븐","source":"openstreetmap","nightTier":"unknown","nightScore":0.15,"confidence":0.3,"nightOpen22":false,"nightOpen00":false,"nightOpen02":false},"geometry":{"type":"Point","coordinates":[126.920244,35.185616]}},{"type":"Feature","properties":{"id":"osm-n8520542606","type":"night_activity","category":"supermarket","name":"주식회사엠마켓문흥","source":"openstreetmap","nightTier":"unknown","nightScore":0.15,"confidence":0.3,"nightOpen22":false,"nightOpen00":false,"nightOpen02":false},"geometry":{"type":"Point","coordinates":[126.923256,35.186124]}},{"type":"Feature","properties":{"id":"osm-n8522878722","type":"night_activity","category":"convenience_store","name":"CU","source":"openstreetmap","nightTier":"unknown","nightScore":0.15,"confidence":0.3,"nightOpen22":false,"nightOpen00":false,"nightOpen02":false},"geometry":{"type":"Point","coordinates":[126.922306,35.190742]}},{"type":"Feature","properties":{"id":"osm-n8815324323","type":"night_activity","category":"supermarket","name":"SM마트","source":"openstreetmap","nightTier":"unknown","nightScore":0.15,"confidence":0.3,"nightOpen22":false,"nightOpen00":false,"nightOpen02":false},"geometry":{"type":"Point","coordinates":[126.88084,35.1554]}},{"type":"Feature","properties":{"id":"osm-n8910902820","type":"night_activity","category":"supermarket","name":"블랙데이 식자재마트","source":"openstreetmap","nightTier":"unknown","nightScore":0.15,"confidence":0.3,"nightOpen22":false,"nightOpen00":false,"nightOpen02":false},"geometry":{"type":"Point","coordinates":[126.89416,35.101938]}},{"type":"Feature","properties":{"id":"osm-n9008084599","type":"night_activity","category":"cafe","name":"카페515","openingHours":"Mo-Fr 11:00-22:00; Sa, Su 12:00-21:00","source":"openstreetmap","nightTier":"day","nightScore":0,"confidence":0.8,"nightOpen22":false,"nightOpen00":false,"nightOpen02":false},"geometry":{"type":"Point","coordinates":[126.917533,35.138004]}},{"type":"Feature","properties":{"id":"osm-n9008085967","type":"night_activity","category":"cafe","name":"스타벅스","source":"openstreetmap","nightTier":"unknown","nightScore":0.15,"confidence":0.3,"nightOpen22":false,"nightOpen00":false,"nightOpen02":false},"geometry":{"type":"Point","coordinates":[126.914645,35.123003]}},{"type":"Feature","properties":{"id":"osm-n9008088194","type":"night_activity","category":"fast_food","name":"버거킹 봉선점","source":"openstreetmap","nightTier":"unknown","nightScore":0.15,"confidence":0.3,"nightOpen22":false,"nightOpen00":false,"nightOpen02":false},"geometry":{"type":"Point","coordinates":[126.9153,35.122928]}},{"type":"Feature","properties":{"id":"osm-n9008767575","type":"night_activity","category":"supermarket","name":"자연드림 광주봉선점","source":"openstreetmap","nightTier":"unknown","nightScore":0.15,"confidence":0.3,"nightOpen22":false,"nightOpen00":false,"nightOpen02":false},"geometry":{"type":"Point","coordinates":[126.912929,35.120974]}},{"type":"Feature","properties":{"id":"osm-n9125409859","type":"night_activity","category":"cafe","name":"스타벅스","source":"openstreetmap","nightTier":"unknown","nightScore":0.15,"confidence":0.3,"nightOpen22":false,"nightOpen00":false,"nightOpen02":false},"geometry":{"type":"Point","coordinates":[126.93329,35.11847]}},{"type":"Feature","properties":{"id":"osm-n9496621679","type":"night_activity","category":"convenience_store","name":"해태슈퍼마켓","source":"openstreetmap","nightTier":"unknown","nightScore":0.15,"confidence":0.3,"nightOpen22":false,"nightOpen00":false,"nightOpen02":false},"geometry":{"type":"Point","coordinates":[126.891972,35.134579]}},{"type":"Feature","properties":{"id":"osm-n9555429900","type":"night_activity","category":"fast_food","name":"롯데리아","source":"openstreetmap","nightTier":"unknown","nightScore":0.15,"confidence":0.3,"nightOpen22":false,"nightOpen00":false,"nightOpen02":false},"geometry":{"type":"Point","coordinates":[126.921738,35.170648]}},{"type":"Feature","properties":{"id":"osm-n9560509413","type":"night_activity","category":"hospital","name":"광주언어치료실","source":"openstreetmap","nightTier":"unknown","nightScore":0.15,"confidence":0.3,"nightOpen22":false,"nightOpen00":false,"nightOpen02":false},"geometry":{"type":"Point","coordinates":[126.879684,35.16218]}},{"type":"Feature","properties":{"id":"osm-n9838379517","type":"night_activity","category":"restaurant","name":"해 뜨는 식당","openingHours":"Mo-Su 10:00-14:00","source":"openstreetmap","nightTier":"day","nightScore":0,"confidence":0.8,"nightOpen22":false,"nightOpen00":false,"nightOpen02":false},"geometry":{"type":"Point","coordinates":[126.91745,35.154018]}},{"type":"Feature","properties":{"id":"osm-n9862518549","type":"night_activity","category":"restaurant","name":"맥시카나 치킨","openingHours":"Mo-Su 14:00-24:00","source":"openstreetmap","nightTier":"22","nightScore":0.5,"confidence":0.8,"nightOpen22":true,"nightOpen00":false,"nightOpen02":false},"geometry":{"type":"Point","coordinates":[126.923009,35.186245]}},{"type":"Feature","properties":{"id":"osm-n9862518550","type":"night_activity","category":"restaurant","name":"동명카츠","openingHours":"Mo-Sa 11:00-20:00","source":"openstreetmap","nightTier":"day","nightScore":0,"confidence":0.8,"nightOpen22":false,"nightOpen00":false,"nightOpen02":false},"geometry":{"type":"Point","coordinates":[126.922983,35.186215]}},{"type":"Feature","properties":{"id":"osm-n9902341978","type":"night_activity","category":"restaurant","name":"사골곰탕에커피한잔","source":"openstreetmap","nightTier":"unknown","nightScore":0.15,"confidence":0.3,"nightOpen22":false,"nightOpen00":false,"nightOpen02":false},"geometry":{"type":"Point","coordinates":[126.91568,35.161719]}},{"type":"Feature","properties":{"id":"osm-n9932193906","type":"night_activity","category":"fast_food","name":"버거킹","source":"openstreetmap","nightTier":"unknown","nightScore":0.15,"confidence":0.3,"nightOpen22":false,"nightOpen00":false,"nightOpen02":false},"geometry":{"type":"Point","coordinates":[126.888296,35.101814]}},{"type":"Feature","properties":{"id":"osm-n9932203754","type":"night_activity","category":"convenience_store","name":"CU","openingHours":"24/7","source":"openstreetmap","nightTier":"24h","nightScore":1,"confidence":0.9,"nightOpen22":true,"nightOpen00":true,"nightOpen02":true},"geometry":{"type":"Point","coordinates":[126.88356,35.098527]}},{"type":"Feature","properties":{"id":"osm-n9982874517","type":"night_activity","category":"restaurant","name":"육풍","source":"openstreetmap","nightTier":"unknown","nightScore":0.15,"confidence":0.3,"nightOpen22":false,"nightOpen00":false,"nightOpen02":false},"geometry":{"type":"Point","coordinates":[126.895394,35.179209]}},{"type":"Feature","properties":{"id":"osm-n9982875117","type":"night_activity","category":"restaurant","name":"육풍","source":"openstreetmap","nightTier":"unknown","nightScore":0.15,"confidence":0.3,"nightOpen22":false,"nightOpen00":false,"nightOpen02":false},"geometry":{"type":"Point","coordinates":[126.895478,35.178803]}},{"type":"Feature","properties":{"id":"osm-n10085995317","type":"night_activity","category":"convenience_store","name":"GS25","source":"openstreetmap","nightTier":"unknown","nightScore":0.15,"confidence":0.3,"nightOpen22":false,"nightOpen00":false,"nightOpen02":false},"geometry":{"type":"Point","coordinates":[126.867962,35.201737]}},{"type":"Feature","properties":{"id":"osm-n10159525278","type":"night_activity","category":"convenience_store","name":"이마트24","source":"openstreetmap","nightTier":"unknown","nightScore":0.15,"confidence":0.3,"nightOpen22":false,"nightOpen00":false,"nightOpen02":false},"geometry":{"type":"Point","coordinates":[126.902752,35.174965]}},{"type":"Feature","properties":{"id":"osm-n10170981375","type":"night_activity","category":"convenience_store","name":"CU","openingHours":"24/7","source":"openstreetmap","nightTier":"24h","nightScore":1,"confidence":0.9,"nightOpen22":true,"nightOpen00":true,"nightOpen02":true},"geometry":{"type":"Point","coordinates":[126.881869,35.099856]}},{"type":"Feature","properties":{"id":"osm-n10252819861","type":"night_activity","category":"convenience_store","name":"이마트24","openingHours":"24/7","source":"openstreetmap","nightTier":"24h","nightScore":1,"confidence":0.9,"nightOpen22":true,"nightOpen00":true,"nightOpen02":true},"geometry":{"type":"Point","coordinates":[126.90674,35.177975]}},{"type":"Feature","properties":{"id":"osm-n10252846045","type":"night_activity","category":"cafe","name":"카페 아이엔지","openingHours":"Mo-Fr 09:00-19:00","source":"openstreetmap","nightTier":"day","nightScore":0,"confidence":0.8,"nightOpen22":false,"nightOpen00":false,"nightOpen02":false},"geometry":{"type":"Point","coordinates":[126.906037,35.176797]}},{"type":"Feature","properties":{"id":"osm-n10262027028","type":"night_activity","category":"pharmacy","name":"나눔약국","source":"openstreetmap","nightTier":"unknown","nightScore":0.15,"confidence":0.3,"nightOpen22":false,"nightOpen00":false,"nightOpen02":false},"geometry":{"type":"Point","coordinates":[126.887743,35.10168]}},{"type":"Feature","properties":{"id":"osm-n10262091037","type":"night_activity","category":"cafe","name":"카페파스쿠치","source":"openstreetmap","nightTier":"unknown","nightScore":0.15,"confidence":0.3,"nightOpen22":false,"nightOpen00":false,"nightOpen02":false},"geometry":{"type":"Point","coordinates":[126.889132,35.102342]}},{"type":"Feature","properties":{"id":"osm-n10291816260","type":"night_activity","category":"cafe","name":"빅스커피","source":"openstreetmap","nightTier":"unknown","nightScore":0.15,"confidence":0.3,"nightOpen22":false,"nightOpen00":false,"nightOpen02":false},"geometry":{"type":"Point","coordinates":[126.905301,35.180684]}},{"type":"Feature","properties":{"id":"osm-n10291816261","type":"night_activity","category":"convenience_store","name":"CU","source":"openstreetmap","nightTier":"unknown","nightScore":0.15,"confidence":0.3,"nightOpen22":false,"nightOpen00":false,"nightOpen02":false},"geometry":{"type":"Point","coordinates":[126.905398,35.180698]}},{"type":"Feature","properties":{"id":"osm-n10291816262","type":"night_activity","category":"cafe","name":"데카던스","source":"openstreetmap","nightTier":"unknown","nightScore":0.15,"confidence":0.3,"nightOpen22":false,"nightOpen00":false,"nightOpen02":false},"geometry":{"type":"Point","coordinates":[126.905682,35.180692]}},{"type":"Feature","properties":{"id":"osm-n10291816263","type":"night_activity","category":"cafe","name":"톰하우스","source":"openstreetmap","nightTier":"unknown","nightScore":0.15,"confidence":0.3,"nightOpen22":false,"nightOpen00":false,"nightOpen02":false},"geometry":{"type":"Point","coordinates":[126.905781,35.180714]}},{"type":"Feature","properties":{"id":"osm-n10291816264","type":"night_activity","category":"restaurant","name":"구내식당","source":"openstreetmap","nightTier":"unknown","nightScore":0.15,"confidence":0.3,"nightOpen22":false,"nightOpen00":false,"nightOpen02":false},"geometry":{"type":"Point","coordinates":[126.905383,35.181228]}},{"type":"Feature","properties":{"id":"osm-n10291816345","type":"night_activity","category":"restaurant","name":"한솥도시락","source":"openstreetmap","nightTier":"unknown","nightScore":0.15,"confidence":0.3,"nightOpen22":false,"nightOpen00":false,"nightOpen02":false},"geometry":{"type":"Point","coordinates":[126.905308,35.180914]}},{"type":"Feature","properties":{"id":"osm-n10292607416","type":"night_activity","category":"cafe","name":"팬도로시","source":"openstreetmap","nightTier":"unknown","nightScore":0.15,"confidence":0.3,"nightOpen22":false,"nightOpen00":false,"nightOpen02":false},"geometry":{"type":"Point","coordinates":[126.909713,35.181523]}},{"type":"Feature","properties":{"id":"osm-n10292607417","type":"night_activity","category":"restaurant","name":"소소떡볶이","source":"openstreetmap","nightTier":"unknown","nightScore":0.15,"confidence":0.3,"nightOpen22":false,"nightOpen00":false,"nightOpen02":false},"geometry":{"type":"Point","coordinates":[126.90966,35.181601]}},{"type":"Feature","properties":{"id":"osm-n10294346639","type":"night_activity","category":"convenience_store","name":"GS25","source":"openstreetmap","nightTier":"unknown","nightScore":0.15,"confidence":0.3,"nightOpen22":false,"nightOpen00":false,"nightOpen02":false},"geometry":{"type":"Point","coordinates":[126.892125,35.210229]}},{"type":"Feature","properties":{"id":"osm-n10294350183","type":"night_activity","category":"cafe","name":"엘로디","source":"openstreetmap","nightTier":"unknown","nightScore":0.15,"confidence":0.3,"nightOpen22":false,"nightOpen00":false,"nightOpen02":false},"geometry":{"type":"Point","coordinates":[126.890549,35.209523]}},{"type":"Feature","properties":{"id":"osm-n10294350184","type":"night_activity","category":"cafe","name":"헤이즈99","source":"openstreetmap","nightTier":"unknown","nightScore":0.15,"confidence":0.3,"nightOpen22":false,"nightOpen00":false,"nightOpen02":false},"geometry":{"type":"Point","coordinates":[126.890766,35.209854]}},{"type":"Feature","properties":{"id":"osm-n10294370979","type":"night_activity","category":"cafe","name":"벌크커피","source":"openstreetmap","nightTier":"unknown","nightScore":0.15,"confidence":0.3,"nightOpen22":false,"nightOpen00":false,"nightOpen02":false},"geometry":{"type":"Point","coordinates":[126.894098,35.21013]}},{"type":"Feature","properties":{"id":"osm-n10294373237","type":"night_activity","category":"convenience_store","name":"CU","source":"openstreetmap","nightTier":"unknown","nightScore":0.15,"confidence":0.3,"nightOpen22":false,"nightOpen00":false,"nightOpen02":false},"geometry":{"type":"Point","coordinates":[126.894112,35.2105]}},{"type":"Feature","properties":{"id":"osm-n10294378049","type":"night_activity","category":"restaurant","name":"나주곰탕","source":"openstreetmap","nightTier":"unknown","nightScore":0.15,"confidence":0.3,"nightOpen22":false,"nightOpen00":false,"nightOpen02":false},"geometry":{"type":"Point","coordinates":[126.894104,35.209658]}},{"type":"Feature","properties":{"id":"osm-n10294378050","type":"night_activity","category":"restaurant","name":"하라규동","source":"openstreetmap","nightTier":"unknown","nightScore":0.15,"confidence":0.3,"nightOpen22":false,"nightOpen00":false,"nightOpen02":false},"geometry":{"type":"Point","coordinates":[126.894069,35.208667]}},{"type":"Feature","properties":{"id":"osm-n10294455147","type":"night_activity","category":"restaurant","name":"큰나무집","source":"openstreetmap","nightTier":"unknown","nightScore":0.15,"confidence":0.3,"nightOpen22":false,"nightOpen00":false,"nightOpen02":false},"geometry":{"type":"Point","coordinates":[126.891158,35.209018]}},{"type":"Feature","properties":{"id":"osm-n10294476592","type":"night_activity","category":"restaurant","name":"오늘부터애간장","source":"openstreetmap","nightTier":"unknown","nightScore":0.15,"confidence":0.3,"nightOpen22":false,"nightOpen00":false,"nightOpen02":false},"geometry":{"type":"Point","coordinates":[126.889685,35.207464]}},{"type":"Feature","properties":{"id":"osm-n10294488273","type":"night_activity","category":"convenience_store","name":"황룡수퍼","source":"openstreetmap","nightTier":"unknown","nightScore":0.15,"confidence":0.3,"nightOpen22":false,"nightOpen00":false,"nightOpen02":false},"geometry":{"type":"Point","coordinates":[126.892913,35.20817]}},{"type":"Feature","properties":{"id":"osm-n10294488281","type":"night_activity","category":"convenience_store","name":"세븐일레븐","source":"openstreetmap","nightTier":"unknown","nightScore":0.15,"confidence":0.3,"nightOpen22":false,"nightOpen00":false,"nightOpen02":false},"geometry":{"type":"Point","coordinates":[126.892909,35.207862]}},{"type":"Feature","properties":{"id":"osm-n10297837595","type":"night_activity","category":"fast_food","name":"굽네치킨","source":"openstreetmap","nightTier":"unknown","nightScore":0.15,"confidence":0.3,"nightOpen22":false,"nightOpen00":false,"nightOpen02":false},"geometry":{"type":"Point","coordinates":[126.894049,35.206701]}},{"type":"Feature","properties":{"id":"osm-n10297837596","type":"night_activity","category":"convenience_store","name":"CU","source":"openstreetmap","nightTier":"unknown","nightScore":0.15,"confidence":0.3,"nightOpen22":false,"nightOpen00":false,"nightOpen02":false},"geometry":{"type":"Point","coordinates":[126.89408,35.207329]}},{"type":"Feature","properties":{"id":"osm-n10297861633","type":"night_activity","category":"restaurant","name":"아궁이숯불구이","source":"openstreetmap","nightTier":"unknown","nightScore":0.15,"confidence":0.3,"nightOpen22":false,"nightOpen00":false,"nightOpen02":false},"geometry":{"type":"Point","coordinates":[126.893817,35.206527]}},{"type":"Feature","properties":{"id":"osm-n10301745112","type":"night_activity","category":"restaurant","name":"지도리치킨","source":"openstreetmap","nightTier":"unknown","nightScore":0.15,"confidence":0.3,"nightOpen22":false,"nightOpen00":false,"nightOpen02":false},"geometry":{"type":"Point","coordinates":[126.897179,35.21021]}},{"type":"Feature","properties":{"id":"osm-n10301745113","type":"night_activity","category":"restaurant","name":"동명카츠","source":"openstreetmap","nightTier":"unknown","nightScore":0.15,"confidence":0.3,"nightOpen22":false,"nightOpen00":false,"nightOpen02":false},"geometry":{"type":"Point","coordinates":[126.897312,35.210205]}},{"type":"Feature","properties":{"id":"osm-n10304487459","type":"night_activity","category":"cafe","name":"카페뮤","source":"openstreetmap","nightTier":"unknown","nightScore":0.15,"confidence":0.3,"nightOpen22":false,"nightOpen00":false,"nightOpen02":false},"geometry":{"type":"Point","coordinates":[126.902276,35.203255]}},{"type":"Feature","properties":{"id":"osm-n10310824203","type":"night_activity","category":"cafe","name":"카페 아띠","source":"openstreetmap","nightTier":"unknown","nightScore":0.15,"confidence":0.3,"nightOpen22":false,"nightOpen00":false,"nightOpen02":false},"geometry":{"type":"Point","coordinates":[126.90168,35.176538]}},{"type":"Feature","properties":{"id":"osm-n10310832476","type":"night_activity","category":"restaurant","name":"학생식당","source":"openstreetmap","nightTier":"unknown","nightScore":0.15,"confidence":0.3,"nightOpen22":false,"nightOpen00":false,"nightOpen02":false},"geometry":{"type":"Point","coordinates":[126.907683,35.176714]}},{"type":"Feature","properties":{"id":"osm-n10310832515","type":"night_activity","category":"cafe","name":"카페지젤","source":"openstreetmap","nightTier":"unknown","nightScore":0.15,"confidence":0.3,"nightOpen22":false,"nightOpen00":false,"nightOpen02":false},"geometry":{"type":"Point","coordinates":[126.907549,35.176561]}},{"type":"Feature","properties":{"id":"osm-n10310832516","type":"night_activity","category":"convenience_store","name":"이마트24","openingHours":"24/7","source":"openstreetmap","nightTier":"24h","nightScore":1,"confidence":0.9,"nightOpen22":true,"nightOpen00":true,"nightOpen02":true},"geometry":{"type":"Point","coordinates":[126.907521,35.177063]}},{"type":"Feature","properties":{"id":"osm-n10310833628","type":"night_activity","category":"convenience_store","name":"세븐일레븐","source":"openstreetmap","nightTier":"unknown","nightScore":0.15,"confidence":0.3,"nightOpen22":false,"nightOpen00":false,"nightOpen02":false},"geometry":{"type":"Point","coordinates":[126.899233,35.205886]}},{"type":"Feature","properties":{"id":"osm-n10310833629","type":"night_activity","category":"restaurant","name":"지지고","source":"openstreetmap","nightTier":"unknown","nightScore":0.15,"confidence":0.3,"nightOpen22":false,"nightOpen00":false,"nightOpen02":false},"geometry":{"type":"Point","coordinates":[126.89964,35.206]}},{"type":"Feature","properties":{"id":"osm-n10310897882","type":"night_activity","category":"fast_food","name":"햇들마루","source":"openstreetmap","nightTier":"unknown","nightScore":0.15,"confidence":0.3,"nightOpen22":false,"nightOpen00":false,"nightOpen02":false},"geometry":{"type":"Point","coordinates":[126.911046,35.180763]}},{"type":"Feature","properties":{"id":"osm-n10311191487","type":"night_activity","category":"fast_food","name":"BBQ치킨","source":"openstreetmap","nightTier":"unknown","nightScore":0.15,"confidence":0.3,"nightOpen22":false,"nightOpen00":false,"nightOpen02":false},"geometry":{"type":"Point","coordinates":[126.899659,35.204738]}},{"type":"Feature","properties":{"id":"osm-n10540013731","type":"night_activity","category":"fast_food","name":"아주커치킨","source":"openstreetmap","nightTier":"unknown","nightScore":0.15,"confidence":0.3,"nightOpen22":false,"nightOpen00":false,"nightOpen02":false},"geometry":{"type":"Point","coordinates":[126.89954,35.204257]}},{"type":"Feature","properties":{"id":"osm-n10540013732","type":"night_activity","category":"convenience_store","name":"세븐일레븐","source":"openstreetmap","nightTier":"unknown","nightScore":0.15,"confidence":0.3,"nightOpen22":false,"nightOpen00":false,"nightOpen02":false},"geometry":{"type":"Point","coordinates":[126.899348,35.204704]}},{"type":"Feature","properties":{"id":"osm-n10540050014","type":"night_activity","category":"cafe","name":"청자다방","source":"openstreetmap","nightTier":"unknown","nightScore":0.15,"confidence":0.3,"nightOpen22":false,"nightOpen00":false,"nightOpen02":false},"geometry":{"type":"Point","coordinates":[126.898931,35.205757]}},{"type":"Feature","properties":{"id":"osm-n10540058515","type":"night_activity","category":"fast_food","name":"노랑통닭","source":"openstreetmap","nightTier":"unknown","nightScore":0.15,"confidence":0.3,"nightOpen22":false,"nightOpen00":false,"nightOpen02":false},"geometry":{"type":"Point","coordinates":[126.899013,35.204243]}},{"type":"Feature","properties":{"id":"osm-n10540058516","type":"night_activity","category":"convenience_store","name":"세븐일레븐","source":"openstreetmap","nightTier":"unknown","nightScore":0.15,"confidence":0.3,"nightOpen22":false,"nightOpen00":false,"nightOpen02":false},"geometry":{"type":"Point","coordinates":[126.898954,35.203952]}},{"type":"Feature","properties":{"id":"osm-n10540092733","type":"night_activity","category":"cafe","name":"이디야커피","source":"openstreetmap","nightTier":"unknown","nightScore":0.15,"confidence":0.3,"nightOpen22":false,"nightOpen00":false,"nightOpen02":false},"geometry":{"type":"Point","coordinates":[126.898736,35.204598]}},{"type":"Feature","properties":{"id":"osm-n10540156590","type":"night_activity","category":"hospital","name":"일곡병원","source":"openstreetmap","nightTier":"unknown","nightScore":0.15,"confidence":0.3,"nightOpen22":false,"nightOpen00":false,"nightOpen02":false},"geometry":{"type":"Point","coordinates":[126.897614,35.202847]}},{"type":"Feature","properties":{"id":"osm-n10542759035","type":"night_activity","category":"fast_food","name":"BHC치킨","source":"openstreetmap","nightTier":"unknown","nightScore":0.15,"confidence":0.3,"nightOpen22":false,"nightOpen00":false,"nightOpen02":false},"geometry":{"type":"Point","coordinates":[126.896663,35.204344]}},{"type":"Feature","properties":{"id":"osm-n10542759036","type":"night_activity","category":"convenience_store","name":"이마트 에브리데이","source":"openstreetmap","nightTier":"unknown","nightScore":0.15,"confidence":0.3,"nightOpen22":false,"nightOpen00":false,"nightOpen02":false},"geometry":{"type":"Point","coordinates":[126.897103,35.204515]}},{"type":"Feature","properties":{"id":"osm-n10542777344","type":"night_activity","category":"cafe","name":"팬도로시","source":"openstreetmap","nightTier":"unknown","nightScore":0.15,"confidence":0.3,"nightOpen22":false,"nightOpen00":false,"nightOpen02":false},"geometry":{"type":"Point","coordinates":[126.909721,35.17838]}},{"type":"Feature","properties":{"id":"osm-n10542788300","type":"night_activity","category":"convenience_store","name":"세븐일레븐","source":"openstreetmap","nightTier":"unknown","nightScore":0.15,"confidence":0.3,"nightOpen22":false,"nightOpen00":false,"nightOpen02":false},"geometry":{"type":"Point","coordinates":[126.896882,35.203833]}},{"type":"Feature","properties":{"id":"osm-n10542788301","type":"night_activity","category":"cafe","name":"Caffè Pascucci","source":"openstreetmap","nightTier":"unknown","nightScore":0.15,"confidence":0.3,"nightOpen22":false,"nightOpen00":false,"nightOpen02":false},"geometry":{"type":"Point","coordinates":[126.897122,35.203901]}},{"type":"Feature","properties":{"id":"osm-n10542788302","type":"night_activity","category":"convenience_store","name":"GS25","source":"openstreetmap","nightTier":"unknown","nightScore":0.15,"confidence":0.3,"nightOpen22":false,"nightOpen00":false,"nightOpen02":false},"geometry":{"type":"Point","coordinates":[126.897413,35.203147]}},{"type":"Feature","properties":{"id":"osm-n10542924090","type":"night_activity","category":"supermarket","name":"하나로마트","source":"openstreetmap","nightTier":"unknown","nightScore":0.15,"confidence":0.3,"nightOpen22":false,"nightOpen00":false,"nightOpen02":false},"geometry":{"type":"Point","coordinates":[126.896737,35.205118]}},{"type":"Feature","properties":{"id":"osm-n10553709854","type":"night_activity","category":"convenience_store","name":"CU","source":"openstreetmap","nightTier":"unknown","nightScore":0.15,"confidence":0.3,"nightOpen22":false,"nightOpen00":false,"nightOpen02":false},"geometry":{"type":"Point","coordinates":[126.900193,35.202556]}},{"type":"Feature","properties":{"id":"osm-n10553737848","type":"night_activity","category":"fast_food","name":"네네치킨","source":"openstreetmap","nightTier":"unknown","nightScore":0.15,"confidence":0.3,"nightOpen22":false,"nightOpen00":false,"nightOpen02":false},"geometry":{"type":"Point","coordinates":[126.900894,35.201561]}},{"type":"Feature","properties":{"id":"osm-n10553749932","type":"night_activity","category":"fast_food","name":"호식이두마리치킨","source":"openstreetmap","nightTier":"unknown","nightScore":0.15,"confidence":0.3,"nightOpen22":false,"nightOpen00":false,"nightOpen02":false},"geometry":{"type":"Point","coordinates":[126.900623,35.202206]}},{"type":"Feature","properties":{"id":"osm-n10553780505","type":"night_activity","category":"restaurant","name":"두찜","source":"openstreetmap","nightTier":"unknown","nightScore":0.15,"confidence":0.3,"nightOpen22":false,"nightOpen00":false,"nightOpen02":false},"geometry":{"type":"Point","coordinates":[126.900625,35.201453]}},{"type":"Feature","properties":{"id":"osm-n10553780506","type":"night_activity","category":"convenience_store","name":"이마트24","source":"openstreetmap","nightTier":"unknown","nightScore":0.15,"confidence":0.3,"nightOpen22":false,"nightOpen00":false,"nightOpen02":false},"geometry":{"type":"Point","coordinates":[126.900745,35.201081]}},{"type":"Feature","properties":{"id":"osm-n10561642137","type":"night_activity","category":"convenience_store","name":"GS25","source":"openstreetmap","nightTier":"unknown","nightScore":0.15,"confidence":0.3,"nightOpen22":false,"nightOpen00":false,"nightOpen02":false},"geometry":{"type":"Point","coordinates":[126.914945,35.186342]}},{"type":"Feature","properties":{"id":"osm-n10561642138","type":"night_activity","category":"convenience_store","name":"GS25","source":"openstreetmap","nightTier":"unknown","nightScore":0.15,"confidence":0.3,"nightOpen22":false,"nightOpen00":false,"nightOpen02":false},"geometry":{"type":"Point","coordinates":[126.916971,35.187236]}},{"type":"Feature","properties":{"id":"osm-n10561642139","type":"night_activity","category":"convenience_store","name":"세븐일레븐","source":"openstreetmap","nightTier":"unknown","nightScore":0.15,"confidence":0.3,"nightOpen22":false,"nightOpen00":false,"nightOpen02":false},"geometry":{"type":"Point","coordinates":[126.916986,35.187912]}},{"type":"Feature","properties":{"id":"osm-n10562969240","type":"night_activity","category":"convenience_store","name":"CU","source":"openstreetmap","nightTier":"unknown","nightScore":0.15,"confidence":0.3,"nightOpen22":false,"nightOpen00":false,"nightOpen02":false},"geometry":{"type":"Point","coordinates":[126.910968,35.17534]}},{"type":"Feature","properties":{"id":"osm-n10562969241","type":"night_activity","category":"cafe","name":"투썸플레이스","source":"openstreetmap","nightTier":"unknown","nightScore":0.15,"confidence":0.3,"nightOpen22":false,"nightOpen00":false,"nightOpen02":false},"geometry":{"type":"Point","coordinates":[126.910978,35.17524]}},{"type":"Feature","properties":{"id":"osm-n10562969242","type":"night_activity","category":"restaurant","name":"어나더키친","openingHours":"Mo-Su 11:00-21:00","source":"openstreetmap","nightTier":"day","nightScore":0,"confidence":0.8,"nightOpen22":false,"nightOpen00":false,"nightOpen02":false},"geometry":{"type":"Point","coordinates":[126.910991,35.175097]}},{"type":"Feature","properties":{"id":"osm-n10564537146","type":"night_activity","category":"fast_food","name":"Burger King","openingHours":"24/7","source":"openstreetmap","nightTier":"24h","nightScore":1,"confidence":0.9,"nightOpen22":true,"nightOpen00":true,"nightOpen02":true},"geometry":{"type":"Point","coordinates":[126.91291,35.174168]}},{"type":"Feature","properties":{"id":"osm-n10564537147","type":"night_activity","category":"restaurant","name":"미스사이공","openingHours":"Mo-Su 11:00-21:30","source":"openstreetmap","nightTier":"day","nightScore":0,"confidence":0.8,"nightOpen22":false,"nightOpen00":false,"nightOpen02":false},"geometry":{"type":"Point","coordinates":[126.913045,35.174344]}},{"type":"Feature","properties":{"id":"osm-n10564537191","type":"night_activity","category":"restaurant","name":"풍남옥","openingHours":"Mo-Su 07:30-23:00","source":"openstreetmap","nightTier":"22","nightScore":0.5,"confidence":0.8,"nightOpen22":true,"nightOpen00":false,"nightOpen02":false},"geometry":{"type":"Point","coordinates":[126.91321,35.173957]}},{"type":"Feature","properties":{"id":"osm-n10564537196","type":"night_activity","category":"restaurant","name":"피자먹다","openingHours":"Mo-Su 11:00-23:00","source":"openstreetmap","nightTier":"22","nightScore":0.5,"confidence":0.8,"nightOpen22":true,"nightOpen00":false,"nightOpen02":false},"geometry":{"type":"Point","coordinates":[126.913371,35.17369]}},{"type":"Feature","properties":{"id":"osm-n10564670166","type":"night_activity","category":"restaurant","name":"소바키","source":"openstreetmap","nightTier":"unknown","nightScore":0.15,"confidence":0.3,"nightOpen22":false,"nightOpen00":false,"nightOpen02":false},"geometry":{"type":"Point","coordinates":[126.913389,35.174014]}},{"type":"Feature","properties":{"id":"osm-n10564670172","type":"night_activity","category":"restaurant","name":"열평집밥","source":"openstreetmap","nightTier":"unknown","nightScore":0.15,"confidence":0.3,"nightOpen22":false,"nightOpen00":false,"nightOpen02":false},"geometry":{"type":"Point","coordinates":[126.913323,35.174137]}},{"type":"Feature","properties":{"id":"osm-n10564670183","type":"night_activity","category":"restaurant","name":"이자까야","openingHours":"Mo-Su 18:00-27:00","source":"openstreetmap","nightTier":"02","nightScore":0.9,"confidence":0.8,"nightOpen22":true,"nightOpen00":true,"nightOpen02":true},"geometry":{"type":"Point","coordinates":[126.913429,35.173804]}},{"type":"Feature","properties":{"id":"osm-n10564670191","type":"night_activity","category":"restaurant","name":"소코아","source":"openstreetmap","nightTier":"unknown","nightScore":0.15,"confidence":0.3,"nightOpen22":false,"nightOpen00":false,"nightOpen02":false},"geometry":{"type":"Point","coordinates":[126.913527,35.173668]}},{"type":"Feature","properties":{"id":"osm-n10564901448","type":"night_activity","category":"cafe","name":"럭키세븐커피","openingHours":"Mo-Fr 08:00-22:30","source":"openstreetmap","nightTier":"22","nightScore":0.5,"confidence":0.8,"nightOpen22":true,"nightOpen00":false,"nightOpen02":false},"geometry":{"type":"Point","coordinates":[126.914012,35.173742]}},{"type":"Feature","properties":{"id":"osm-n10567846527","type":"night_activity","category":"restaurant","name":"하이샐러드씨","openingHours":"Mo-Th 11:00-20:00","source":"openstreetmap","nightTier":"day","nightScore":0,"confidence":0.8,"nightOpen22":false,"nightOpen00":false,"nightOpen02":false},"geometry":{"type":"Point","coordinates":[126.914045,35.173658]}},{"type":"Feature","properties":{"id":"osm-n10567848816","type":"night_activity","category":"cafe","name":"디저트39","openingHours":"Mo-Su 10:00-22:00","source":"openstreetmap","nightTier":"day","nightScore":0,"confidence":0.8,"nightOpen22":false,"nightOpen00":false,"nightOpen02":false},"geometry":{"type":"Point","coordinates":[126.91421,35.174509]}},{"type":"Feature","properties":{"id":"osm-n10567848838","type":"night_activity","category":"restaurant","name":"화궁방마라탕","openingHours":"Mo-Su 11:00-22:30","source":"openstreetmap","nightTier":"22","nightScore":0.5,"confidence":0.8,"nightOpen22":true,"nightOpen00":false,"nightOpen02":false},"geometry":{"type":"Point","coordinates":[126.913984,35.174517]}},{"type":"Feature","properties":{"id":"osm-n10567848886","type":"night_activity","category":"restaurant","name":"후토루","openingHours":"Mo-Su 11:30-20:00","source":"openstreetmap","nightTier":"day","nightScore":0,"confidence":0.8,"nightOpen22":false,"nightOpen00":false,"nightOpen02":false},"geometry":{"type":"Point","coordinates":[126.913541,35.174493]}},{"type":"Feature","properties":{"id":"osm-n10578073996","type":"night_activity","category":"restaurant","name":"담양숯불갈비","source":"openstreetmap","nightTier":"unknown","nightScore":0.15,"confidence":0.3,"nightOpen22":false,"nightOpen00":false,"nightOpen02":false},"geometry":{"type":"Point","coordinates":[126.913729,35.174727]}},{"type":"Feature","properties":{"id":"osm-n10578073999","type":"night_activity","category":"cafe","name":"하나비","source":"openstreetmap","nightTier":"unknown","nightScore":0.15,"confidence":0.3,"nightOpen22":false,"nightOpen00":false,"nightOpen02":false},"geometry":{"type":"Point","coordinates":[126.913859,35.174775]}},{"type":"Feature","properties":{"id":"osm-n10578074008","type":"night_activity","category":"restaurant","name":"돼지촌","source":"openstreetmap","nightTier":"unknown","nightScore":0.15,"confidence":0.3,"nightOpen22":false,"nightOpen00":false,"nightOpen02":false},"geometry":{"type":"Point","coordinates":[126.914064,35.174616]}},{"type":"Feature","properties":{"id":"osm-n10578080743","type":"night_activity","category":"restaurant","name":"돼지똥꼬","openingHours":"Mo-Su 16:00-01:00","source":"openstreetmap","nightTier":"00","nightScore":0.75,"confidence":0.8,"nightOpen22":true,"nightOpen00":true,"nightOpen02":false},"geometry":{"type":"Point","coordinates":[126.914241,35.174784]}},{"type":"Feature","properties":{"id":"osm-n10578080745","type":"night_activity","category":"convenience_store","name":"이마트24","openingHours":"24/7","source":"openstreetmap","nightTier":"24h","nightScore":1,"confidence":0.9,"nightOpen22":true,"nightOpen00":true,"nightOpen02":true},"geometry":{"type":"Point","coordinates":[126.91422,35.174926]}},{"type":"Feature","properties":{"id":"osm-n10581450349","type":"night_activity","category":"fast_food","name":"프랭크버거","source":"openstreetmap","nightTier":"unknown","nightScore":0.15,"confidence":0.3,"nightOpen22":false,"nightOpen00":false,"nightOpen02":false},"geometry":{"type":"Point","coordinates":[126.91423,35.17376]}},{"type":"Feature","properties":{"id":"osm-n10581450350","type":"night_activity","category":"cafe","name":"더딸기","openingHours":"We-Mo 11:00-22:00","source":"openstreetmap","nightTier":"day","nightScore":0,"confidence":0.8,"nightOpen22":false,"nightOpen00":false,"nightOpen02":false},"geometry":{"type":"Point","coordinates":[126.914237,35.173803]}},{"type":"Feature","properties":{"id":"osm-n10581450351","type":"night_activity","category":"fast_food","name":"최고김밥","openingHours":"Mo-Su 08:00-22:00","source":"openstreetmap","nightTier":"day","nightScore":0,"confidence":0.8,"nightOpen22":false,"nightOpen00":false,"nightOpen02":false},"geometry":{"type":"Point","coordinates":[126.914247,35.173842]}},{"type":"Feature","properties":{"id":"osm-n10581451920","type":"night_activity","category":"cafe","name":"우아베이크샵","openingHours":"Th-Mo 09:00-20:00","source":"openstreetmap","nightTier":"day","nightScore":0,"confidence":0.8,"nightOpen22":false,"nightOpen00":false,"nightOpen02":false},"geometry":{"type":"Point","coordinates":[126.914378,35.173535]}},{"type":"Feature","properties":{"id":"osm-n10581451921","type":"night_activity","category":"restaurant","name":"본도시락","openingHours":"Mo-Sa 09:00-21:00","source":"openstreetmap","nightTier":"day","nightScore":0,"confidence":0.8,"nightOpen22":false,"nightOpen00":false,"nightOpen02":false},"geometry":{"type":"Point","coordinates":[126.914412,35.173529]}},{"type":"Feature","properties":{"id":"osm-n10581451922","type":"night_activity","category":"restaurant","name":"캡틴아메리칸피자","source":"openstreetmap","nightTier":"unknown","nightScore":0.15,"confidence":0.3,"nightOpen22":false,"nightOpen00":false,"nightOpen02":false},"geometry":{"type":"Point","coordinates":[126.914455,35.173525]}},{"type":"Feature","properties":{"id":"osm-n10583040823","type":"night_activity","category":"restaurant","name":"오꼬다꼬","openingHours":"Tu-Su 18:00-01:00","source":"openstreetmap","nightTier":"00","nightScore":0.75,"confidence":0.8,"nightOpen22":true,"nightOpen00":true,"nightOpen02":false},"geometry":{"type":"Point","coordinates":[126.914625,35.173498]}},{"type":"Feature","properties":{"id":"osm-n10583091095","type":"night_activity","category":"restaurant","name":"꽃길만두","source":"openstreetmap","nightTier":"unknown","nightScore":0.15,"confidence":0.3,"nightOpen22":false,"nightOpen00":false,"nightOpen02":false},"geometry":{"type":"Point","coordinates":[126.914748,35.173482]}},{"type":"Feature","properties":{"id":"osm-n10584241498","type":"night_activity","category":"restaurant","name":"다다","openingHours":"Mo-Su 11:30-15:00,17:00-21:00","source":"openstreetmap","nightTier":"day","nightScore":0,"confidence":0.8,"nightOpen22":false,"nightOpen00":false,"nightOpen02":false},"geometry":{"type":"Point","coordinates":[126.914341,35.17404]}},{"type":"Feature","properties":{"id":"osm-n10584241501","type":"night_activity","category":"cafe","name":"더브로","source":"openstreetmap","nightTier":"unknown","nightScore":0.15,"confidence":0.3,"nightOpen22":false,"nightOpen00":false,"nightOpen02":false},"geometry":{"type":"Point","coordinates":[126.914417,35.17441]}},{"type":"Feature","properties":{"id":"osm-n10584241515","type":"night_activity","category":"restaurant","name":"식이네팥죽","source":"openstreetmap","nightTier":"unknown","nightScore":0.15,"confidence":0.3,"nightOpen22":false,"nightOpen00":false,"nightOpen02":false},"geometry":{"type":"Point","coordinates":[126.915403,35.174233]}},{"type":"Feature","properties":{"id":"osm-n10588877941","type":"night_activity","category":"restaurant","name":"매코미통닭발","source":"openstreetmap","nightTier":"unknown","nightScore":0.15,"confidence":0.3,"nightOpen22":false,"nightOpen00":false,"nightOpen02":false},"geometry":{"type":"Point","coordinates":[126.914451,35.174519]}},{"type":"Feature","properties":{"id":"osm-n10588878017","type":"night_activity","category":"cafe","name":"이디야커피","openingHours":"Mo-Su 10:00-23:00","source":"openstreetmap","nightTier":"22","nightScore":0.5,"confidence":0.8,"nightOpen22":true,"nightOpen00":false,"nightOpen02":false},"geometry":{"type":"Point","coordinates":[126.914507,35.1747]}},{"type":"Feature","properties":{"id":"osm-n10588881874","type":"night_activity","category":"restaurant","name":"호남주먹구이","openingHours":"Mo-Su 16:00-24:00","source":"openstreetmap","nightTier":"22","nightScore":0.5,"confidence":0.8,"nightOpen22":true,"nightOpen00":false,"nightOpen02":false},"geometry":{"type":"Point","coordinates":[126.914674,35.174964]}},{"type":"Feature","properties":{"id":"osm-n10589292890","type":"night_activity","category":"restaurant","name":"서래갈매기","openingHours":"Mo-Su 16:00-01:00","source":"openstreetmap","nightTier":"00","nightScore":0.75,"confidence":0.8,"nightOpen22":true,"nightOpen00":true,"nightOpen02":false},"geometry":{"type":"Point","coordinates":[126.914834,35.174952]}},{"type":"Feature","properties":{"id":"osm-n10589292893","type":"night_activity","category":"restaurant","name":"60계치킨","openingHours":"Mo-Su 12:00-01:00","source":"openstreetmap","nightTier":"00","nightScore":0.75,"confidence":0.8,"nightOpen22":true,"nightOpen00":true,"nightOpen02":false},"geometry":{"type":"Point","coordinates":[126.914948,35.174938]}},{"type":"Feature","properties":{"id":"osm-n10589292896","type":"night_activity","category":"restaurant","name":"하카야","openingHours":"Mo-Su 11:30-14:30,17:00-23:30","source":"openstreetmap","nightTier":"22","nightScore":0.5,"confidence":0.8,"nightOpen22":true,"nightOpen00":false,"nightOpen02":false},"geometry":{"type":"Point","coordinates":[126.915089,35.174913]}},{"type":"Feature","properties":{"id":"osm-n10589292897","type":"night_activity","category":"restaurant","name":"수참치","source":"openstreetmap","nightTier":"unknown","nightScore":0.15,"confidence":0.3,"nightOpen22":false,"nightOpen00":false,"nightOpen02":false},"geometry":{"type":"Point","coordinates":[126.9152,35.174908]}},{"type":"Feature","properties":{"id":"osm-n10589292899","type":"night_activity","category":"restaurant","name":"뼈대있는집","openingHours":"Mo-Su 09:00-01:00","source":"openstreetmap","nightTier":"00","nightScore":0.75,"confidence":0.8,"nightOpen22":true,"nightOpen00":true,"nightOpen02":false},"geometry":{"type":"Point","coordinates":[126.915431,35.17489]}},{"type":"Feature","properties":{"id":"osm-n10589292900","type":"night_activity","category":"cafe","name":"별빛스푼","source":"openstreetmap","nightTier":"unknown","nightScore":0.15,"confidence":0.3,"nightOpen22":false,"nightOpen00":false,"nightOpen02":false},"geometry":{"type":"Point","coordinates":[126.915437,35.174863]}},{"type":"Feature","properties":{"id":"osm-n10589292901","type":"night_activity","category":"cafe","name":"아워페이보릿띵스","openingHours":"Mo,We-Su 12:00-21:00","source":"openstreetmap","nightTier":"day","nightScore":0,"confidence":0.8,"nightOpen22":false,"nightOpen00":false,"nightOpen02":false},"geometry":{"type":"Point","coordinates":[126.915631,35.174885]}},{"type":"Feature","properties":{"id":"osm-n10589292902","type":"night_activity","category":"restaurant","name":"모퉁이집","openingHours":"Mo-Sa 11:00-20:00","source":"openstreetmap","nightTier":"day","nightScore":0,"confidence":0.8,"nightOpen22":false,"nightOpen00":false,"nightOpen02":false},"geometry":{"type":"Point","coordinates":[126.915559,35.174891]}},{"type":"Feature","properties":{"id":"osm-n10589456494","type":"night_activity","category":"restaurant","name":"피자베이","openingHours":"Mo-Su 11:30-24:00","source":"openstreetmap","nightTier":"22","nightScore":0.5,"confidence":0.8,"nightOpen22":true,"nightOpen00":false,"nightOpen02":false},"geometry":{"type":"Point","coordinates":[126.915545,35.173349]}},{"type":"Feature","properties":{"id":"osm-n10589456495","type":"night_activity","category":"restaurant","name":"오늘통닭","openingHours":"Mo-Su 15:30-02:00","source":"openstreetmap","nightTier":"00","nightScore":0.75,"confidence":0.8,"nightOpen22":true,"nightOpen00":true,"nightOpen02":false},"geometry":{"type":"Point","coordinates":[126.915503,35.173357]}},{"type":"Feature","properties":{"id":"osm-n10589469395","type":"night_activity","category":"restaurant","name":"중흥초밥","openingHours":"Mo-Su 11:00-23:30","source":"openstreetmap","nightTier":"22","nightScore":0.5,"confidence":0.8,"nightOpen22":true,"nightOpen00":false,"nightOpen02":false},"geometry":{"type":"Point","coordinates":[126.915938,35.173271]}},{"type":"Feature","properties":{"id":"osm-n10589469403","type":"night_activity","category":"convenience_store","name":"GS25","openingHours":"24/7","source":"openstreetmap","nightTier":"24h","nightScore":1,"confidence":0.9,"nightOpen22":true,"nightOpen00":true,"nightOpen02":true},"geometry":{"type":"Point","coordinates":[126.916416,35.173204]}},{"type":"Feature","properties":{"id":"osm-n10589469405","type":"night_activity","category":"restaurant","name":"롱쓰부대찌개","source":"openstreetmap","nightTier":"unknown","nightScore":0.15,"confidence":0.3,"nightOpen22":false,"nightOpen00":false,"nightOpen02":false},"geometry":{"type":"Point","coordinates":[126.916457,35.173438]}},{"type":"Feature","properties":{"id":"osm-n10589528821","type":"night_activity","category":"restaurant","name":"호식이두마리치킨","source":"openstreetmap","nightTier":"unknown","nightScore":0.15,"confidence":0.3,"nightOpen22":false,"nightOpen00":false,"nightOpen02":false},"geometry":{"type":"Point","coordinates":[126.91587,35.174119]}},{"type":"Feature","properties":{"id":"osm-n10589528850","type":"night_activity","category":"convenience_store","name":"CU","openingHours":"24/7","source":"openstreetmap","nightTier":"24h","nightScore":1,"confidence":0.9,"nightOpen22":true,"nightOpen00":true,"nightOpen02":true},"geometry":{"type":"Point","coordinates":[126.91654,35.173734]}},{"type":"Feature","properties":{"id":"osm-n10589528868","type":"night_activity","category":"cafe","name":"이웃","source":"openstreetmap","nightTier":"unknown","nightScore":0.15,"confidence":0.3,"nightOpen22":false,"nightOpen00":false,"nightOpen02":false},"geometry":{"type":"Point","coordinates":[126.916085,35.173761]}},{"type":"Feature","properties":{"id":"osm-n10589528871","type":"night_activity","category":"restaurant","name":"유부가","source":"openstreetmap","nightTier":"unknown","nightScore":0.15,"confidence":0.3,"nightOpen22":false,"nightOpen00":false,"nightOpen02":false},"geometry":{"type":"Point","coordinates":[126.916322,35.17373]}},{"type":"Feature","properties":{"id":"osm-n10593709105","type":"night_activity","category":"cafe","name":"제이펭귄타로카페","source":"openstreetmap","nightTier":"unknown","nightScore":0.15,"confidence":0.3,"nightOpen22":false,"nightOpen00":false,"nightOpen02":false},"geometry":{"type":"Point","coordinates":[126.915954,35.174243]}},{"type":"Feature","properties":{"id":"osm-n10593709256","type":"night_activity","category":"restaurant","name":"사계절식당","source":"openstreetmap","nightTier":"unknown","nightScore":0.15,"confidence":0.3,"nightOpen22":false,"nightOpen00":false,"nightOpen02":false},"geometry":{"type":"Point","coordinates":[126.915993,35.174855]}},{"type":"Feature","properties":{"id":"osm-n10593709257","type":"night_activity","category":"restaurant","name":"피자탑","openingHours":"Mo-Su 11:00-01:00","source":"openstreetmap","nightTier":"00","nightScore":0.75,"confidence":0.8,"nightOpen22":true,"nightOpen00":true,"nightOpen02":false},"geometry":{"type":"Point","coordinates":[126.915877,35.174866]}},{"type":"Feature","properties":{"id":"osm-n10594071675","type":"night_activity","category":"convenience_store","name":"세븐일레븐","openingHours":"24/7","source":"openstreetmap","nightTier":"24h","nightScore":1,"confidence":0.9,"nightOpen22":true,"nightOpen00":true,"nightOpen02":true},"geometry":{"type":"Point","coordinates":[126.912861,35.17454]}},{"type":"Feature","properties":{"id":"osm-n10594071677","type":"night_activity","category":"fast_food","name":"또래오래치킨","openingHours":"Mo-Su 12:00-23:00","source":"openstreetmap","nightTier":"22","nightScore":0.5,"confidence":0.8,"nightOpen22":true,"nightOpen00":false,"nightOpen02":false},"geometry":{"type":"Point","coordinates":[126.913024,35.174619]}},{"type":"Feature","properties":{"id":"osm-n10594071678","type":"night_activity","category":"fast_food","name":"Dunkin'","source":"openstreetmap","nightTier":"unknown","nightScore":0.15,"confidence":0.3,"nightOpen22":false,"nightOpen00":false,"nightOpen02":false},"geometry":{"type":"Point","coordinates":[126.912846,35.174664]}},{"type":"Feature","properties":{"id":"osm-n10594071679","type":"night_activity","category":"restaurant","name":"본죽","openingHours":"Mo-Su 09:00-21:30","source":"openstreetmap","nightTier":"day","nightScore":0,"confidence":0.8,"nightOpen22":false,"nightOpen00":false,"nightOpen02":false},"geometry":{"type":"Point","coordinates":[126.912845,35.174714]}},{"type":"Feature","properties":{"id":"osm-n10599351139","type":"night_activity","category":"cafe","name":"더빅커피","source":"openstreetmap","nightTier":"unknown","nightScore":0.15,"confidence":0.3,"nightOpen22":false,"nightOpen00":false,"nightOpen02":false},"geometry":{"type":"Point","coordinates":[126.912784,35.174982]}},{"type":"Feature","properties":{"id":"osm-n10599351144","type":"night_activity","category":"cafe","name":"카페콤마","openingHours":"Mo-Su 08:00-22:00","source":"openstreetmap","nightTier":"day","nightScore":0,"confidence":0.8,"nightOpen22":false,"nightOpen00":false,"nightOpen02":false},"geometry":{"type":"Point","coordinates":[126.912973,35.174986]}},{"type":"Feature","properties":{"id":"osm-n10599351157","type":"night_activity","category":"restaurant","name":"봉구스밥버거","openingHours":"Mo-Su 10:30-22:00","source":"openstreetmap","nightTier":"day","nightScore":0,"confidence":0.8,"nightOpen22":false,"nightOpen00":false,"nightOpen02":false},"geometry":{"type":"Point","coordinates":[126.912778,35.175088]}},{"type":"Feature","properties":{"id":"osm-n10599351164","type":"night_activity","category":"restaurant","name":"샐러피아","openingHours":"Mo-Fr,Su 10:00-21:00","source":"openstreetmap","nightTier":"day","nightScore":0,"confidence":0.8,"nightOpen22":false,"nightOpen00":false,"nightOpen02":false},"geometry":{"type":"Point","coordinates":[126.912967,35.175075]}},{"type":"Feature","properties":{"id":"osm-n10599406112","type":"night_activity","category":"cafe","name":"안전가옥커피","source":"openstreetmap","nightTier":"unknown","nightScore":0.15,"confidence":0.3,"nightOpen22":false,"nightOpen00":false,"nightOpen02":false},"geometry":{"type":"Point","coordinates":[126.913081,35.175111]}},{"type":"Feature","properties":{"id":"osm-n10599406130","type":"night_activity","category":"restaurant","name":"옴팡골","openingHours":"Mo-Su 09:40-22:00","source":"openstreetmap","nightTier":"day","nightScore":0,"confidence":0.8,"nightOpen22":false,"nightOpen00":false,"nightOpen02":false},"geometry":{"type":"Point","coordinates":[126.913115,35.175028]}},{"type":"Feature","properties":{"id":"osm-n10599406145","type":"night_activity","category":"cafe","name":"더리터","source":"openstreetmap","nightTier":"unknown","nightScore":0.15,"confidence":0.3,"nightOpen22":false,"nightOpen00":false,"nightOpen02":false},"geometry":{"type":"Point","coordinates":[126.913157,35.174677]}},{"type":"Feature","properties":{"id":"osm-n10599406153","type":"night_activity","category":"restaurant","name":"예향정","openingHours":"Mo-Su 10:00-21:00","source":"openstreetmap","nightTier":"day","nightScore":0,"confidence":0.8,"nightOpen22":false,"nightOpen00":false,"nightOpen02":false},"geometry":{"type":"Point","coordinates":[126.913331,35.174749]}},{"type":"Feature","properties":{"id":"osm-n10599406163","type":"night_activity","category":"restaurant","name":"떡볶이대통령","openingHours":"Mo-Sa 10:00-22:30","source":"openstreetmap","nightTier":"22","nightScore":0.5,"confidence":0.8,"nightOpen22":true,"nightOpen00":false,"nightOpen02":false},"geometry":{"type":"Point","coordinates":[126.91345,35.174806]}},{"type":"Feature","properties":{"id":"osm-n10600985040","type":"night_activity","category":"restaurant","name":"곱돌마루","source":"openstreetmap","nightTier":"unknown","nightScore":0.15,"confidence":0.3,"nightOpen22":false,"nightOpen00":false,"nightOpen02":false},"geometry":{"type":"Point","coordinates":[126.913423,35.174933]}},{"type":"Feature","properties":{"id":"osm-n10600985048","type":"night_activity","category":"restaurant","name":"골목대장","source":"openstreetmap","nightTier":"unknown","nightScore":0.15,"confidence":0.3,"nightOpen22":false,"nightOpen00":false,"nightOpen02":false},"geometry":{"type":"Point","coordinates":[126.913269,35.175114]}},{"type":"Feature","properties":{"id":"osm-n10600985053","type":"night_activity","category":"fast_food","name":"Papa John's","openingHours":"Mo-Su 11:00-21:30","source":"openstreetmap","nightTier":"day","nightScore":0,"confidence":0.8,"nightOpen22":false,"nightOpen00":false,"nightOpen02":false},"geometry":{"type":"Point","coordinates":[126.912959,35.175198]}},{"type":"Feature","properties":{"id":"osm-n10600985054","type":"night_activity","category":"restaurant","name":"두찜","openingHours":"Mo-Su 11:00-15:00,16:00-22:50","source":"openstreetmap","nightTier":"22","nightScore":0.5,"confidence":0.8,"nightOpen22":true,"nightOpen00":false,"nightOpen02":false},"geometry":{"type":"Point","coordinates":[126.913027,35.175205]}},{"type":"Feature","properties":{"id":"osm-n10600985062","type":"night_activity","category":"convenience_store","name":"GS25","openingHours":"24/7","source":"openstreetmap","nightTier":"24h","nightScore":1,"confidence":0.9,"nightOpen22":true,"nightOpen00":true,"nightOpen02":true},"geometry":{"type":"Point","coordinates":[126.913197,35.175189]}},{"type":"Feature","properties":{"id":"osm-n10600985074","type":"night_activity","category":"restaurant","name":"라쿵푸마라탕","source":"openstreetmap","nightTier":"unknown","nightScore":0.15,"confidence":0.3,"nightOpen22":false,"nightOpen00":false,"nightOpen02":false},"geometry":{"type":"Point","coordinates":[126.913023,35.175312]}},{"type":"Feature","properties":{"id":"osm-n10600985090","type":"night_activity","category":"restaurant","name":"역전우동0410","openingHours":"Mo-Su 11:00-22:00","source":"openstreetmap","nightTier":"day","nightScore":0,"confidence":0.8,"nightOpen22":false,"nightOpen00":false,"nightOpen02":false},"geometry":{"type":"Point","coordinates":[126.912738,35.17533]}},{"type":"Feature","properties":{"id":"osm-n10600985091","type":"night_activity","category":"pharmacy","name":"전대365약국","openingHours":"Mo-Fr 10:00-19:00; Sa 10:00-14:00; Su 16:00-20:00","source":"openstreetmap","nightTier":"day","nightScore":0,"confidence":0.8,"nightOpen22":false,"nightOpen00":false,"nightOpen02":false},"geometry":{"type":"Point","coordinates":[126.912742,35.175284]}},{"type":"Feature","properties":{"id":"osm-n10600985094","type":"night_activity","category":"restaurant","name":"빽보이피자","openingHours":"Mo-Su 11:00-22:00","source":"openstreetmap","nightTier":"day","nightScore":0,"confidence":0.8,"nightOpen22":false,"nightOpen00":false,"nightOpen02":false},"geometry":{"type":"Point","coordinates":[126.91274,35.175311]}},{"type":"Feature","properties":{"id":"osm-n10600986209","type":"night_activity","category":"fast_food","name":"에그드랍","openingHours":"Mo-Th 09:00-21:00; Fr-Su 09:00-21:30","source":"openstreetmap","nightTier":"day","nightScore":0,"confidence":0.8,"nightOpen22":false,"nightOpen00":false,"nightOpen02":false},"geometry":{"type":"Point","coordinates":[126.912982,35.175464]}},{"type":"Feature","properties":{"id":"osm-n10600986211","type":"night_activity","category":"pharmacy","name":"엘리트약국","openingHours":"Mo-Su 10:00-21:00","source":"openstreetmap","nightTier":"day","nightScore":0,"confidence":0.8,"nightOpen22":false,"nightOpen00":false,"nightOpen02":false},"geometry":{"type":"Point","coordinates":[126.913033,35.175472]}},{"type":"Feature","properties":{"id":"osm-n10601011664","type":"night_activity","category":"cafe","name":"메가MGC커피","openingHours":"Mo-Su 08:00-23:00","source":"openstreetmap","nightTier":"22","nightScore":0.5,"confidence":0.8,"nightOpen22":true,"nightOpen00":false,"nightOpen02":false},"geometry":{"type":"Point","coordinates":[126.913167,35.175471]}},{"type":"Feature","properties":{"id":"osm-n10601011667","type":"night_activity","category":"restaurant","name":"빨봉분식","openingHours":"Mo-Su 11:00-21:00","source":"openstreetmap","nightTier":"day","nightScore":0,"confidence":0.8,"nightOpen22":false,"nightOpen00":false,"nightOpen02":false},"geometry":{"type":"Point","coordinates":[126.91313,35.175431]}},{"type":"Feature","properties":{"id":"osm-n10601773515","type":"night_activity","category":"restaurant","name":"피치콜","source":"openstreetmap","nightTier":"unknown","nightScore":0.15,"confidence":0.3,"nightOpen22":false,"nightOpen00":false,"nightOpen02":false},"geometry":{"type":"Point","coordinates":[126.913339,35.175428]}},{"type":"Feature","properties":{"id":"osm-n10601773517","type":"night_activity","category":"restaurant","name":"동산회관","openingHours":"Tu-Su 11:00-15:00,16:30-21:00","source":"openstreetmap","nightTier":"day","nightScore":0,"confidence":0.8,"nightOpen22":false,"nightOpen00":false,"nightOpen02":false},"geometry":{"type":"Point","coordinates":[126.913398,35.175342]}},{"type":"Feature","properties":{"id":"osm-n10601773518","type":"night_activity","category":"restaurant","name":"통큰왕짬뽕","openingHours":"Mo-Sa 11:00-20:00","source":"openstreetmap","nightTier":"day","nightScore":0,"confidence":0.8,"nightOpen22":false,"nightOpen00":false,"nightOpen02":false},"geometry":{"type":"Point","coordinates":[126.913317,35.17534]}},{"type":"Feature","properties":{"id":"osm-n10601773519","type":"night_activity","category":"restaurant","name":"응급실국물떡볶이","openingHours":"Mo-Su 11:00-23:00","source":"openstreetmap","nightTier":"22","nightScore":0.5,"confidence":0.8,"nightOpen22":true,"nightOpen00":false,"nightOpen02":false},"geometry":{"type":"Point","coordinates":[126.913401,35.175273]}},{"type":"Feature","properties":{"id":"osm-n10601773521","type":"night_activity","category":"cafe","name":"카페해와N","openingHours":"Mo-Sa 11:00-22:30","source":"openstreetmap","nightTier":"22","nightScore":0.5,"confidence":0.8,"nightOpen22":true,"nightOpen00":false,"nightOpen02":false},"geometry":{"type":"Point","coordinates":[126.913431,35.175142]}},{"type":"Feature","properties":{"id":"osm-n10601773576","type":"night_activity","category":"restaurant","name":"당기요","openingHours":"Mo-Sa 11:30-22:00","source":"openstreetmap","nightTier":"day","nightScore":0,"confidence":0.8,"nightOpen22":false,"nightOpen00":false,"nightOpen02":false},"geometry":{"type":"Point","coordinates":[126.913404,35.175185]}},{"type":"Feature","properties":{"id":"osm-n10601773577","type":"night_activity","category":"restaurant","name":"라멘 키노리","openingHours":"Mo-Sa 11:30-15:00,17:00-21:00","source":"openstreetmap","nightTier":"day","nightScore":0,"confidence":0.8,"nightOpen22":false,"nightOpen00":false,"nightOpen02":false},"geometry":{"type":"Point","coordinates":[126.913483,35.175088]}},{"type":"Feature","properties":{"id":"osm-n10601773579","type":"night_activity","category":"restaurant","name":"너랑나랑","openingHours":"Mo-Sa 11:10-14:30,16:30-19:00","source":"openstreetmap","nightTier":"day","nightScore":0,"confidence":0.8,"nightOpen22":false,"nightOpen00":false,"nightOpen02":false},"geometry":{"type":"Point","coordinates":[126.913642,35.174918]}},{"type":"Feature","properties":{"id":"osm-n10601773580","type":"night_activity","category":"restaurant","name":"미태리","openingHours":"Mo-Su 11:00-15:00,16:00-21:30","source":"openstreetmap","nightTier":"day","nightScore":0,"confidence":0.8,"nightOpen22":false,"nightOpen00":false,"nightOpen02":false},"geometry":{"type":"Point","coordinates":[126.913553,35.175473]}},{"type":"Feature","properties":{"id":"osm-n10601773581","type":"night_activity","category":"cafe","name":"빽다방","openingHours":"Mo-Su 09:30-21:00","source":"openstreetmap","nightTier":"day","nightScore":0,"confidence":0.8,"nightOpen22":false,"nightOpen00":false,"nightOpen02":false},"geometry":{"type":"Point","coordinates":[126.913483,35.175471]}},{"type":"Feature","properties":{"id":"osm-n10601773583","type":"night_activity","category":"cafe","name":"시크릿가든","source":"openstreetmap","nightTier":"unknown","nightScore":0.15,"confidence":0.3,"nightOpen22":false,"nightOpen00":false,"nightOpen02":false},"geometry":{"type":"Point","coordinates":[126.913524,35.175356]}},{"type":"Feature","properties":{"id":"osm-n10601773584","type":"night_activity","category":"restaurant","name":"신당명가","openingHours":"Mo-Su 11:00-20:00","source":"openstreetmap","nightTier":"day","nightScore":0,"confidence":0.8,"nightOpen22":false,"nightOpen00":false,"nightOpen02":false},"geometry":{"type":"Point","coordinates":[126.913629,35.175484]}},{"type":"Feature","properties":{"id":"osm-n10601773585","type":"night_activity","category":"restaurant","name":"콩불","openingHours":"Mo-Su 11:00-23:00","source":"openstreetmap","nightTier":"22","nightScore":0.5,"confidence":0.8,"nightOpen22":true,"nightOpen00":false,"nightOpen02":false},"geometry":{"type":"Point","coordinates":[126.913689,35.175486]}},{"type":"Feature","properties":{"id":"osm-n10601773586","type":"night_activity","category":"restaurant","name":"뚱스파스타앤돈까스","openingHours":"Tu-Su 11:00-21:00","source":"openstreetmap","nightTier":"day","nightScore":0,"confidence":0.8,"nightOpen22":false,"nightOpen00":false,"nightOpen02":false},"geometry":{"type":"Point","coordinates":[126.913662,35.175446]}},{"type":"Feature","properties":{"id":"osm-n10601773590","type":"night_activity","category":"fast_food","name":"미향뷔페","openingHours":"Mo-Su 10:30-14:00,16:30-19:00","source":"openstreetmap","nightTier":"day","nightScore":0,"confidence":0.8,"nightOpen22":false,"nightOpen00":false,"nightOpen02":false},"geometry":{"type":"Point","coordinates":[126.913809,35.175005]}},{"type":"Feature","properties":{"id":"osm-n10601773591","type":"night_activity","category":"supermarket","name":"장터할인마트","source":"openstreetmap","nightTier":"unknown","nightScore":0.15,"confidence":0.3,"nightOpen22":false,"nightOpen00":false,"nightOpen02":false},"geometry":{"type":"Point","coordinates":[126.913871,35.175062]}},{"type":"Feature","properties":{"id":"osm-n10601773593","type":"night_activity","category":"fast_food","name":"열린식당","openingHours":"Mo-Sa 10:30-19:00","source":"openstreetmap","nightTier":"day","nightScore":0,"confidence":0.8,"nightOpen22":false,"nightOpen00":false,"nightOpen02":false},"geometry":{"type":"Point","coordinates":[126.913936,35.175081]}},{"type":"Feature","properties":{"id":"osm-n10601773594","type":"night_activity","category":"restaurant","name":"일미양꼬치","source":"openstreetmap","nightTier":"unknown","nightScore":0.15,"confidence":0.3,"nightOpen22":false,"nightOpen00":false,"nightOpen02":false},"geometry":{"type":"Point","coordinates":[126.913758,35.175403]}},{"type":"Feature","properties":{"id":"osm-n10601773596","type":"night_activity","category":"fast_food","name":"치킨마루","openingHours":"Mo-Su 00:00-00:20,16:20-24:00","source":"openstreetmap","nightTier":"00","nightScore":0.75,"confidence":0.8,"nightOpen22":true,"nightOpen00":true,"nightOpen02":false},"geometry":{"type":"Point","coordinates":[126.914049,35.17513]}},{"type":"Feature","properties":{"id":"osm-n10601773597","type":"night_activity","category":"restaurant","name":"보물섬","openingHours":"Mo-Sa 15:00-24:00","source":"openstreetmap","nightTier":"22","nightScore":0.5,"confidence":0.8,"nightOpen22":true,"nightOpen00":false,"nightOpen02":false},"geometry":{"type":"Point","coordinates":[126.913957,35.175503]}},{"type":"Feature","properties":{"id":"osm-n10601773600","type":"night_activity","category":"restaurant","name":"벼락","source":"openstreetmap","nightTier":"unknown","nightScore":0.15,"confidence":0.3,"nightOpen22":false,"nightOpen00":false,"nightOpen02":false},"geometry":{"type":"Point","coordinates":[126.914077,35.175369]}},{"type":"Feature","properties":{"id":"osm-n10601773601","type":"night_activity","category":"cafe","name":"Caffè Pascucci","openingHours":"Mo-Su 00:00-01:00,10:00-24:00","source":"openstreetmap","nightTier":"00","nightScore":0.75,"confidence":0.8,"nightOpen22":true,"nightOpen00":true,"nightOpen02":false},"geometry":{"type":"Point","coordinates":[126.91423,35.175167]}},{"type":"Feature","properties":{"id":"osm-n10601776105","type":"night_activity","category":"restaurant","name":"신전떡볶이","openingHours":"Mo-Su 11:00-22:00","source":"openstreetmap","nightTier":"day","nightScore":0,"confidence":0.8,"nightOpen22":false,"nightOpen00":false,"nightOpen02":false},"geometry":{"type":"Point","coordinates":[126.914254,35.175353]}},{"type":"Feature","properties":{"id":"osm-n10601776108","type":"night_activity","category":"restaurant","name":"이태리반점","openingHours":"Mo-Su 11:00-21:00","source":"openstreetmap","nightTier":"day","nightScore":0,"confidence":0.8,"nightOpen22":false,"nightOpen00":false,"nightOpen02":false},"geometry":{"type":"Point","coordinates":[126.914067,35.175498]}},{"type":"Feature","properties":{"id":"osm-n10601776109","type":"night_activity","category":"restaurant","name":"백소정","openingHours":"Mo-Su 11:00-15:00,17:00-21:00","source":"openstreetmap","nightTier":"day","nightScore":0,"confidence":0.8,"nightOpen22":false,"nightOpen00":false,"nightOpen02":false},"geometry":{"type":"Point","coordinates":[126.914243,35.175479]}},{"type":"Feature","properties":{"id":"osm-n10607662806","type":"night_activity","category":"convenience_store","name":"convenience_store","source":"openstreetmap","nightTier":"unknown","nightScore":0.15,"confidence":0.3,"nightOpen22":false,"nightOpen00":false,"nightOpen02":false},"geometry":{"type":"Point","coordinates":[126.913219,35.179222]}},{"type":"Feature","properties":{"id":"osm-n10650898894","type":"night_activity","category":"convenience_store","name":"GS25","source":"openstreetmap","nightTier":"unknown","nightScore":0.15,"confidence":0.3,"nightOpen22":false,"nightOpen00":false,"nightOpen02":false},"geometry":{"type":"Point","coordinates":[126.861314,35.134038]}},{"type":"Feature","properties":{"id":"osm-n10653301657","type":"night_activity","category":"cafe","name":"잇샌드","source":"openstreetmap","nightTier":"unknown","nightScore":0.15,"confidence":0.3,"nightOpen22":false,"nightOpen00":false,"nightOpen02":false},"geometry":{"type":"Point","coordinates":[126.86149,35.130369]}},{"type":"Feature","properties":{"id":"osm-n10653301658","type":"night_activity","category":"convenience_store","name":"CU","source":"openstreetmap","nightTier":"unknown","nightScore":0.15,"confidence":0.3,"nightOpen22":false,"nightOpen00":false,"nightOpen02":false},"geometry":{"type":"Point","coordinates":[126.861927,35.130247]}},{"type":"Feature","properties":{"id":"osm-n10661835607","type":"night_activity","category":"restaurant","name":"곱분이곱창","openingHours":"Mo-Su 00:00-01:00,16:00-24:00","source":"openstreetmap","nightTier":"00","nightScore":0.75,"confidence":0.8,"nightOpen22":true,"nightOpen00":true,"nightOpen02":false},"geometry":{"type":"Point","coordinates":[126.914417,35.175254]}},{"type":"Feature","properties":{"id":"osm-n10661835611","type":"night_activity","category":"restaurant","name":"히치하치","openingHours":"Mo-Fr 00:00-02:00,18:00-24:00; Sa-Su 00:00-04:00,18:00-24:00","source":"openstreetmap","nightTier":"00","nightScore":0.75,"confidence":0.8,"nightOpen22":true,"nightOpen00":true,"nightOpen02":false},"geometry":{"type":"Point","coordinates":[126.914408,35.175462]}},{"type":"Feature","properties":{"id":"osm-n10661835612","type":"night_activity","category":"restaurant","name":"신사천마라탕","source":"openstreetmap","nightTier":"unknown","nightScore":0.15,"confidence":0.3,"nightOpen22":false,"nightOpen00":false,"nightOpen02":false},"geometry":{"type":"Point","coordinates":[126.914468,35.175494]}},{"type":"Feature","properties":{"id":"osm-n10661835613","type":"night_activity","category":"restaurant","name":"포킹","openingHours":"Mo-Su 10:00-22:00","source":"openstreetmap","nightTier":"day","nightScore":0,"confidence":0.8,"nightOpen22":false,"nightOpen00":false,"nightOpen02":false},"geometry":{"type":"Point","coordinates":[126.914406,35.175504]}},{"type":"Feature","properties":{"id":"osm-n10661835622","type":"night_activity","category":"restaurant","name":"해방곱창","openingHours":"Mo-Su 17:00-24:00","source":"openstreetmap","nightTier":"22","nightScore":0.5,"confidence":0.8,"nightOpen22":true,"nightOpen00":false,"nightOpen02":false},"geometry":{"type":"Point","coordinates":[126.914442,35.175655]}},{"type":"Feature","properties":{"id":"osm-n10661835624","type":"night_activity","category":"cafe","name":"팔공티","openingHours":"Mo-Su 17:00-22:00","source":"openstreetmap","nightTier":"day","nightScore":0,"confidence":0.8,"nightOpen22":false,"nightOpen00":false,"nightOpen02":false},"geometry":{"type":"Point","coordinates":[126.914482,35.175188]}},{"type":"Feature","properties":{"id":"osm-n10661835625","type":"night_activity","category":"restaurant","name":"노릇노릇식당","openingHours":"Mo-Fr 11:00-15:00,17:00-20:00; Sa 11:30-14:00","source":"openstreetmap","nightTier":"day","nightScore":0,"confidence":0.8,"nightOpen22":false,"nightOpen00":false,"nightOpen02":false},"geometry":{"type":"Point","coordinates":[126.914544,35.175217]}},{"type":"Feature","properties":{"id":"osm-n10661835626","type":"night_activity","category":"restaurant","name":"담소","openingHours":"Mo-Su 00:00-01:00,10:00-24:00","source":"openstreetmap","nightTier":"00","nightScore":0.75,"confidence":0.8,"nightOpen22":true,"nightOpen00":true,"nightOpen02":false},"geometry":{"type":"Point","coordinates":[126.91459,35.175194]}},{"type":"Feature","properties":{"id":"osm-n10661835627","type":"night_activity","category":"restaurant","name":"뚜껑회관","openingHours":"Mo-Su 17:00-24:00","source":"openstreetmap","nightTier":"22","nightScore":0.5,"confidence":0.8,"nightOpen22":true,"nightOpen00":false,"nightOpen02":false},"geometry":{"type":"Point","coordinates":[126.914703,35.175208]}},{"type":"Feature","properties":{"id":"osm-n10661835636","type":"night_activity","category":"restaurant","name":"청년다방","openingHours":"Mo-Su 11:30-22:00","source":"openstreetmap","nightTier":"day","nightScore":0,"confidence":0.8,"nightOpen22":false,"nightOpen00":false,"nightOpen02":false},"geometry":{"type":"Point","coordinates":[126.914889,35.175183]}},{"type":"Feature","properties":{"id":"osm-n10663287948","type":"night_activity","category":"restaurant","name":"대패가","source":"openstreetmap","nightTier":"unknown","nightScore":0.15,"confidence":0.3,"nightOpen22":false,"nightOpen00":false,"nightOpen02":false},"geometry":{"type":"Point","coordinates":[126.914644,35.175605]}},{"type":"Feature","properties":{"id":"osm-n10663287949","type":"night_activity","category":"restaurant","name":"통큰돼지","source":"openstreetmap","nightTier":"unknown","nightScore":0.15,"confidence":0.3,"nightOpen22":false,"nightOpen00":false,"nightOpen02":false},"geometry":{"type":"Point","coordinates":[126.914595,35.175692]}},{"type":"Feature","properties":{"id":"osm-n10663287976","type":"night_activity","category":"restaurant","name":"더꼬치다","openingHours":"Mo-Tu,Th-Sa 00:00-00:40,11:00-24:00; Su 00:00-00:40,13:00-24:00","source":"openstreetmap","nightTier":"00","nightScore":0.75,"confidence":0.8,"nightOpen22":true,"nightOpen00":true,"nightOpen02":false},"geometry":{"type":"Point","coordinates":[126.914995,35.175255]}},{"type":"Feature","properties":{"id":"osm-n10663287978","type":"night_activity","category":"restaurant","name":"고윤","openingHours":"Mo-Su 00:00-01:00,17:00-24:00","source":"openstreetmap","nightTier":"00","nightScore":0.75,"confidence":0.8,"nightOpen22":true,"nightOpen00":true,"nightOpen02":false},"geometry":{"type":"Point","coordinates":[126.914945,35.175357]}},{"type":"Feature","properties":{"id":"osm-n10663372716","type":"night_activity","category":"restaurant","name":"일만족발","source":"openstreetmap","nightTier":"unknown","nightScore":0.15,"confidence":0.3,"nightOpen22":false,"nightOpen00":false,"nightOpen02":false},"geometry":{"type":"Point","coordinates":[126.914564,35.175952]}},{"type":"Feature","properties":{"id":"osm-n10663372717","type":"night_activity","category":"restaurant","name":"광저우88","openingHours":"Mo-Su 00:00-03:00,18:00-24:00","source":"openstreetmap","nightTier":"02","nightScore":0.9,"confidence":0.8,"nightOpen22":true,"nightOpen00":true,"nightOpen02":true},"geometry":{"type":"Point","coordinates":[126.91462,35.175991]}},{"type":"Feature","properties":{"id":"osm-n10663557681","type":"night_activity","category":"convenience_store","name":"세븐일레븐","openingHours":"24/7","source":"openstreetmap","nightTier":"24h","nightScore":1,"confidence":0.9,"nightOpen22":true,"nightOpen00":true,"nightOpen02":true},"geometry":{"type":"Point","coordinates":[126.915069,35.175173]}},{"type":"Feature","properties":{"id":"osm-n10669748779","type":"night_activity","category":"cafe","name":"투썸플레이스","openingHours":"Mo-Su 10:00-24:00","source":"openstreetmap","nightTier":"22","nightScore":0.5,"confidence":0.8,"nightOpen22":true,"nightOpen00":false,"nightOpen02":false},"geometry":{"type":"Point","coordinates":[126.915328,35.17517]}},{"type":"Feature","properties":{"id":"osm-n10669801909","type":"night_activity","category":"cafe","name":"푸루풀","openingHours":"Mo-Sa 10:00-15:00,16:30-19:00","source":"openstreetmap","nightTier":"day","nightScore":0,"confidence":0.8,"nightOpen22":false,"nightOpen00":false,"nightOpen02":false},"geometry":{"type":"Point","coordinates":[126.916431,35.175838]}},{"type":"Feature","properties":{"id":"osm-n10669801923","type":"night_activity","category":"restaurant","name":"본쿠라","openingHours":"Mo-Sa 18:00-24:00","source":"openstreetmap","nightTier":"22","nightScore":0.5,"confidence":0.8,"nightOpen22":true,"nightOpen00":false,"nightOpen02":false},"geometry":{"type":"Point","coordinates":[126.916549,35.175823]}},{"type":"Feature","properties":{"id":"osm-n10669801930","type":"night_activity","category":"restaurant","name":"페퍼콘","openingHours":"Tu-Su 11:00-15:00,17:00-21:20","source":"openstreetmap","nightTier":"day","nightScore":0,"confidence":0.8,"nightOpen22":false,"nightOpen00":false,"nightOpen02":false},"geometry":{"type":"Point","coordinates":[126.916676,35.175793]}},{"type":"Feature","properties":{"id":"osm-n10670023852","type":"night_activity","category":"cafe","name":"컴포즈커피","openingHours":"Mo-Su 08:00-22:30","source":"openstreetmap","nightTier":"22","nightScore":0.5,"confidence":0.8,"nightOpen22":true,"nightOpen00":false,"nightOpen02":false},"geometry":{"type":"Point","coordinates":[126.912708,35.175535]}},{"type":"Feature","properties":{"id":"osm-n10670023859","type":"night_activity","category":"cafe","name":"플레이스63","source":"openstreetmap","nightTier":"unknown","nightScore":0.15,"confidence":0.3,"nightOpen22":false,"nightOpen00":false,"nightOpen02":false},"geometry":{"type":"Point","coordinates":[126.912678,35.175691]}},{"type":"Feature","properties":{"id":"osm-n10670023861","type":"night_activity","category":"fast_food","name":"맘스터치","openingHours":"Mo-Su 10:30-22:20","source":"openstreetmap","nightTier":"22","nightScore":0.5,"confidence":0.8,"nightOpen22":true,"nightOpen00":false,"nightOpen02":false},"geometry":{"type":"Point","coordinates":[126.912726,35.175743]}},{"type":"Feature","properties":{"id":"osm-n10670023870","type":"night_activity","category":"restaurant","name":"롤링파스타","openingHours":"Mo-Fr 11:00-15:00,16:40-20:30; Sa 11:00-20:30","source":"openstreetmap","nightTier":"day","nightScore":0,"confidence":0.8,"nightOpen22":false,"nightOpen00":false,"nightOpen02":false},"geometry":{"type":"Point","coordinates":[126.912734,35.175847]}},{"type":"Feature","properties":{"id":"osm-n10696871304","type":"night_activity","category":"convenience_store","name":"세븐일레븐","source":"openstreetmap","nightTier":"unknown","nightScore":0.15,"confidence":0.3,"nightOpen22":false,"nightOpen00":false,"nightOpen02":false},"geometry":{"type":"Point","coordinates":[126.860726,35.122408]}},{"type":"Feature","properties":{"id":"osm-n10698636796","type":"night_activity","category":"convenience_store","name":"GS25","source":"openstreetmap","nightTier":"unknown","nightScore":0.15,"confidence":0.3,"nightOpen22":false,"nightOpen00":false,"nightOpen02":false},"geometry":{"type":"Point","coordinates":[126.862962,35.120971]}},{"type":"Feature","properties":{"id":"osm-n10699010865","type":"night_activity","category":"convenience_store","name":"세븐일레븐","source":"openstreetmap","nightTier":"unknown","nightScore":0.15,"confidence":0.3,"nightOpen22":false,"nightOpen00":false,"nightOpen02":false},"geometry":{"type":"Point","coordinates":[126.864678,35.122042]}},{"type":"Feature","properties":{"id":"osm-n10699202655","type":"night_activity","category":"fast_food","name":"난타5000","source":"openstreetmap","nightTier":"unknown","nightScore":0.15,"confidence":0.3,"nightOpen22":false,"nightOpen00":false,"nightOpen02":false},"geometry":{"type":"Point","coordinates":[126.865391,35.12125]}},{"type":"Feature","properties":{"id":"osm-n10699202656","type":"night_activity","category":"cafe","name":"이디야커피","source":"openstreetmap","nightTier":"unknown","nightScore":0.15,"confidence":0.3,"nightOpen22":false,"nightOpen00":false,"nightOpen02":false},"geometry":{"type":"Point","coordinates":[126.865987,35.120533]}},{"type":"Feature","properties":{"id":"osm-n10699202657","type":"night_activity","category":"convenience_store","name":"CU","source":"openstreetmap","nightTier":"unknown","nightScore":0.15,"confidence":0.3,"nightOpen22":false,"nightOpen00":false,"nightOpen02":false},"geometry":{"type":"Point","coordinates":[126.865618,35.120983]}},{"type":"Feature","properties":{"id":"osm-n10700793655","type":"night_activity","category":"convenience_store","name":"CU","source":"openstreetmap","nightTier":"unknown","nightScore":0.15,"confidence":0.3,"nightOpen22":false,"nightOpen00":false,"nightOpen02":false},"geometry":{"type":"Point","coordinates":[126.866967,35.118484]}},{"type":"Feature","properties":{"id":"osm-n10708163450","type":"night_activity","category":"convenience_store","name":"GS25","source":"openstreetmap","nightTier":"unknown","nightScore":0.15,"confidence":0.3,"nightOpen22":false,"nightOpen00":false,"nightOpen02":false},"geometry":{"type":"Point","coordinates":[126.86751,35.120728]}},{"type":"Feature","properties":{"id":"osm-n10708165769","type":"night_activity","category":"restaurant","name":"본죽","source":"openstreetmap","nightTier":"unknown","nightScore":0.15,"confidence":0.3,"nightOpen22":false,"nightOpen00":false,"nightOpen02":false},"geometry":{"type":"Point","coordinates":[126.866534,35.120458]}},{"type":"Feature","properties":{"id":"osm-n10708176608","type":"night_activity","category":"fast_food","name":"BHC치킨","source":"openstreetmap","nightTier":"unknown","nightScore":0.15,"confidence":0.3,"nightOpen22":false,"nightOpen00":false,"nightOpen02":false},"geometry":{"type":"Point","coordinates":[126.866701,35.12051]}},{"type":"Feature","properties":{"id":"osm-n10708200651","type":"night_activity","category":"cafe","name":"메가MGC커피","source":"openstreetmap","nightTier":"unknown","nightScore":0.15,"confidence":0.3,"nightOpen22":false,"nightOpen00":false,"nightOpen02":false},"geometry":{"type":"Point","coordinates":[126.865916,35.121113]}},{"type":"Feature","properties":{"id":"osm-n10716163706","type":"night_activity","category":"restaurant","name":"두찜","source":"openstreetmap","nightTier":"unknown","nightScore":0.15,"confidence":0.3,"nightOpen22":false,"nightOpen00":false,"nightOpen02":false},"geometry":{"type":"Point","coordinates":[126.86519,35.122031]}},{"type":"Feature","properties":{"id":"osm-n10727705945","type":"night_activity","category":"restaurant","name":"900달러 전남대점","source":"openstreetmap","nightTier":"unknown","nightScore":0.15,"confidence":0.3,"nightOpen22":false,"nightOpen00":false,"nightOpen02":false},"geometry":{"type":"Point","coordinates":[126.913357,35.177776]}},{"type":"Feature","properties":{"id":"osm-n10742811930","type":"night_activity","category":"convenience_store","name":"GS25","source":"openstreetmap","nightTier":"unknown","nightScore":0.15,"confidence":0.3,"nightOpen22":false,"nightOpen00":false,"nightOpen02":false},"geometry":{"type":"Point","coordinates":[126.867348,35.123324]}},{"type":"Feature","properties":{"id":"osm-n10744523238","type":"night_activity","category":"convenience_store","name":"CU","source":"openstreetmap","nightTier":"unknown","nightScore":0.15,"confidence":0.3,"nightOpen22":false,"nightOpen00":false,"nightOpen02":false},"geometry":{"type":"Point","coordinates":[126.868846,35.123509]}},{"type":"Feature","properties":{"id":"osm-n10744530839","type":"night_activity","category":"convenience_store","name":"세븐일레븐","source":"openstreetmap","nightTier":"unknown","nightScore":0.15,"confidence":0.3,"nightOpen22":false,"nightOpen00":false,"nightOpen02":false},"geometry":{"type":"Point","coordinates":[126.866522,35.122853]}},{"type":"Feature","properties":{"id":"osm-n10757813513","type":"night_activity","category":"convenience_store","name":"CU","source":"openstreetmap","nightTier":"unknown","nightScore":0.15,"confidence":0.3,"nightOpen22":false,"nightOpen00":false,"nightOpen02":false},"geometry":{"type":"Point","coordinates":[126.865964,35.124041]}},{"type":"Feature","properties":{"id":"osm-n10757815900","type":"night_activity","category":"restaurant","name":"신돈지마을 국밥","source":"openstreetmap","nightTier":"unknown","nightScore":0.15,"confidence":0.3,"nightOpen22":false,"nightOpen00":false,"nightOpen02":false},"geometry":{"type":"Point","coordinates":[126.868044,35.125006]}},{"type":"Feature","properties":{"id":"osm-n10757824543","type":"night_activity","category":"cafe","name":"Sulbing","source":"openstreetmap","nightTier":"unknown","nightScore":0.15,"confidence":0.3,"nightOpen22":false,"nightOpen00":false,"nightOpen02":false},"geometry":{"type":"Point","coordinates":[126.86881,35.125307]}},{"type":"Feature","properties":{"id":"osm-n10766098231","type":"night_activity","category":"cafe","name":"댄싱컵","openingHours":"Mo-Fr 08:00-21:30; Sa-Su 09:00-21:30","source":"openstreetmap","nightTier":"day","nightScore":0,"confidence":0.8,"nightOpen22":false,"nightOpen00":false,"nightOpen02":false},"geometry":{"type":"Point","coordinates":[126.913036,35.175583]}},{"type":"Feature","properties":{"id":"osm-n10766098237","type":"night_activity","category":"restaurant","name":"홍대돈부리","openingHours":"Mo-Su 11:00-22:00","source":"openstreetmap","nightTier":"day","nightScore":0,"confidence":0.8,"nightOpen22":false,"nightOpen00":false,"nightOpen02":false},"geometry":{"type":"Point","coordinates":[126.913229,35.175565]}},{"type":"Feature","properties":{"id":"osm-n10766098242","type":"night_activity","category":"restaurant","name":"카페이탈리아","source":"openstreetmap","nightTier":"unknown","nightScore":0.15,"confidence":0.3,"nightOpen22":false,"nightOpen00":false,"nightOpen02":false},"geometry":{"type":"Point","coordinates":[126.913471,35.175698]}},{"type":"Feature","properties":{"id":"osm-n10766098243","type":"night_activity","category":"restaurant","name":"마카나이","openingHours":"Mo-Su 11:00-21:00","source":"openstreetmap","nightTier":"day","nightScore":0,"confidence":0.8,"nightOpen22":false,"nightOpen00":false,"nightOpen02":false},"geometry":{"type":"Point","coordinates":[126.913526,35.175576]}},{"type":"Feature","properties":{"id":"osm-n10766098244","type":"night_activity","category":"cafe","name":"청자다방","openingHours":"Mo-Fr 08:00-22:00; Sa-Su 09:00-22:00","source":"openstreetmap","nightTier":"day","nightScore":0,"confidence":0.8,"nightOpen22":false,"nightOpen00":false,"nightOpen02":false},"geometry":{"type":"Point","coordinates":[126.913479,35.175581]}},{"type":"Feature","properties":{"id":"osm-n10766108051","type":"night_activity","category":"restaurant","name":"전대별식","openingHours":"Mo-Su 11:30-15:00,17:00-22:00","source":"openstreetmap","nightTier":"day","nightScore":0,"confidence":0.8,"nightOpen22":false,"nightOpen00":false,"nightOpen02":false},"geometry":{"type":"Point","coordinates":[126.913625,35.175591]}},{"type":"Feature","properties":{"id":"osm-n10766108057","type":"night_activity","category":"restaurant","name":"내가찜한닭","openingHours":"Mo-Su 10:00-22:00","source":"openstreetmap","nightTier":"day","nightScore":0,"confidence":0.8,"nightOpen22":false,"nightOpen00":false,"nightOpen02":false},"geometry":{"type":"Point","coordinates":[126.913738,35.175593]}},{"type":"Feature","properties":{"id":"osm-n10766108058","type":"night_activity","category":"restaurant","name":"라스타","openingHours":"Mo-Su 10:30-21:30","source":"openstreetmap","nightTier":"day","nightScore":0,"confidence":0.8,"nightOpen22":false,"nightOpen00":false,"nightOpen02":false},"geometry":{"type":"Point","coordinates":[126.913709,35.175623]}},{"type":"Feature","properties":{"id":"osm-n10766108059","type":"night_activity","category":"cafe","name":"티라크림","openingHours":"Mo-Su 11:00-22:00","source":"openstreetmap","nightTier":"day","nightScore":0,"confidence":0.8,"nightOpen22":false,"nightOpen00":false,"nightOpen02":false},"geometry":{"type":"Point","coordinates":[126.913749,35.175632]}},{"type":"Feature","properties":{"id":"osm-n10766108060","type":"night_activity","category":"restaurant","name":"네고치킨","source":"openstreetmap","nightTier":"unknown","nightScore":0.15,"confidence":0.3,"nightOpen22":false,"nightOpen00":false,"nightOpen02":false},"geometry":{"type":"Point","coordinates":[126.913898,35.175495]}},{"type":"Feature","properties":{"id":"osm-n10773139683","type":"night_activity","category":"convenience_store","name":"세븐일레븐","source":"openstreetmap","nightTier":"unknown","nightScore":0.15,"confidence":0.3,"nightOpen22":false,"nightOpen00":false,"nightOpen02":false},"geometry":{"type":"Point","coordinates":[126.869085,35.125042]}},{"type":"Feature","properties":{"id":"osm-n10773139684","type":"night_activity","category":"cafe","name":"엔제리너스","source":"openstreetmap","nightTier":"unknown","nightScore":0.15,"confidence":0.3,"nightOpen22":false,"nightOpen00":false,"nightOpen02":false},"geometry":{"type":"Point","coordinates":[126.868793,35.124815]}},{"type":"Feature","properties":{"id":"osm-n10773139685","type":"night_activity","category":"convenience_store","name":"GS25","source":"openstreetmap","nightTier":"unknown","nightScore":0.15,"confidence":0.3,"nightOpen22":false,"nightOpen00":false,"nightOpen02":false},"geometry":{"type":"Point","coordinates":[126.868811,35.125021]}},{"type":"Feature","properties":{"id":"osm-n10773143530","type":"night_activity","category":"fast_food","name":"푸라닭치킨","source":"openstreetmap","nightTier":"unknown","nightScore":0.15,"confidence":0.3,"nightOpen22":false,"nightOpen00":false,"nightOpen02":false},"geometry":{"type":"Point","coordinates":[126.868463,35.123671]}},{"type":"Feature","properties":{"id":"osm-n10775676912","type":"night_activity","category":"restaurant","name":"부대통령뚝배기","source":"openstreetmap","nightTier":"unknown","nightScore":0.15,"confidence":0.3,"nightOpen22":false,"nightOpen00":false,"nightOpen02":false},"geometry":{"type":"Point","coordinates":[126.913815,35.175593]}},{"type":"Feature","properties":{"id":"osm-n10775676913","type":"night_activity","category":"restaurant","name":"타카라카레","openingHours":"Mo-Fr,Su 11:30-21:00","source":"openstreetmap","nightTier":"day","nightScore":0,"confidence":0.8,"nightOpen22":false,"nightOpen00":false,"nightOpen02":false},"geometry":{"type":"Point","coordinates":[126.913872,35.175598]}},{"type":"Feature","properties":{"id":"osm-n10775676915","type":"night_activity","category":"cafe","name":"달리는커피","openingHours":"Mo-Su 11:00-22:00","source":"openstreetmap","nightTier":"day","nightScore":0,"confidence":0.8,"nightOpen22":false,"nightOpen00":false,"nightOpen02":false},"geometry":{"type":"Point","coordinates":[126.913911,35.175635]}},{"type":"Feature","properties":{"id":"osm-n10775676922","type":"night_activity","category":"restaurant","name":"한마음정육식당","source":"openstreetmap","nightTier":"unknown","nightScore":0.15,"confidence":0.3,"nightOpen22":false,"nightOpen00":false,"nightOpen02":false},"geometry":{"type":"Point","coordinates":[126.91406,35.175607]}},{"type":"Feature","properties":{"id":"osm-n10775676923","type":"night_activity","category":"restaurant","name":"조봉순상무국밥","openingHours":"24/7","source":"openstreetmap","nightTier":"24h","nightScore":1,"confidence":0.9,"nightOpen22":true,"nightOpen00":true,"nightOpen02":true},"geometry":{"type":"Point","coordinates":[126.914215,35.175625]}},{"type":"Feature","properties":{"id":"osm-n10775676924","type":"night_activity","category":"restaurant","name":"코로나","openingHours":"Mo-Sa 17:30-23:00","source":"openstreetmap","nightTier":"22","nightScore":0.5,"confidence":0.8,"nightOpen22":true,"nightOpen00":false,"nightOpen02":false},"geometry":{"type":"Point","coordinates":[126.914178,35.17566]}},{"type":"Feature","properties":{"id":"osm-n10775676925","type":"night_activity","category":"cafe","name":"벌크커피","openingHours":"Mo-Su 10:00-23:50","source":"openstreetmap","nightTier":"22","nightScore":0.5,"confidence":0.8,"nightOpen22":true,"nightOpen00":false,"nightOpen02":false},"geometry":{"type":"Point","coordinates":[126.914297,35.17566]}},{"type":"Feature","properties":{"id":"osm-n10775676928","type":"night_activity","category":"restaurant","name":"쭈군","openingHours":"Mo-Su 11:30-14:30,16:00-23:50","source":"openstreetmap","nightTier":"22","nightScore":0.5,"confidence":0.8,"nightOpen22":true,"nightOpen00":false,"nightOpen02":false},"geometry":{"type":"Point","coordinates":[126.914422,35.175994]}},{"type":"Feature","properties":{"id":"osm-n10775711245","type":"night_activity","category":"cafe","name":"스타벅스","source":"openstreetmap","nightTier":"unknown","nightScore":0.15,"confidence":0.3,"nightOpen22":false,"nightOpen00":false,"nightOpen02":false},"geometry":{"type":"Point","coordinates":[126.866128,35.17162]}},{"type":"Feature","properties":{"id":"osm-n10775711246","type":"night_activity","category":"cafe","name":"이디야커피","source":"openstreetmap","nightTier":"unknown","nightScore":0.15,"confidence":0.3,"nightOpen22":false,"nightOpen00":false,"nightOpen02":false},"geometry":{"type":"Point","coordinates":[126.864344,35.171721]}},{"type":"Feature","properties":{"id":"osm-n10775711250","type":"night_activity","category":"cafe","name":"공차","source":"openstreetmap","nightTier":"unknown","nightScore":0.15,"confidence":0.3,"nightOpen22":false,"nightOpen00":false,"nightOpen02":false},"geometry":{"type":"Point","coordinates":[126.865724,35.17169]}},{"type":"Feature","properties":{"id":"osm-n10775711251","type":"night_activity","category":"cafe","name":"더벤티 광주동천점","source":"openstreetmap","nightTier":"unknown","nightScore":0.15,"confidence":0.3,"nightOpen22":false,"nightOpen00":false,"nightOpen02":false},"geometry":{"type":"Point","coordinates":[126.867132,35.171425]}},{"type":"Feature","properties":{"id":"osm-n10781666002","type":"night_activity","category":"hospital","name":"무등요양병원","source":"openstreetmap","nightTier":"unknown","nightScore":0.15,"confidence":0.3,"nightOpen22":false,"nightOpen00":false,"nightOpen02":false},"geometry":{"type":"Point","coordinates":[126.917523,35.127318]}},{"type":"Feature","properties":{"id":"osm-n10781666067","type":"night_activity","category":"cafe","name":"갤러리24카페","source":"openstreetmap","nightTier":"unknown","nightScore":0.15,"confidence":0.3,"nightOpen22":false,"nightOpen00":false,"nightOpen02":false},"geometry":{"type":"Point","coordinates":[126.884773,35.166585]}},{"type":"Feature","properties":{"id":"osm-n10781742729","type":"night_activity","category":"cafe","name":"컴포즈커피","source":"openstreetmap","nightTier":"unknown","nightScore":0.15,"confidence":0.3,"nightOpen22":false,"nightOpen00":false,"nightOpen02":false},"geometry":{"type":"Point","coordinates":[126.917799,35.133463]}},{"type":"Feature","properties":{"id":"osm-n10781742732","type":"night_activity","category":"cafe","name":"이디야커피","source":"openstreetmap","nightTier":"unknown","nightScore":0.15,"confidence":0.3,"nightOpen22":false,"nightOpen00":false,"nightOpen02":false},"geometry":{"type":"Point","coordinates":[126.87449,35.102017]}},{"type":"Feature","properties":{"id":"osm-n10781742733","type":"night_activity","category":"cafe","name":"공차","source":"openstreetmap","nightTier":"unknown","nightScore":0.15,"confidence":0.3,"nightOpen22":false,"nightOpen00":false,"nightOpen02":false},"geometry":{"type":"Point","coordinates":[126.873494,35.102097]}},{"type":"Feature","properties":{"id":"osm-n10781742760","type":"night_activity","category":"cafe","name":"스타벅스","source":"openstreetmap","nightTier":"unknown","nightScore":0.15,"confidence":0.3,"nightOpen22":false,"nightOpen00":false,"nightOpen02":false},"geometry":{"type":"Point","coordinates":[126.871237,35.099973]}},{"type":"Feature","properties":{"id":"osm-n10781742842","type":"night_activity","category":"cafe","name":"청자다방 광주임암점","source":"openstreetmap","nightTier":"unknown","nightScore":0.15,"confidence":0.3,"nightOpen22":false,"nightOpen00":false,"nightOpen02":false},"geometry":{"type":"Point","coordinates":[126.877187,35.09932]}},{"type":"Feature","properties":{"id":"osm-n10781742845","type":"night_activity","category":"convenience_store","name":"CU","openingHours":"Mo-Su 06:30-00:30","source":"openstreetmap","nightTier":"00","nightScore":0.75,"confidence":0.8,"nightOpen22":true,"nightOpen00":true,"nightOpen02":false},"geometry":{"type":"Point","coordinates":[126.903971,35.102754]}},{"type":"Feature","properties":{"id":"osm-n10781742858","type":"night_activity","category":"cafe","name":"이디야커피","source":"openstreetmap","nightTier":"unknown","nightScore":0.15,"confidence":0.3,"nightOpen22":false,"nightOpen00":false,"nightOpen02":false},"geometry":{"type":"Point","coordinates":[126.888714,35.10245]}},{"type":"Feature","properties":{"id":"osm-n10783461801","type":"night_activity","category":"convenience_store","name":"이마트24 광주소태대아점","source":"openstreetmap","nightTier":"unknown","nightScore":0.15,"confidence":0.3,"nightOpen22":false,"nightOpen00":false,"nightOpen02":false},"geometry":{"type":"Point","coordinates":[126.935978,35.124508]}},{"type":"Feature","properties":{"id":"osm-n10783461803","type":"night_activity","category":"convenience_store","name":"GS25","source":"openstreetmap","nightTier":"unknown","nightScore":0.15,"confidence":0.3,"nightOpen22":false,"nightOpen00":false,"nightOpen02":false},"geometry":{"type":"Point","coordinates":[126.934764,35.124091]}},{"type":"Feature","properties":{"id":"osm-n10784434039","type":"night_activity","category":"cafe","name":"이디야커피","source":"openstreetmap","nightTier":"unknown","nightScore":0.15,"confidence":0.3,"nightOpen22":false,"nightOpen00":false,"nightOpen02":false},"geometry":{"type":"Point","coordinates":[126.878066,35.146929]}},{"type":"Feature","properties":{"id":"osm-n10792784031","type":"night_activity","category":"fast_food","name":"명랑핫도그","source":"openstreetmap","nightTier":"unknown","nightScore":0.15,"confidence":0.3,"nightOpen22":false,"nightOpen00":false,"nightOpen02":false},"geometry":{"type":"Point","coordinates":[126.913137,35.175798]}},{"type":"Feature","properties":{"id":"osm-n10792784032","type":"night_activity","category":"restaurant","name":"싸움의고수","openingHours":"Mo-Su 11:00-23:00","source":"openstreetmap","nightTier":"22","nightScore":0.5,"confidence":0.8,"nightOpen22":true,"nightOpen00":false,"nightOpen02":false},"geometry":{"type":"Point","coordinates":[126.913302,35.175815]}},{"type":"Feature","properties":{"id":"osm-n10793018910","type":"night_activity","category":"restaurant","name":"오이시라멘","openingHours":"Mo-Fr 11:00-20:00; Sa 12:00-15:00,16:30-19:30","source":"openstreetmap","nightTier":"day","nightScore":0,"confidence":0.8,"nightOpen22":false,"nightOpen00":false,"nightOpen02":false},"geometry":{"type":"Point","coordinates":[126.912944,35.175911]}},{"type":"Feature","properties":{"id":"osm-n10793018912","type":"night_activity","category":"restaurant","name":"강호양꼬치","source":"openstreetmap","nightTier":"unknown","nightScore":0.15,"confidence":0.3,"nightOpen22":false,"nightOpen00":false,"nightOpen02":false},"geometry":{"type":"Point","coordinates":[126.912922,35.176001]}},{"type":"Feature","properties":{"id":"osm-n10793018913","type":"night_activity","category":"cafe","name":"마로와플","openingHours":"Mo-Su 11:30-22:00","source":"openstreetmap","nightTier":"day","nightScore":0,"confidence":0.8,"nightOpen22":false,"nightOpen00":false,"nightOpen02":false},"geometry":{"type":"Point","coordinates":[126.913001,35.176071]}},{"type":"Feature","properties":{"id":"osm-n10793018915","type":"night_activity","category":"restaurant","name":"미스터초밥왕","openingHours":"Mo-Su 11:30-15:00,17:00-21:00","source":"openstreetmap","nightTier":"day","nightScore":0,"confidence":0.8,"nightOpen22":false,"nightOpen00":false,"nightOpen02":false},"geometry":{"type":"Point","coordinates":[126.912914,35.176091]}},{"type":"Feature","properties":{"id":"osm-n10793018919","type":"night_activity","category":"cafe","name":"Sulbing","openingHours":"Mo-Su 11:00-22:30","source":"openstreetmap","nightTier":"22","nightScore":0.5,"confidence":0.8,"nightOpen22":true,"nightOpen00":false,"nightOpen02":false},"geometry":{"type":"Point","coordinates":[126.912898,35.176232]}},{"type":"Feature","properties":{"id":"osm-n10794763830","type":"night_activity","category":"convenience_store","name":"세븐일레븐","source":"openstreetmap","nightTier":"unknown","nightScore":0.15,"confidence":0.3,"nightOpen22":false,"nightOpen00":false,"nightOpen02":false},"geometry":{"type":"Point","coordinates":[126.912643,35.176007]}},{"type":"Feature","properties":{"id":"osm-n10794763831","type":"night_activity","category":"restaurant","name":"쉐프공방","openingHours":"Mo-Sa 11:00-21:30","source":"openstreetmap","nightTier":"day","nightScore":0,"confidence":0.8,"nightOpen22":false,"nightOpen00":false,"nightOpen02":false},"geometry":{"type":"Point","coordinates":[126.912712,35.176008]}},{"type":"Feature","properties":{"id":"osm-n10794763833","type":"night_activity","category":"cafe","name":"커피주유소","source":"openstreetmap","nightTier":"unknown","nightScore":0.15,"confidence":0.3,"nightOpen22":false,"nightOpen00":false,"nightOpen02":false},"geometry":{"type":"Point","coordinates":[126.912616,35.176098]}},{"type":"Feature","properties":{"id":"osm-n10794763836","type":"night_activity","category":"cafe","name":"사보르커피","openingHours":"Mo-Fr 09:30-22:00; Sa 10:00-22:00","source":"openstreetmap","nightTier":"day","nightScore":0,"confidence":0.8,"nightOpen22":false,"nightOpen00":false,"nightOpen02":false},"geometry":{"type":"Point","coordinates":[126.912804,35.176069]}},{"type":"Feature","properties":{"id":"osm-n10794763839","type":"night_activity","category":"restaurant","name":"행복한혼끼","openingHours":"Mo-Su 11:00-22:00","source":"openstreetmap","nightTier":"day","nightScore":0,"confidence":0.8,"nightOpen22":false,"nightOpen00":false,"nightOpen02":false},"geometry":{"type":"Point","coordinates":[126.912796,35.176236]}},{"type":"Feature","properties":{"id":"osm-n10794763841","type":"night_activity","category":"restaurant","name":"이삭토스트","openingHours":"Mo-Fr 09:00-22:00; Sa-Su 10:00-22:00","source":"openstreetmap","nightTier":"day","nightScore":0,"confidence":0.8,"nightOpen22":false,"nightOpen00":false,"nightOpen02":false},"geometry":{"type":"Point","coordinates":[126.91259,35.176318]}},{"type":"Feature","properties":{"id":"osm-n10807058848","type":"night_activity","category":"convenience_store","name":"CU","source":"openstreetmap","nightTier":"unknown","nightScore":0.15,"confidence":0.3,"nightOpen22":false,"nightOpen00":false,"nightOpen02":false},"geometry":{"type":"Point","coordinates":[126.880877,35.124274]}},{"type":"Feature","properties":{"id":"osm-n10809417495","type":"night_activity","category":"fast_food","name":"봉구스밥버거","source":"openstreetmap","nightTier":"unknown","nightScore":0.15,"confidence":0.3,"nightOpen22":false,"nightOpen00":false,"nightOpen02":false},"geometry":{"type":"Point","coordinates":[126.878089,35.125056]}},{"type":"Feature","properties":{"id":"osm-n10809569406","type":"night_activity","category":"cafe","name":"스타벅스","source":"openstreetmap","nightTier":"unknown","nightScore":0.15,"confidence":0.3,"nightOpen22":false,"nightOpen00":false,"nightOpen02":false},"geometry":{"type":"Point","coordinates":[126.879587,35.126914]}},{"type":"Feature","properties":{"id":"osm-n10809569407","type":"night_activity","category":"convenience_store","name":"CU","source":"openstreetmap","nightTier":"unknown","nightScore":0.15,"confidence":0.3,"nightOpen22":false,"nightOpen00":false,"nightOpen02":false},"geometry":{"type":"Point","coordinates":[126.878869,35.126688]}},{"type":"Feature","properties":{"id":"osm-n10809569408","type":"night_activity","category":"fast_food","name":"롯데리아","source":"openstreetmap","nightTier":"unknown","nightScore":0.15,"confidence":0.3,"nightOpen22":false,"nightOpen00":false,"nightOpen02":false},"geometry":{"type":"Point","coordinates":[126.879233,35.125867]}},{"type":"Feature","properties":{"id":"osm-n10809569409","type":"night_activity","category":"convenience_store","name":"이마트24","source":"openstreetmap","nightTier":"unknown","nightScore":0.15,"confidence":0.3,"nightOpen22":false,"nightOpen00":false,"nightOpen02":false},"geometry":{"type":"Point","coordinates":[126.879709,35.125805]}},{"type":"Feature","properties":{"id":"osm-n10809671724","type":"night_activity","category":"cafe","name":"메가MGC커피","source":"openstreetmap","nightTier":"unknown","nightScore":0.15,"confidence":0.3,"nightOpen22":false,"nightOpen00":false,"nightOpen02":false},"geometry":{"type":"Point","coordinates":[126.878321,35.127152]}},{"type":"Feature","properties":{"id":"osm-n10810525538","type":"night_activity","category":"restaurant","name":"피크닉스","openingHours":"Mo-Sa 12:30-22:00; Su 14:00-22:00","source":"openstreetmap","nightTier":"day","nightScore":0,"confidence":0.8,"nightOpen22":false,"nightOpen00":false,"nightOpen02":false},"geometry":{"type":"Point","coordinates":[126.913317,35.176064]}},{"type":"Feature","properties":{"id":"osm-n10810525539","type":"night_activity","category":"restaurant","name":"신가네매운떡볶이","openingHours":"Mo-Su 10:00-23:00","source":"openstreetmap","nightTier":"22","nightScore":0.5,"confidence":0.8,"nightOpen22":true,"nightOpen00":false,"nightOpen02":false},"geometry":{"type":"Point","coordinates":[126.91334,35.176041]}},{"type":"Feature","properties":{"id":"osm-n10814574788","type":"night_activity","category":"convenience_store","name":"세븐일레븐","source":"openstreetmap","nightTier":"unknown","nightScore":0.15,"confidence":0.3,"nightOpen22":false,"nightOpen00":false,"nightOpen02":false},"geometry":{"type":"Point","coordinates":[126.883567,35.12101]}},{"type":"Feature","properties":{"id":"osm-n10815401166","type":"night_activity","category":"convenience_store","name":"GS25","source":"openstreetmap","nightTier":"unknown","nightScore":0.15,"confidence":0.3,"nightOpen22":false,"nightOpen00":false,"nightOpen02":false},"geometry":{"type":"Point","coordinates":[126.878881,35.122005]}},{"type":"Feature","properties":{"id":"osm-n10815525744","type":"night_activity","category":"cafe","name":"투썸플레이스","source":"openstreetmap","nightTier":"unknown","nightScore":0.15,"confidence":0.3,"nightOpen22":false,"nightOpen00":false,"nightOpen02":false},"geometry":{"type":"Point","coordinates":[126.883809,35.121256]}},{"type":"Feature","properties":{"id":"osm-n10815525745","type":"night_activity","category":"convenience_store","name":"세븐일레븐","source":"openstreetmap","nightTier":"unknown","nightScore":0.15,"confidence":0.3,"nightOpen22":false,"nightOpen00":false,"nightOpen02":false},"geometry":{"type":"Point","coordinates":[126.882294,35.121254]}},{"type":"Feature","properties":{"id":"osm-n10815643144","type":"night_activity","category":"fast_food","name":"BHC치킨","source":"openstreetmap","nightTier":"unknown","nightScore":0.15,"confidence":0.3,"nightOpen22":false,"nightOpen00":false,"nightOpen02":false},"geometry":{"type":"Point","coordinates":[126.883684,35.123702]}},{"type":"Feature","properties":{"id":"osm-n10815643145","type":"night_activity","category":"fast_food","name":"노랑통닭","source":"openstreetmap","nightTier":"unknown","nightScore":0.15,"confidence":0.3,"nightOpen22":false,"nightOpen00":false,"nightOpen02":false},"geometry":{"type":"Point","coordinates":[126.883221,35.123556]}},{"type":"Feature","properties":{"id":"osm-n10815643146","type":"night_activity","category":"fast_food","name":"굽네치킨","source":"openstreetmap","nightTier":"unknown","nightScore":0.15,"confidence":0.3,"nightOpen22":false,"nightOpen00":false,"nightOpen02":false},"geometry":{"type":"Point","coordinates":[126.883082,35.123872]}},{"type":"Feature","properties":{"id":"osm-n10815643147","type":"night_activity","category":"fast_food","name":"BBQ치킨","source":"openstreetmap","nightTier":"unknown","nightScore":0.15,"confidence":0.3,"nightOpen22":false,"nightOpen00":false,"nightOpen02":false},"geometry":{"type":"Point","coordinates":[126.882872,35.123818]}},{"type":"Feature","properties":{"id":"osm-n10815645148","type":"night_activity","category":"fast_food","name":"네네치킨","source":"openstreetmap","nightTier":"unknown","nightScore":0.15,"confidence":0.3,"nightOpen22":false,"nightOpen00":false,"nightOpen02":false},"geometry":{"type":"Point","coordinates":[126.881698,35.123501]}},{"type":"Feature","properties":{"id":"osm-n10815649815","type":"night_activity","category":"supermarket","name":"텃밭","source":"openstreetmap","nightTier":"unknown","nightScore":0.15,"confidence":0.3,"nightOpen22":false,"nightOpen00":false,"nightOpen02":false},"geometry":{"type":"Point","coordinates":[126.882988,35.123374]}},{"type":"Feature","properties":{"id":"osm-n10815650610","type":"night_activity","category":"fast_food","name":"60계치킨","source":"openstreetmap","nightTier":"unknown","nightScore":0.15,"confidence":0.3,"nightOpen22":false,"nightOpen00":false,"nightOpen02":false},"geometry":{"type":"Point","coordinates":[126.882101,35.123258]}},{"type":"Feature","properties":{"id":"osm-n10815650611","type":"night_activity","category":"cafe","name":"메가MGC커피","source":"openstreetmap","nightTier":"unknown","nightScore":0.15,"confidence":0.3,"nightOpen22":false,"nightOpen00":false,"nightOpen02":false},"geometry":{"type":"Point","coordinates":[126.881665,35.123093]}},{"type":"Feature","properties":{"id":"osm-n10816453124","type":"night_activity","category":"restaurant","name":"맛있는카츠","source":"openstreetmap","nightTier":"unknown","nightScore":0.15,"confidence":0.3,"nightOpen22":false,"nightOpen00":false,"nightOpen02":false},"geometry":{"type":"Point","coordinates":[126.913234,35.176348]}},{"type":"Feature","properties":{"id":"osm-n10816453127","type":"night_activity","category":"restaurant","name":"중앙닭갈비","openingHours":"Mo-Su 10:40-21:10","source":"openstreetmap","nightTier":"day","nightScore":0,"confidence":0.8,"nightOpen22":false,"nightOpen00":false,"nightOpen02":false},"geometry":{"type":"Point","coordinates":[126.913468,35.176414]}},{"type":"Feature","properties":{"id":"osm-n10816453130","type":"night_activity","category":"restaurant","name":"배달로돼지","source":"openstreetmap","nightTier":"unknown","nightScore":0.15,"confidence":0.3,"nightOpen22":false,"nightOpen00":false,"nightOpen02":false},"geometry":{"type":"Point","coordinates":[126.913645,35.176422]}},{"type":"Feature","properties":{"id":"osm-n10819037131","type":"night_activity","category":"convenience_store","name":"CU","source":"openstreetmap","nightTier":"unknown","nightScore":0.15,"confidence":0.3,"nightOpen22":false,"nightOpen00":false,"nightOpen02":false},"geometry":{"type":"Point","coordinates":[126.883585,35.12443]}},{"type":"Feature","properties":{"id":"osm-n10819037132","type":"night_activity","category":"convenience_store","name":"이마트24","source":"openstreetmap","nightTier":"unknown","nightScore":0.15,"confidence":0.3,"nightOpen22":false,"nightOpen00":false,"nightOpen02":false},"geometry":{"type":"Point","coordinates":[126.883957,35.123752]}},{"type":"Feature","properties":{"id":"osm-n10819125916","type":"night_activity","category":"convenience_store","name":"GS25","source":"openstreetmap","nightTier":"unknown","nightScore":0.15,"confidence":0.3,"nightOpen22":false,"nightOpen00":false,"nightOpen02":false},"geometry":{"type":"Point","coordinates":[126.882862,35.126128]}},{"type":"Feature","properties":{"id":"osm-n10819687478","type":"night_activity","category":"convenience_store","name":"GS25","source":"openstreetmap","nightTier":"unknown","nightScore":0.15,"confidence":0.3,"nightOpen22":false,"nightOpen00":false,"nightOpen02":false},"geometry":{"type":"Point","coordinates":[126.902707,35.185017]}},{"type":"Feature","properties":{"id":"osm-n10821300035","type":"night_activity","category":"fast_food","name":"교촌치킨","openingHours":"Mo-Su 00:00-01:00,12:00-24:00","source":"openstreetmap","nightTier":"00","nightScore":0.75,"confidence":0.8,"nightOpen22":true,"nightOpen00":true,"nightOpen02":false},"geometry":{"type":"Point","coordinates":[126.91467,35.17613]}},{"type":"Feature","properties":{"id":"osm-n10821300036","type":"night_activity","category":"restaurant","name":"오노오노","source":"openstreetmap","nightTier":"unknown","nightScore":0.15,"confidence":0.3,"nightOpen22":false,"nightOpen00":false,"nightOpen02":false},"geometry":{"type":"Point","coordinates":[126.914867,35.17615]}},{"type":"Feature","properties":{"id":"osm-n10821300040","type":"night_activity","category":"cafe","name":"미밀","openingHours":"Tu-Su 11:00-22:00","source":"openstreetmap","nightTier":"day","nightScore":0,"confidence":0.8,"nightOpen22":false,"nightOpen00":false,"nightOpen02":false},"geometry":{"type":"Point","coordinates":[126.915099,35.176193]}},{"type":"Feature","properties":{"id":"osm-n10821300041","type":"night_activity","category":"cafe","name":"용봉커피","openingHours":"Mo-Su 12:00-22:00","source":"openstreetmap","nightTier":"day","nightScore":0,"confidence":0.8,"nightOpen22":false,"nightOpen00":false,"nightOpen02":false},"geometry":{"type":"Point","coordinates":[126.915515,35.176138]}},{"type":"Feature","properties":{"id":"osm-n10822035678","type":"night_activity","category":"convenience_store","name":"알리바이","source":"openstreetmap","nightTier":"unknown","nightScore":0.15,"confidence":0.3,"nightOpen22":false,"nightOpen00":false,"nightOpen02":false},"geometry":{"type":"Point","coordinates":[126.882374,35.127243]}},{"type":"Feature","properties":{"id":"osm-n10829964350","type":"night_activity","category":"cafe","name":"머슬커피","source":"openstreetmap","nightTier":"unknown","nightScore":0.15,"confidence":0.3,"nightOpen22":false,"nightOpen00":false,"nightOpen02":false},"geometry":{"type":"Point","coordinates":[126.905164,35.172274]}},{"type":"Feature","properties":{"id":"osm-n10831840406","type":"night_activity","category":"restaurant","name":"restaurant","source":"openstreetmap","nightTier":"unknown","nightScore":0.15,"confidence":0.3,"nightOpen22":false,"nightOpen00":false,"nightOpen02":false},"geometry":{"type":"Point","coordinates":[126.915963,35.139312]}},{"type":"Feature","properties":{"id":"osm-n10831840407","type":"night_activity","category":"restaurant","name":"restaurant","source":"openstreetmap","nightTier":"unknown","nightScore":0.15,"confidence":0.3,"nightOpen22":false,"nightOpen00":false,"nightOpen02":false},"geometry":{"type":"Point","coordinates":[126.915764,35.139499]}},{"type":"Feature","properties":{"id":"osm-n10832947159","type":"night_activity","category":"cafe","name":"메가MGC커피","source":"openstreetmap","nightTier":"unknown","nightScore":0.15,"confidence":0.3,"nightOpen22":false,"nightOpen00":false,"nightOpen02":false},"geometry":{"type":"Point","coordinates":[126.914419,35.136943]}},{"type":"Feature","properties":{"id":"osm-n10834034345","type":"night_activity","category":"cafe","name":"로플로플","source":"openstreetmap","nightTier":"unknown","nightScore":0.15,"confidence":0.3,"nightOpen22":false,"nightOpen00":false,"nightOpen02":false},"geometry":{"type":"Point","coordinates":[126.912751,35.176475]}},{"type":"Feature","properties":{"id":"osm-n10834034349","type":"night_activity","category":"fast_food","name":"처갓집양념치킨","openingHours":"Mo-Su 00:00-01:40,10:00-24:00","source":"openstreetmap","nightTier":"00","nightScore":0.75,"confidence":0.8,"nightOpen22":true,"nightOpen00":true,"nightOpen02":false},"geometry":{"type":"Point","coordinates":[126.912768,35.176677]}},{"type":"Feature","properties":{"id":"osm-n10834034350","type":"night_activity","category":"cafe","name":"010카페","openingHours":"Mo-Su 10:00-22:00","source":"openstreetmap","nightTier":"day","nightScore":0,"confidence":0.8,"nightOpen22":false,"nightOpen00":false,"nightOpen02":false},"geometry":{"type":"Point","coordinates":[126.912886,35.176689]}},{"type":"Feature","properties":{"id":"osm-n10834034351","type":"night_activity","category":"cafe","name":"쥬씨","source":"openstreetmap","nightTier":"unknown","nightScore":0.15,"confidence":0.3,"nightOpen22":false,"nightOpen00":false,"nightOpen02":false},"geometry":{"type":"Point","coordinates":[126.912936,35.176485]}},{"type":"Feature","properties":{"id":"osm-n10834034353","type":"night_activity","category":"restaurant","name":"샤브향","openingHours":"Mo-Su 11:00-15:00,16:00-21:00","source":"openstreetmap","nightTier":"day","nightScore":0,"confidence":0.8,"nightOpen22":false,"nightOpen00":false,"nightOpen02":false},"geometry":{"type":"Point","coordinates":[126.913323,35.176512]}},{"type":"Feature","properties":{"id":"osm-n10834034354","type":"night_activity","category":"restaurant","name":"놀부보쌈부대찌개","openingHours":"Tu-Su 10:30-21:30","source":"openstreetmap","nightTier":"day","nightScore":0,"confidence":0.8,"nightOpen22":false,"nightOpen00":false,"nightOpen02":false},"geometry":{"type":"Point","coordinates":[126.91323,35.176551]}},{"type":"Feature","properties":{"id":"osm-n10834034355","type":"night_activity","category":"restaurant","name":"정통집","openingHours":"Mo-Su 11:30-24:00","source":"openstreetmap","nightTier":"22","nightScore":0.5,"confidence":0.8,"nightOpen22":true,"nightOpen00":false,"nightOpen02":false},"geometry":{"type":"Point","coordinates":[126.913458,35.176549]}},{"type":"Feature","properties":{"id":"osm-n10834034356","type":"night_activity","category":"restaurant","name":"월드컵고기뷔페","openingHours":"Tu-Su 11:30-22:00","source":"openstreetmap","nightTier":"day","nightScore":0,"confidence":0.8,"nightOpen22":false,"nightOpen00":false,"nightOpen02":false},"geometry":{"type":"Point","coordinates":[126.913257,35.176653]}},{"type":"Feature","properties":{"id":"osm-n10834034357","type":"night_activity","category":"restaurant","name":"고수닭갈비","source":"openstreetmap","nightTier":"unknown","nightScore":0.15,"confidence":0.3,"nightOpen22":false,"nightOpen00":false,"nightOpen02":false},"geometry":{"type":"Point","coordinates":[126.913416,35.176837]}},{"type":"Feature","properties":{"id":"osm-n10834034360","type":"night_activity","category":"restaurant","name":"포베이","source":"openstreetmap","nightTier":"unknown","nightScore":0.15,"confidence":0.3,"nightOpen22":false,"nightOpen00":false,"nightOpen02":false},"geometry":{"type":"Point","coordinates":[126.913039,35.176729]}},{"type":"Feature","properties":{"id":"osm-n10841430314","type":"night_activity","category":"cafe","name":"룩스커피 - Looks coffee","source":"openstreetmap","nightTier":"unknown","nightScore":0.15,"confidence":0.3,"nightOpen22":false,"nightOpen00":false,"nightOpen02":false},"geometry":{"type":"Point","coordinates":[126.868745,35.122048]}},{"type":"Feature","properties":{"id":"osm-n10910185901","type":"night_activity","category":"restaurant","name":"온전한실내","source":"openstreetmap","nightTier":"unknown","nightScore":0.15,"confidence":0.3,"nightOpen22":false,"nightOpen00":false,"nightOpen02":false},"geometry":{"type":"Point","coordinates":[126.922538,35.147859]}},{"type":"Feature","properties":{"id":"osm-n10936384784","type":"night_activity","category":"cafe","name":"이디야커피","source":"openstreetmap","nightTier":"unknown","nightScore":0.15,"confidence":0.3,"nightOpen22":false,"nightOpen00":false,"nightOpen02":false},"geometry":{"type":"Point","coordinates":[126.866379,35.17165]}},{"type":"Feature","properties":{"id":"osm-n10958428856","type":"night_activity","category":"pharmacy","name":"약초당한약국","source":"openstreetmap","nightTier":"unknown","nightScore":0.15,"confidence":0.3,"nightOpen22":false,"nightOpen00":false,"nightOpen02":false},"geometry":{"type":"Point","coordinates":[126.920411,35.139618]}},{"type":"Feature","properties":{"id":"osm-n10958428857","type":"night_activity","category":"supermarket","name":"남광주식자재마트","source":"openstreetmap","nightTier":"unknown","nightScore":0.15,"confidence":0.3,"nightOpen22":false,"nightOpen00":false,"nightOpen02":false},"geometry":{"type":"Point","coordinates":[126.92033,35.139476]}},{"type":"Feature","properties":{"id":"osm-n10958428863","type":"night_activity","category":"cafe","name":"에쏠로지","source":"openstreetmap","nightTier":"unknown","nightScore":0.15,"confidence":0.3,"nightOpen22":false,"nightOpen00":false,"nightOpen02":false},"geometry":{"type":"Point","coordinates":[126.92185,35.140363]}},{"type":"Feature","properties":{"id":"osm-n10958428864","type":"night_activity","category":"cafe","name":"컴포즈커피","source":"openstreetmap","nightTier":"unknown","nightScore":0.15,"confidence":0.3,"nightOpen22":false,"nightOpen00":false,"nightOpen02":false},"geometry":{"type":"Point","coordinates":[126.921248,35.140076]}},{"type":"Feature","properties":{"id":"osm-n10959175222","type":"night_activity","category":"convenience_store","name":"세븐일레븐","source":"openstreetmap","nightTier":"unknown","nightScore":0.15,"confidence":0.3,"nightOpen22":false,"nightOpen00":false,"nightOpen02":false},"geometry":{"type":"Point","coordinates":[126.92177,35.140579]}},{"type":"Feature","properties":{"id":"osm-n10959196490","type":"night_activity","category":"cafe","name":"소진담 광주","source":"openstreetmap","nightTier":"unknown","nightScore":0.15,"confidence":0.3,"nightOpen22":false,"nightOpen00":false,"nightOpen02":false},"geometry":{"type":"Point","coordinates":[126.89057,35.145862]}},{"type":"Feature","properties":{"id":"osm-n10959743341","type":"night_activity","category":"cafe","name":"청자다방","source":"openstreetmap","nightTier":"unknown","nightScore":0.15,"confidence":0.3,"nightOpen22":false,"nightOpen00":false,"nightOpen02":false},"geometry":{"type":"Point","coordinates":[126.921479,35.140979]}},{"type":"Feature","properties":{"id":"osm-n10959743346","type":"night_activity","category":"cafe","name":"파스쿠찌","source":"openstreetmap","nightTier":"unknown","nightScore":0.15,"confidence":0.3,"nightOpen22":false,"nightOpen00":false,"nightOpen02":false},"geometry":{"type":"Point","coordinates":[126.921255,35.141241]}},{"type":"Feature","properties":{"id":"osm-n10959743347","type":"night_activity","category":"pharmacy","name":"전문약국","source":"openstreetmap","nightTier":"unknown","nightScore":0.15,"confidence":0.3,"nightOpen22":false,"nightOpen00":false,"nightOpen02":false},"geometry":{"type":"Point","coordinates":[126.921317,35.141164]}},{"type":"Feature","properties":{"id":"osm-n10959743348","type":"night_activity","category":"pharmacy","name":"남도약국","source":"openstreetmap","nightTier":"unknown","nightScore":0.15,"confidence":0.3,"nightOpen22":false,"nightOpen00":false,"nightOpen02":false},"geometry":{"type":"Point","coordinates":[126.921732,35.140639]}},{"type":"Feature","properties":{"id":"osm-n10959743372","type":"night_activity","category":"cafe","name":"공차","source":"openstreetmap","nightTier":"unknown","nightScore":0.15,"confidence":0.3,"nightOpen22":false,"nightOpen00":false,"nightOpen02":false},"geometry":{"type":"Point","coordinates":[126.921152,35.141348]}},{"type":"Feature","properties":{"id":"osm-n10959743404","type":"night_activity","category":"pharmacy","name":"남광주종로약국","source":"openstreetmap","nightTier":"unknown","nightScore":0.15,"confidence":0.3,"nightOpen22":false,"nightOpen00":false,"nightOpen02":false},"geometry":{"type":"Point","coordinates":[126.922488,35.140229]}},{"type":"Feature","properties":{"id":"osm-n10959743405","type":"night_activity","category":"cafe","name":"카페이솝","source":"openstreetmap","nightTier":"unknown","nightScore":0.15,"confidence":0.3,"nightOpen22":false,"nightOpen00":false,"nightOpen02":false},"geometry":{"type":"Point","coordinates":[126.922575,35.140122]}},{"type":"Feature","properties":{"id":"osm-n10959743439","type":"night_activity","category":"pharmacy","name":"수약국","source":"openstreetmap","nightTier":"unknown","nightScore":0.15,"confidence":0.3,"nightOpen22":false,"nightOpen00":false,"nightOpen02":false},"geometry":{"type":"Point","coordinates":[126.922714,35.139916]}},{"type":"Feature","properties":{"id":"osm-n10963301656","type":"night_activity","category":"restaurant","name":"연월","source":"openstreetmap","nightTier":"unknown","nightScore":0.15,"confidence":0.3,"nightOpen22":false,"nightOpen00":false,"nightOpen02":false},"geometry":{"type":"Point","coordinates":[126.925395,35.159163]}},{"type":"Feature","properties":{"id":"osm-n10980078996","type":"night_activity","category":"restaurant","name":"바닷가돼지촌","source":"openstreetmap","nightTier":"unknown","nightScore":0.15,"confidence":0.3,"nightOpen22":false,"nightOpen00":false,"nightOpen02":false},"geometry":{"type":"Point","coordinates":[126.914936,35.176643]}},{"type":"Feature","properties":{"id":"osm-n10980096919","type":"night_activity","category":"convenience_store","name":"CU","source":"openstreetmap","nightTier":"unknown","nightScore":0.15,"confidence":0.3,"nightOpen22":false,"nightOpen00":false,"nightOpen02":false},"geometry":{"type":"Point","coordinates":[126.915626,35.17668]}},{"type":"Feature","properties":{"id":"osm-n10996317605","type":"night_activity","category":"restaurant","name":"왕산식당","source":"openstreetmap","nightTier":"unknown","nightScore":0.15,"confidence":0.3,"nightOpen22":false,"nightOpen00":false,"nightOpen02":false},"geometry":{"type":"Point","coordinates":[126.923916,35.150124]}},{"type":"Feature","properties":{"id":"osm-n11007485604","type":"night_activity","category":"pharmacy","name":"건강한약국","source":"openstreetmap","nightTier":"unknown","nightScore":0.15,"confidence":0.3,"nightOpen22":false,"nightOpen00":false,"nightOpen02":false},"geometry":{"type":"Point","coordinates":[126.919518,35.141453]}},{"type":"Feature","properties":{"id":"osm-n11007485605","type":"night_activity","category":"pharmacy","name":"광주약국","source":"openstreetmap","nightTier":"unknown","nightScore":0.15,"confidence":0.3,"nightOpen22":false,"nightOpen00":false,"nightOpen02":false},"geometry":{"type":"Point","coordinates":[126.919725,35.141246]}},{"type":"Feature","properties":{"id":"osm-n11010587003","type":"night_activity","category":"restaurant","name":"본죽앤비빔밥","source":"openstreetmap","nightTier":"unknown","nightScore":0.15,"confidence":0.3,"nightOpen22":false,"nightOpen00":false,"nightOpen02":false},"geometry":{"type":"Point","coordinates":[126.920937,35.141583]}},{"type":"Feature","properties":{"id":"osm-n11010587006","type":"night_activity","category":"pharmacy","name":"우리약국","source":"openstreetmap","nightTier":"unknown","nightScore":0.15,"confidence":0.3,"nightOpen22":false,"nightOpen00":false,"nightOpen02":false},"geometry":{"type":"Point","coordinates":[126.920751,35.141903]}},{"type":"Feature","properties":{"id":"osm-n11010587008","type":"night_activity","category":"pharmacy","name":"국민약국","source":"openstreetmap","nightTier":"unknown","nightScore":0.15,"confidence":0.3,"nightOpen22":false,"nightOpen00":false,"nightOpen02":false},"geometry":{"type":"Point","coordinates":[126.920641,35.142041]}},{"type":"Feature","properties":{"id":"osm-n11010587009","type":"night_activity","category":"pharmacy","name":"국제약국","source":"openstreetmap","nightTier":"unknown","nightScore":0.15,"confidence":0.3,"nightOpen22":false,"nightOpen00":false,"nightOpen02":false},"geometry":{"type":"Point","coordinates":[126.920544,35.142148]}},{"type":"Feature","properties":{"id":"osm-n11010587010","type":"night_activity","category":"fast_food","name":"Dunkin'","source":"openstreetmap","nightTier":"unknown","nightScore":0.15,"confidence":0.3,"nightOpen22":false,"nightOpen00":false,"nightOpen02":false},"geometry":{"type":"Point","coordinates":[126.920482,35.142213]}},{"type":"Feature","properties":{"id":"osm-n11010587011","type":"night_activity","category":"pharmacy","name":"한미약국","source":"openstreetmap","nightTier":"unknown","nightScore":0.15,"confidence":0.3,"nightOpen22":false,"nightOpen00":false,"nightOpen02":false},"geometry":{"type":"Point","coordinates":[126.920118,35.142246]}},{"type":"Feature","properties":{"id":"osm-n11010587014","type":"night_activity","category":"pharmacy","name":"토마토약국","source":"openstreetmap","nightTier":"unknown","nightScore":0.15,"confidence":0.3,"nightOpen22":false,"nightOpen00":false,"nightOpen02":false},"geometry":{"type":"Point","coordinates":[126.919965,35.142181]}},{"type":"Feature","properties":{"id":"osm-n11010587032","type":"night_activity","category":"restaurant","name":"보양죽","source":"openstreetmap","nightTier":"unknown","nightScore":0.15,"confidence":0.3,"nightOpen22":false,"nightOpen00":false,"nightOpen02":false},"geometry":{"type":"Point","coordinates":[126.920821,35.141812]}},{"type":"Feature","properties":{"id":"osm-n11010587036","type":"night_activity","category":"fast_food","name":"아주커치킨","source":"openstreetmap","nightTier":"unknown","nightScore":0.15,"confidence":0.3,"nightOpen22":false,"nightOpen00":false,"nightOpen02":false},"geometry":{"type":"Point","coordinates":[126.919303,35.141918]}},{"type":"Feature","properties":{"id":"osm-n11010623717","type":"night_activity","category":"convenience_store","name":"세븐일레븐","source":"openstreetmap","nightTier":"unknown","nightScore":0.15,"confidence":0.3,"nightOpen22":false,"nightOpen00":false,"nightOpen02":false},"geometry":{"type":"Point","coordinates":[126.921549,35.142068]}},{"type":"Feature","properties":{"id":"osm-n11010623720","type":"night_activity","category":"convenience_store","name":"세븐일레븐","source":"openstreetmap","nightTier":"unknown","nightScore":0.15,"confidence":0.3,"nightOpen22":false,"nightOpen00":false,"nightOpen02":false},"geometry":{"type":"Point","coordinates":[126.922555,35.140771]}},{"type":"Feature","properties":{"id":"osm-n11010623721","type":"night_activity","category":"cafe","name":"블루포트","source":"openstreetmap","nightTier":"unknown","nightScore":0.15,"confidence":0.3,"nightOpen22":false,"nightOpen00":false,"nightOpen02":false},"geometry":{"type":"Point","coordinates":[126.921229,35.141934]}},{"type":"Feature","properties":{"id":"osm-n11010623722","type":"night_activity","category":"cafe","name":"커피전문점","source":"openstreetmap","nightTier":"unknown","nightScore":0.15,"confidence":0.3,"nightOpen22":false,"nightOpen00":false,"nightOpen02":false},"geometry":{"type":"Point","coordinates":[126.923227,35.141865]}},{"type":"Feature","properties":{"id":"osm-n11010623723","type":"night_activity","category":"restaurant","name":"명학식당","source":"openstreetmap","nightTier":"unknown","nightScore":0.15,"confidence":0.3,"nightOpen22":false,"nightOpen00":false,"nightOpen02":false},"geometry":{"type":"Point","coordinates":[126.922922,35.141689]}},{"type":"Feature","properties":{"id":"osm-n11012101334","type":"night_activity","category":"convenience_store","name":"GS25","source":"openstreetmap","nightTier":"unknown","nightScore":0.15,"confidence":0.3,"nightOpen22":false,"nightOpen00":false,"nightOpen02":false},"geometry":{"type":"Point","coordinates":[126.918198,35.141742]}},{"type":"Feature","properties":{"id":"osm-n11030918352","type":"night_activity","category":"cafe","name":"카페남동","openingHours":"Mo-Fr 08:00-19:00","source":"openstreetmap","nightTier":"day","nightScore":0,"confidence":0.8,"nightOpen22":false,"nightOpen00":false,"nightOpen02":false},"geometry":{"type":"Point","coordinates":[126.921311,35.143927]}},{"type":"Feature","properties":{"id":"osm-n11109816136","type":"night_activity","category":"supermarket","name":"조선대학교 생협","source":"openstreetmap","nightTier":"unknown","nightScore":0.15,"confidence":0.3,"nightOpen22":false,"nightOpen00":false,"nightOpen02":false},"geometry":{"type":"Point","coordinates":[126.933319,35.141826]}},{"type":"Feature","properties":{"id":"osm-n11114752235","type":"night_activity","category":"convenience_store","name":"세븐일레븐","source":"openstreetmap","nightTier":"unknown","nightScore":0.15,"confidence":0.3,"nightOpen22":false,"nightOpen00":false,"nightOpen02":false},"geometry":{"type":"Point","coordinates":[126.89743,35.185989]}},{"type":"Feature","properties":{"id":"osm-n11121998349","type":"night_activity","category":"restaurant","name":"restaurant","source":"openstreetmap","nightTier":"unknown","nightScore":0.15,"confidence":0.3,"nightOpen22":false,"nightOpen00":false,"nightOpen02":false},"geometry":{"type":"Point","coordinates":[126.933111,35.145334]}},{"type":"Feature","properties":{"id":"osm-n11149869275","type":"night_activity","category":"supermarket","name":"종로마트","source":"openstreetmap","nightTier":"unknown","nightScore":0.15,"confidence":0.3,"nightOpen22":false,"nightOpen00":false,"nightOpen02":false},"geometry":{"type":"Point","coordinates":[126.919242,35.142088]}},{"type":"Feature","properties":{"id":"osm-n11149869277","type":"night_activity","category":"pharmacy","name":"송현약국","source":"openstreetmap","nightTier":"unknown","nightScore":0.15,"confidence":0.3,"nightOpen22":false,"nightOpen00":false,"nightOpen02":false},"geometry":{"type":"Point","coordinates":[126.919856,35.142352]}},{"type":"Feature","properties":{"id":"osm-n11149869278","type":"night_activity","category":"pharmacy","name":"호남온누리약국","source":"openstreetmap","nightTier":"unknown","nightScore":0.15,"confidence":0.3,"nightOpen22":false,"nightOpen00":false,"nightOpen02":false},"geometry":{"type":"Point","coordinates":[126.920016,35.142392]}},{"type":"Feature","properties":{"id":"osm-n11219391510","type":"night_activity","category":"restaurant","name":"수림","source":"openstreetmap","nightTier":"unknown","nightScore":0.15,"confidence":0.3,"nightOpen22":false,"nightOpen00":false,"nightOpen02":false},"geometry":{"type":"Point","coordinates":[126.935219,35.195937]}},{"type":"Feature","properties":{"id":"osm-n11226528883","type":"night_activity","category":"restaurant","name":"깁미타코 GIVE ME TACO","source":"openstreetmap","nightTier":"unknown","nightScore":0.15,"confidence":0.3,"nightOpen22":false,"nightOpen00":false,"nightOpen02":false},"geometry":{"type":"Point","coordinates":[126.924125,35.148584]}},{"type":"Feature","properties":{"id":"osm-n11230541404","type":"night_activity","category":"restaurant","name":"칸세이스키","source":"openstreetmap","nightTier":"unknown","nightScore":0.15,"confidence":0.3,"nightOpen22":false,"nightOpen00":false,"nightOpen02":false},"geometry":{"type":"Point","coordinates":[126.914531,35.138626]}},{"type":"Feature","properties":{"id":"osm-n11230541405","type":"night_activity","category":"restaurant","name":"테스타","source":"openstreetmap","nightTier":"unknown","nightScore":0.15,"confidence":0.3,"nightOpen22":false,"nightOpen00":false,"nightOpen02":false},"geometry":{"type":"Point","coordinates":[126.914714,35.137949]}},{"type":"Feature","properties":{"id":"osm-n11230541406","type":"night_activity","category":"cafe","name":"그플하우스","source":"openstreetmap","nightTier":"unknown","nightScore":0.15,"confidence":0.3,"nightOpen22":false,"nightOpen00":false,"nightOpen02":false},"geometry":{"type":"Point","coordinates":[126.913565,35.138636]}},{"type":"Feature","properties":{"id":"osm-n11230541407","type":"night_activity","category":"cafe","name":"토브42","source":"openstreetmap","nightTier":"unknown","nightScore":0.15,"confidence":0.3,"nightOpen22":false,"nightOpen00":false,"nightOpen02":false},"geometry":{"type":"Point","coordinates":[126.914086,35.13837]}},{"type":"Feature","properties":{"id":"osm-n11230541409","type":"night_activity","category":"cafe","name":"펭귄당","source":"openstreetmap","nightTier":"unknown","nightScore":0.15,"confidence":0.3,"nightOpen22":false,"nightOpen00":false,"nightOpen02":false},"geometry":{"type":"Point","coordinates":[126.915447,35.139708]}},{"type":"Feature","properties":{"id":"osm-n11230541418","type":"night_activity","category":"cafe","name":"양림148","source":"openstreetmap","nightTier":"unknown","nightScore":0.15,"confidence":0.3,"nightOpen22":false,"nightOpen00":false,"nightOpen02":false},"geometry":{"type":"Point","coordinates":[126.915113,35.14072]}},{"type":"Feature","properties":{"id":"osm-n11230541420","type":"night_activity","category":"convenience_store","name":"CU","source":"openstreetmap","nightTier":"unknown","nightScore":0.15,"confidence":0.3,"nightOpen22":false,"nightOpen00":false,"nightOpen02":false},"geometry":{"type":"Point","coordinates":[126.914155,35.137754]}},{"type":"Feature","properties":{"id":"osm-n11230541421","type":"night_activity","category":"convenience_store","name":"세븐일레븐","source":"openstreetmap","nightTier":"unknown","nightScore":0.15,"confidence":0.3,"nightOpen22":false,"nightOpen00":false,"nightOpen02":false},"geometry":{"type":"Point","coordinates":[126.916349,35.139317]}},{"type":"Feature","properties":{"id":"osm-n11232982182","type":"night_activity","category":"hospital","name":"광주혜원병원","source":"openstreetmap","nightTier":"unknown","nightScore":0.15,"confidence":0.3,"nightOpen22":false,"nightOpen00":false,"nightOpen02":false},"geometry":{"type":"Point","coordinates":[126.911513,35.133713]}},{"type":"Feature","properties":{"id":"osm-n11302436557","type":"night_activity","category":"cafe","name":"메가MGC커피","source":"openstreetmap","nightTier":"unknown","nightScore":0.15,"confidence":0.3,"nightOpen22":false,"nightOpen00":false,"nightOpen02":false},"geometry":{"type":"Point","coordinates":[126.889944,35.180167]}},{"type":"Feature","properties":{"id":"osm-n11302436559","type":"night_activity","category":"cafe","name":"이디야커피","source":"openstreetmap","nightTier":"unknown","nightScore":0.15,"confidence":0.3,"nightOpen22":false,"nightOpen00":false,"nightOpen02":false},"geometry":{"type":"Point","coordinates":[126.889912,35.180978]}},{"type":"Feature","properties":{"id":"osm-n11302436564","type":"night_activity","category":"convenience_store","name":"세븐일레븐","source":"openstreetmap","nightTier":"unknown","nightScore":0.15,"confidence":0.3,"nightOpen22":false,"nightOpen00":false,"nightOpen02":false},"geometry":{"type":"Point","coordinates":[126.889917,35.181317]}},{"type":"Feature","properties":{"id":"osm-n11302443303","type":"night_activity","category":"convenience_store","name":"GS25","source":"openstreetmap","nightTier":"unknown","nightScore":0.15,"confidence":0.3,"nightOpen22":false,"nightOpen00":false,"nightOpen02":false},"geometry":{"type":"Point","coordinates":[126.887935,35.180354]}},{"type":"Feature","properties":{"id":"osm-n11302443354","type":"night_activity","category":"pharmacy","name":"보리수약국","source":"openstreetmap","nightTier":"unknown","nightScore":0.15,"confidence":0.3,"nightOpen22":false,"nightOpen00":false,"nightOpen02":false},"geometry":{"type":"Point","coordinates":[126.889945,35.180067]}},{"type":"Feature","properties":{"id":"osm-n11304060753","type":"night_activity","category":"pharmacy","name":"무등산약국","source":"openstreetmap","nightTier":"unknown","nightScore":0.15,"confidence":0.3,"nightOpen22":false,"nightOpen00":false,"nightOpen02":false},"geometry":{"type":"Point","coordinates":[126.920229,35.142866]}},{"type":"Feature","properties":{"id":"osm-n11328062493","type":"night_activity","category":"supermarket","name":"금빛해바라기마트","source":"openstreetmap","nightTier":"unknown","nightScore":0.15,"confidence":0.3,"nightOpen22":false,"nightOpen00":false,"nightOpen02":false},"geometry":{"type":"Point","coordinates":[126.900368,35.187047]}},{"type":"Feature","properties":{"id":"osm-n11328073017","type":"night_activity","category":"restaurant","name":"곱창마당갈비마당","source":"openstreetmap","nightTier":"unknown","nightScore":0.15,"confidence":0.3,"nightOpen22":false,"nightOpen00":false,"nightOpen02":false},"geometry":{"type":"Point","coordinates":[126.901813,35.186852]}},{"type":"Feature","properties":{"id":"osm-n11328122340","type":"night_activity","category":"cafe","name":"할리스 오치점","source":"openstreetmap","nightTier":"unknown","nightScore":0.15,"confidence":0.3,"nightOpen22":false,"nightOpen00":false,"nightOpen02":false},"geometry":{"type":"Point","coordinates":[126.900704,35.187396]}},{"type":"Feature","properties":{"id":"osm-n11328122721","type":"night_activity","category":"cafe","name":"망티커피 광주오치점","source":"openstreetmap","nightTier":"unknown","nightScore":0.15,"confidence":0.3,"nightOpen22":false,"nightOpen00":false,"nightOpen02":false},"geometry":{"type":"Point","coordinates":[126.899491,35.187156]}},{"type":"Feature","properties":{"id":"osm-n11330128038","type":"night_activity","category":"restaurant","name":"진미감자탕","source":"openstreetmap","nightTier":"unknown","nightScore":0.15,"confidence":0.3,"nightOpen22":false,"nightOpen00":false,"nightOpen02":false},"geometry":{"type":"Point","coordinates":[126.899062,35.187768]}},{"type":"Feature","properties":{"id":"osm-n11330128044","type":"night_activity","category":"restaurant","name":"명인면옥","source":"openstreetmap","nightTier":"unknown","nightScore":0.15,"confidence":0.3,"nightOpen22":false,"nightOpen00":false,"nightOpen02":false},"geometry":{"type":"Point","coordinates":[126.899599,35.187617]}},{"type":"Feature","properties":{"id":"osm-n11330128045","type":"night_activity","category":"restaurant","name":"김밥나라","source":"openstreetmap","nightTier":"unknown","nightScore":0.15,"confidence":0.3,"nightOpen22":false,"nightOpen00":false,"nightOpen02":false},"geometry":{"type":"Point","coordinates":[126.899611,35.187186]}},{"type":"Feature","properties":{"id":"osm-n11330128046","type":"night_activity","category":"cafe","name":"더벤티 광주오치점","source":"openstreetmap","nightTier":"unknown","nightScore":0.15,"confidence":0.3,"nightOpen22":false,"nightOpen00":false,"nightOpen02":false},"geometry":{"type":"Point","coordinates":[126.9004,35.187393]}},{"type":"Feature","properties":{"id":"osm-n11330142313","type":"night_activity","category":"supermarket","name":"푸드식자재마트 오치","source":"openstreetmap","nightTier":"unknown","nightScore":0.15,"confidence":0.3,"nightOpen22":false,"nightOpen00":false,"nightOpen02":false},"geometry":{"type":"Point","coordinates":[126.90135,35.187386]}},{"type":"Feature","properties":{"id":"osm-n11330142314","type":"night_activity","category":"convenience_store","name":"GS25 오치주공점","source":"openstreetmap","nightTier":"unknown","nightScore":0.15,"confidence":0.3,"nightOpen22":false,"nightOpen00":false,"nightOpen02":false},"geometry":{"type":"Point","coordinates":[126.901797,35.186726]}},{"type":"Feature","properties":{"id":"osm-n11330142315","type":"night_activity","category":"convenience_store","name":"이마트24 오치주공점","source":"openstreetmap","nightTier":"unknown","nightScore":0.15,"confidence":0.3,"nightOpen22":false,"nightOpen00":false,"nightOpen02":false},"geometry":{"type":"Point","coordinates":[126.903556,35.18501]}},{"type":"Feature","properties":{"id":"osm-n11381236509","type":"night_activity","category":"pharmacy","name":"세계로약국","source":"openstreetmap","nightTier":"unknown","nightScore":0.15,"confidence":0.3,"nightOpen22":false,"nightOpen00":false,"nightOpen02":false},"geometry":{"type":"Point","coordinates":[126.917311,35.152826]}},{"type":"Feature","properties":{"id":"osm-n11383953945","type":"night_activity","category":"pharmacy","name":"광생당한약방","source":"openstreetmap","nightTier":"unknown","nightScore":0.15,"confidence":0.3,"nightOpen22":false,"nightOpen00":false,"nightOpen02":false},"geometry":{"type":"Point","coordinates":[126.915707,35.15437]}},{"type":"Feature","properties":{"id":"osm-n11383953982","type":"night_activity","category":"pharmacy","name":"백제약국","source":"openstreetmap","nightTier":"unknown","nightScore":0.15,"confidence":0.3,"nightOpen22":false,"nightOpen00":false,"nightOpen02":false},"geometry":{"type":"Point","coordinates":[126.915628,35.15388]}},{"type":"Feature","properties":{"id":"osm-n11383953984","type":"night_activity","category":"pharmacy","name":"동아약국","source":"openstreetmap","nightTier":"unknown","nightScore":0.15,"confidence":0.3,"nightOpen22":false,"nightOpen00":false,"nightOpen02":false},"geometry":{"type":"Point","coordinates":[126.916274,35.153649]}},{"type":"Feature","properties":{"id":"osm-n11384120253","type":"night_activity","category":"restaurant","name":"에머이","source":"openstreetmap","nightTier":"unknown","nightScore":0.15,"confidence":0.3,"nightOpen22":false,"nightOpen00":false,"nightOpen02":false},"geometry":{"type":"Point","coordinates":[126.91484,35.149585]}},{"type":"Feature","properties":{"id":"osm-n11384120254","type":"night_activity","category":"cafe","name":"커피점보","source":"openstreetmap","nightTier":"unknown","nightScore":0.15,"confidence":0.3,"nightOpen22":false,"nightOpen00":false,"nightOpen02":false},"geometry":{"type":"Point","coordinates":[126.914706,35.149421]}},{"type":"Feature","properties":{"id":"osm-n11384120263","type":"night_activity","category":"cafe","name":"이디야커피","source":"openstreetmap","nightTier":"unknown","nightScore":0.15,"confidence":0.3,"nightOpen22":false,"nightOpen00":false,"nightOpen02":false},"geometry":{"type":"Point","coordinates":[126.914764,35.1494]}},{"type":"Feature","properties":{"id":"osm-n11384125293","type":"night_activity","category":"cafe","name":"메가MGC커피","source":"openstreetmap","nightTier":"unknown","nightScore":0.15,"confidence":0.3,"nightOpen22":false,"nightOpen00":false,"nightOpen02":false},"geometry":{"type":"Point","coordinates":[126.915977,35.14864]}},{"type":"Feature","properties":{"id":"osm-n11384125294","type":"night_activity","category":"restaurant","name":"니뽕내뽕","source":"openstreetmap","nightTier":"unknown","nightScore":0.15,"confidence":0.3,"nightOpen22":false,"nightOpen00":false,"nightOpen02":false},"geometry":{"type":"Point","coordinates":[126.915896,35.148593]}},{"type":"Feature","properties":{"id":"osm-n11384125306","type":"night_activity","category":"restaurant","name":"본죽앤비빔밥","source":"openstreetmap","nightTier":"unknown","nightScore":0.15,"confidence":0.3,"nightOpen22":false,"nightOpen00":false,"nightOpen02":false},"geometry":{"type":"Point","coordinates":[126.916061,35.148726]}},{"type":"Feature","properties":{"id":"osm-n11384125307","type":"night_activity","category":"restaurant","name":"마카나이","source":"openstreetmap","nightTier":"unknown","nightScore":0.15,"confidence":0.3,"nightOpen22":false,"nightOpen00":false,"nightOpen02":false},"geometry":{"type":"Point","coordinates":[126.915917,35.148776]}},{"type":"Feature","properties":{"id":"osm-n11391900207","type":"night_activity","category":"restaurant","name":"용우동","source":"openstreetmap","nightTier":"unknown","nightScore":0.15,"confidence":0.3,"nightOpen22":false,"nightOpen00":false,"nightOpen02":false},"geometry":{"type":"Point","coordinates":[126.915831,35.148386]}},{"type":"Feature","properties":{"id":"osm-n11391900211","type":"night_activity","category":"restaurant","name":"왕가탕후루","source":"openstreetmap","nightTier":"unknown","nightScore":0.15,"confidence":0.3,"nightOpen22":false,"nightOpen00":false,"nightOpen02":false},"geometry":{"type":"Point","coordinates":[126.915368,35.148021]}},{"type":"Feature","properties":{"id":"osm-n11391900212","type":"night_activity","category":"restaurant","name":"라화쿵부","source":"openstreetmap","nightTier":"unknown","nightScore":0.15,"confidence":0.3,"nightOpen22":false,"nightOpen00":false,"nightOpen02":false},"geometry":{"type":"Point","coordinates":[126.915321,35.147992]}},{"type":"Feature","properties":{"id":"osm-n11391900213","type":"night_activity","category":"restaurant","name":"미도인","source":"openstreetmap","nightTier":"unknown","nightScore":0.15,"confidence":0.3,"nightOpen22":false,"nightOpen00":false,"nightOpen02":false},"geometry":{"type":"Point","coordinates":[126.915263,35.148036]}},{"type":"Feature","properties":{"id":"osm-n11391900255","type":"night_activity","category":"cafe","name":"캔모아","source":"openstreetmap","nightTier":"unknown","nightScore":0.15,"confidence":0.3,"nightOpen22":false,"nightOpen00":false,"nightOpen02":false},"geometry":{"type":"Point","coordinates":[126.914174,35.148924]}},{"type":"Feature","properties":{"id":"osm-n11391900259","type":"night_activity","category":"restaurant","name":"청원모밀1960","source":"openstreetmap","nightTier":"unknown","nightScore":0.15,"confidence":0.3,"nightOpen22":false,"nightOpen00":false,"nightOpen02":false},"geometry":{"type":"Point","coordinates":[126.914369,35.149165]}},{"type":"Feature","properties":{"id":"osm-n11401177327","type":"night_activity","category":"restaurant","name":"토마카츠","source":"openstreetmap","nightTier":"unknown","nightScore":0.15,"confidence":0.3,"nightOpen22":false,"nightOpen00":false,"nightOpen02":false},"geometry":{"type":"Point","coordinates":[126.913722,35.14818]}},{"type":"Feature","properties":{"id":"osm-n11401177328","type":"night_activity","category":"pharmacy","name":"런던약국","source":"openstreetmap","nightTier":"unknown","nightScore":0.15,"confidence":0.3,"nightOpen22":false,"nightOpen00":false,"nightOpen02":false},"geometry":{"type":"Point","coordinates":[126.913569,35.148213]}},{"type":"Feature","properties":{"id":"osm-n11401177329","type":"night_activity","category":"convenience_store","name":"세븐일레븐","source":"openstreetmap","nightTier":"unknown","nightScore":0.15,"confidence":0.3,"nightOpen22":false,"nightOpen00":false,"nightOpen02":false},"geometry":{"type":"Point","coordinates":[126.913496,35.148263]}},{"type":"Feature","properties":{"id":"osm-n11401177381","type":"night_activity","category":"restaurant","name":"마뇨떡볶이","source":"openstreetmap","nightTier":"unknown","nightScore":0.15,"confidence":0.3,"nightOpen22":false,"nightOpen00":false,"nightOpen02":false},"geometry":{"type":"Point","coordinates":[126.914513,35.147669]}},{"type":"Feature","properties":{"id":"osm-n11401177387","type":"night_activity","category":"restaurant","name":"중앙닭갈비","source":"openstreetmap","nightTier":"unknown","nightScore":0.15,"confidence":0.3,"nightOpen22":false,"nightOpen00":false,"nightOpen02":false},"geometry":{"type":"Point","coordinates":[126.914633,35.147486]}},{"type":"Feature","properties":{"id":"osm-n11401177388","type":"night_activity","category":"cafe","name":"Caffè Pascucci","source":"openstreetmap","nightTier":"unknown","nightScore":0.15,"confidence":0.3,"nightOpen22":false,"nightOpen00":false,"nightOpen02":false},"geometry":{"type":"Point","coordinates":[126.91471,35.147538]}},{"type":"Feature","properties":{"id":"osm-n11401177392","type":"night_activity","category":"restaurant","name":"김가네","source":"openstreetmap","nightTier":"unknown","nightScore":0.15,"confidence":0.3,"nightOpen22":false,"nightOpen00":false,"nightOpen02":false},"geometry":{"type":"Point","coordinates":[126.915058,35.147718]}},{"type":"Feature","properties":{"id":"osm-n11401177404","type":"night_activity","category":"restaurant","name":"백소정","source":"openstreetmap","nightTier":"unknown","nightScore":0.15,"confidence":0.3,"nightOpen22":false,"nightOpen00":false,"nightOpen02":false},"geometry":{"type":"Point","coordinates":[126.915146,35.147969]}},{"type":"Feature","properties":{"id":"osm-n11401177405","type":"night_activity","category":"restaurant","name":"PHO69","source":"openstreetmap","nightTier":"unknown","nightScore":0.15,"confidence":0.3,"nightOpen22":false,"nightOpen00":false,"nightOpen02":false},"geometry":{"type":"Point","coordinates":[126.91509,35.148013]}},{"type":"Feature","properties":{"id":"osm-n11401177413","type":"night_activity","category":"restaurant","name":"7번가피자","source":"openstreetmap","nightTier":"unknown","nightScore":0.15,"confidence":0.3,"nightOpen22":false,"nightOpen00":false,"nightOpen02":false},"geometry":{"type":"Point","coordinates":[126.914509,35.148206]}},{"type":"Feature","properties":{"id":"osm-n11401177415","type":"night_activity","category":"cafe","name":"봄날의매미","source":"openstreetmap","nightTier":"unknown","nightScore":0.15,"confidence":0.3,"nightOpen22":false,"nightOpen00":false,"nightOpen02":false},"geometry":{"type":"Point","coordinates":[126.914345,35.148322]}},{"type":"Feature","properties":{"id":"osm-n11401177416","type":"night_activity","category":"restaurant","name":"엉터리생고기","source":"openstreetmap","nightTier":"unknown","nightScore":0.15,"confidence":0.3,"nightOpen22":false,"nightOpen00":false,"nightOpen02":false},"geometry":{"type":"Point","coordinates":[126.914864,35.148406]}},{"type":"Feature","properties":{"id":"osm-n11409333233","type":"night_activity","category":"pharmacy","name":"세일약국","source":"openstreetmap","nightTier":"unknown","nightScore":0.15,"confidence":0.3,"nightOpen22":false,"nightOpen00":false,"nightOpen02":false},"geometry":{"type":"Point","coordinates":[126.913265,35.148082]}},{"type":"Feature","properties":{"id":"osm-n11409333249","type":"night_activity","category":"restaurant","name":"돈쌈냉면","source":"openstreetmap","nightTier":"unknown","nightScore":0.15,"confidence":0.3,"nightOpen22":false,"nightOpen00":false,"nightOpen02":false},"geometry":{"type":"Point","coordinates":[126.913515,35.148001]}},{"type":"Feature","properties":{"id":"osm-n11409333258","type":"night_activity","category":"restaurant","name":"굿스시","source":"openstreetmap","nightTier":"unknown","nightScore":0.15,"confidence":0.3,"nightOpen22":false,"nightOpen00":false,"nightOpen02":false},"geometry":{"type":"Point","coordinates":[126.913694,35.147882]}},{"type":"Feature","properties":{"id":"osm-n11409352578","type":"night_activity","category":"restaurant","name":"한끼맛있다","source":"openstreetmap","nightTier":"unknown","nightScore":0.15,"confidence":0.3,"nightOpen22":false,"nightOpen00":false,"nightOpen02":false},"geometry":{"type":"Point","coordinates":[126.914376,35.147455]}},{"type":"Feature","properties":{"id":"osm-n11409352581","type":"night_activity","category":"cafe","name":"스타벅스","source":"openstreetmap","nightTier":"unknown","nightScore":0.15,"confidence":0.3,"nightOpen22":false,"nightOpen00":false,"nightOpen02":false},"geometry":{"type":"Point","coordinates":[126.914634,35.147342]}},{"type":"Feature","properties":{"id":"osm-n11409352586","type":"night_activity","category":"restaurant","name":"고수닭갈비","source":"openstreetmap","nightTier":"unknown","nightScore":0.15,"confidence":0.3,"nightOpen22":false,"nightOpen00":false,"nightOpen02":false},"geometry":{"type":"Point","coordinates":[126.914465,35.147202]}},{"type":"Feature","properties":{"id":"osm-n11409352587","type":"night_activity","category":"restaurant","name":"홍익돈까스","source":"openstreetmap","nightTier":"unknown","nightScore":0.15,"confidence":0.3,"nightOpen22":false,"nightOpen00":false,"nightOpen02":false},"geometry":{"type":"Point","coordinates":[126.914524,35.147249]}},{"type":"Feature","properties":{"id":"osm-n11409352594","type":"night_activity","category":"restaurant","name":"벼락","source":"openstreetmap","nightTier":"unknown","nightScore":0.15,"confidence":0.3,"nightOpen22":false,"nightOpen00":false,"nightOpen02":false},"geometry":{"type":"Point","coordinates":[126.914364,35.147146]}},{"type":"Feature","properties":{"id":"osm-n11409352595","type":"night_activity","category":"restaurant","name":"경양카츠","source":"openstreetmap","nightTier":"unknown","nightScore":0.15,"confidence":0.3,"nightOpen22":false,"nightOpen00":false,"nightOpen02":false},"geometry":{"type":"Point","coordinates":[126.914315,35.147203]}},{"type":"Feature","properties":{"id":"osm-n11413772538","type":"night_activity","category":"cafe","name":"피스커피랩","source":"openstreetmap","nightTier":"unknown","nightScore":0.15,"confidence":0.3,"nightOpen22":false,"nightOpen00":false,"nightOpen02":false},"geometry":{"type":"Point","coordinates":[126.923789,35.150112]}},{"type":"Feature","properties":{"id":"osm-n11434306152","type":"night_activity","category":"cafe","name":"카페 헤세드","source":"openstreetmap","nightTier":"unknown","nightScore":0.15,"confidence":0.3,"nightOpen22":false,"nightOpen00":false,"nightOpen02":false},"geometry":{"type":"Point","coordinates":[126.913686,35.146684]}},{"type":"Feature","properties":{"id":"osm-n11446553542","type":"night_activity","category":"cafe","name":"투썸플레이스","source":"openstreetmap","nightTier":"unknown","nightScore":0.15,"confidence":0.3,"nightOpen22":false,"nightOpen00":false,"nightOpen02":false},"geometry":{"type":"Point","coordinates":[126.916071,35.149466]}},{"type":"Feature","properties":{"id":"osm-n11446553554","type":"night_activity","category":"restaurant","name":"샤오바오","source":"openstreetmap","nightTier":"unknown","nightScore":0.15,"confidence":0.3,"nightOpen22":false,"nightOpen00":false,"nightOpen02":false},"geometry":{"type":"Point","coordinates":[126.916478,35.148896]}},{"type":"Feature","properties":{"id":"osm-n11446553555","type":"night_activity","category":"cafe","name":"금용커피","source":"openstreetmap","nightTier":"unknown","nightScore":0.15,"confidence":0.3,"nightOpen22":false,"nightOpen00":false,"nightOpen02":false},"geometry":{"type":"Point","coordinates":[126.916287,35.148678]}},{"type":"Feature","properties":{"id":"osm-n11446553556","type":"night_activity","category":"restaurant","name":"보배반점","source":"openstreetmap","nightTier":"unknown","nightScore":0.15,"confidence":0.3,"nightOpen22":false,"nightOpen00":false,"nightOpen02":false},"geometry":{"type":"Point","coordinates":[126.916171,35.148644]}},{"type":"Feature","properties":{"id":"osm-n11446553557","type":"night_activity","category":"cafe","name":"더벤티","source":"openstreetmap","nightTier":"unknown","nightScore":0.15,"confidence":0.3,"nightOpen22":false,"nightOpen00":false,"nightOpen02":false},"geometry":{"type":"Point","coordinates":[126.91609,35.148592]}},{"type":"Feature","properties":{"id":"osm-n11446558637","type":"night_activity","category":"restaurant","name":"이자와","source":"openstreetmap","nightTier":"unknown","nightScore":0.15,"confidence":0.3,"nightOpen22":false,"nightOpen00":false,"nightOpen02":false},"geometry":{"type":"Point","coordinates":[126.917261,35.147827]}},{"type":"Feature","properties":{"id":"osm-n11446558642","type":"night_activity","category":"restaurant","name":"애상마라탕","source":"openstreetmap","nightTier":"unknown","nightScore":0.15,"confidence":0.3,"nightOpen22":false,"nightOpen00":false,"nightOpen02":false},"geometry":{"type":"Point","coordinates":[126.917369,35.147771]}},{"type":"Feature","properties":{"id":"osm-n11446558643","type":"night_activity","category":"restaurant","name":"타코초","source":"openstreetmap","nightTier":"unknown","nightScore":0.15,"confidence":0.3,"nightOpen22":false,"nightOpen00":false,"nightOpen02":false},"geometry":{"type":"Point","coordinates":[126.916821,35.148416]}},{"type":"Feature","properties":{"id":"osm-n11446558722","type":"night_activity","category":"convenience_store","name":"CU","source":"openstreetmap","nightTier":"unknown","nightScore":0.15,"confidence":0.3,"nightOpen22":false,"nightOpen00":false,"nightOpen02":false},"geometry":{"type":"Point","coordinates":[126.917678,35.148045]}},{"type":"Feature","properties":{"id":"osm-n11478275119","type":"night_activity","category":"restaurant","name":"수정식당","source":"openstreetmap","nightTier":"unknown","nightScore":0.15,"confidence":0.3,"nightOpen22":false,"nightOpen00":false,"nightOpen02":false},"geometry":{"type":"Point","coordinates":[126.913453,35.146295]}},{"type":"Feature","properties":{"id":"osm-n11493770059","type":"night_activity","category":"restaurant","name":"쉼과 몰입","source":"openstreetmap","nightTier":"unknown","nightScore":0.15,"confidence":0.3,"nightOpen22":false,"nightOpen00":false,"nightOpen02":false},"geometry":{"type":"Point","coordinates":[126.89759,35.124415]}},{"type":"Feature","properties":{"id":"osm-n11499867227","type":"night_activity","category":"cafe","name":"빙크","source":"openstreetmap","nightTier":"unknown","nightScore":0.15,"confidence":0.3,"nightOpen22":false,"nightOpen00":false,"nightOpen02":false},"geometry":{"type":"Point","coordinates":[126.914085,35.146231]}},{"type":"Feature","properties":{"id":"osm-n11499867230","type":"night_activity","category":"restaurant","name":"바리에","source":"openstreetmap","nightTier":"unknown","nightScore":0.15,"confidence":0.3,"nightOpen22":false,"nightOpen00":false,"nightOpen02":false},"geometry":{"type":"Point","coordinates":[126.914169,35.146118]}},{"type":"Feature","properties":{"id":"osm-n11499867267","type":"night_activity","category":"restaurant","name":"봉주르도그 베이크샵","source":"openstreetmap","nightTier":"unknown","nightScore":0.15,"confidence":0.3,"nightOpen22":false,"nightOpen00":false,"nightOpen02":false},"geometry":{"type":"Point","coordinates":[126.914795,35.146408]}},{"type":"Feature","properties":{"id":"osm-n11499867268","type":"night_activity","category":"cafe","name":"카페크림슨","source":"openstreetmap","nightTier":"unknown","nightScore":0.15,"confidence":0.3,"nightOpen22":false,"nightOpen00":false,"nightOpen02":false},"geometry":{"type":"Point","coordinates":[126.914899,35.14649]}},{"type":"Feature","properties":{"id":"osm-n11499921688","type":"night_activity","category":"restaurant","name":"광주순대전통집","source":"openstreetmap","nightTier":"unknown","nightScore":0.15,"confidence":0.3,"nightOpen22":false,"nightOpen00":false,"nightOpen02":false},"geometry":{"type":"Point","coordinates":[126.915371,35.146677]}},{"type":"Feature","properties":{"id":"osm-n11499921730","type":"night_activity","category":"convenience_store","name":"세븐일레븐","source":"openstreetmap","nightTier":"unknown","nightScore":0.15,"confidence":0.3,"nightOpen22":false,"nightOpen00":false,"nightOpen02":false},"geometry":{"type":"Point","coordinates":[126.914494,35.146976]}},{"type":"Feature","properties":{"id":"osm-n11505551208","type":"night_activity","category":"restaurant","name":"아담식당","source":"openstreetmap","nightTier":"unknown","nightScore":0.15,"confidence":0.3,"nightOpen22":false,"nightOpen00":false,"nightOpen02":false},"geometry":{"type":"Point","coordinates":[126.914162,35.145409]}},{"type":"Feature","properties":{"id":"osm-n11505551250","type":"night_activity","category":"restaurant","name":"육전미가","source":"openstreetmap","nightTier":"unknown","nightScore":0.15,"confidence":0.3,"nightOpen22":false,"nightOpen00":false,"nightOpen02":false},"geometry":{"type":"Point","coordinates":[126.914286,35.145654]}},{"type":"Feature","properties":{"id":"osm-n11505551256","type":"night_activity","category":"restaurant","name":"차차룸","source":"openstreetmap","nightTier":"unknown","nightScore":0.15,"confidence":0.3,"nightOpen22":false,"nightOpen00":false,"nightOpen02":false},"geometry":{"type":"Point","coordinates":[126.914134,35.145866]}},{"type":"Feature","properties":{"id":"osm-n11505581047","type":"night_activity","category":"restaurant","name":"오로라양식","source":"openstreetmap","nightTier":"unknown","nightScore":0.15,"confidence":0.3,"nightOpen22":false,"nightOpen00":false,"nightOpen02":false},"geometry":{"type":"Point","coordinates":[126.914702,35.146215]}},{"type":"Feature","properties":{"id":"osm-n11518027795","type":"night_activity","category":"convenience_store","name":"세븐일레븐","source":"openstreetmap","nightTier":"unknown","nightScore":0.15,"confidence":0.3,"nightOpen22":false,"nightOpen00":false,"nightOpen02":false},"geometry":{"type":"Point","coordinates":[126.915941,35.146426]}},{"type":"Feature","properties":{"id":"osm-n11518292764","type":"night_activity","category":"cafe","name":"cafe","source":"openstreetmap","nightTier":"unknown","nightScore":0.15,"confidence":0.3,"nightOpen22":false,"nightOpen00":false,"nightOpen02":false},"geometry":{"type":"Point","coordinates":[126.915312,35.146516]}},{"type":"Feature","properties":{"id":"osm-n11518296315","type":"night_activity","category":"fast_food","name":"맘스터치","source":"openstreetmap","nightTier":"unknown","nightScore":0.15,"confidence":0.3,"nightOpen22":false,"nightOpen00":false,"nightOpen02":false},"geometry":{"type":"Point","coordinates":[126.914903,35.147297]}},{"type":"Feature","properties":{"id":"osm-n11518296316","type":"night_activity","category":"restaurant","name":"애상 마라탕","source":"openstreetmap","nightTier":"unknown","nightScore":0.15,"confidence":0.3,"nightOpen22":false,"nightOpen00":false,"nightOpen02":false},"geometry":{"type":"Point","coordinates":[126.915008,35.147476]}},{"type":"Feature","properties":{"id":"osm-n11518296317","type":"night_activity","category":"cafe","name":"빽다방","source":"openstreetmap","nightTier":"unknown","nightScore":0.15,"confidence":0.3,"nightOpen22":false,"nightOpen00":false,"nightOpen02":false},"geometry":{"type":"Point","coordinates":[126.915056,35.147522]}},{"type":"Feature","properties":{"id":"osm-n11518296318","type":"night_activity","category":"convenience_store","name":"CU","source":"openstreetmap","nightTier":"unknown","nightScore":0.15,"confidence":0.3,"nightOpen22":false,"nightOpen00":false,"nightOpen02":false},"geometry":{"type":"Point","coordinates":[126.91518,35.147631]}},{"type":"Feature","properties":{"id":"osm-n11518296324","type":"night_activity","category":"restaurant","name":"민쿡바베큐","source":"openstreetmap","nightTier":"unknown","nightScore":0.15,"confidence":0.3,"nightOpen22":false,"nightOpen00":false,"nightOpen02":false},"geometry":{"type":"Point","coordinates":[126.915098,35.147228]}},{"type":"Feature","properties":{"id":"osm-n11518296335","type":"night_activity","category":"cafe","name":"cafe","source":"openstreetmap","nightTier":"unknown","nightScore":0.15,"confidence":0.3,"nightOpen22":false,"nightOpen00":false,"nightOpen02":false},"geometry":{"type":"Point","coordinates":[126.914929,35.147037]}},{"type":"Feature","properties":{"id":"osm-n11518803289","type":"night_activity","category":"restaurant","name":"롤링파스타","source":"openstreetmap","nightTier":"unknown","nightScore":0.15,"confidence":0.3,"nightOpen22":false,"nightOpen00":false,"nightOpen02":false},"geometry":{"type":"Point","coordinates":[126.915476,35.147878]}},{"type":"Feature","properties":{"id":"osm-n11518803310","type":"night_activity","category":"restaurant","name":"제일식당","source":"openstreetmap","nightTier":"unknown","nightScore":0.15,"confidence":0.3,"nightOpen22":false,"nightOpen00":false,"nightOpen02":false},"geometry":{"type":"Point","coordinates":[126.915838,35.147748]}},{"type":"Feature","properties":{"id":"osm-n11518823615","type":"night_activity","category":"restaurant","name":"착한흑돼지","source":"openstreetmap","nightTier":"unknown","nightScore":0.15,"confidence":0.3,"nightOpen22":false,"nightOpen00":false,"nightOpen02":false},"geometry":{"type":"Point","coordinates":[126.916206,35.146738]}},{"type":"Feature","properties":{"id":"osm-n11518823652","type":"night_activity","category":"cafe","name":"Sulbing","source":"openstreetmap","nightTier":"unknown","nightScore":0.15,"confidence":0.3,"nightOpen22":false,"nightOpen00":false,"nightOpen02":false},"geometry":{"type":"Point","coordinates":[126.916349,35.146948]}},{"type":"Feature","properties":{"id":"osm-n11518823653","type":"night_activity","category":"restaurant","name":"보울레시피","source":"openstreetmap","nightTier":"unknown","nightScore":0.15,"confidence":0.3,"nightOpen22":false,"nightOpen00":false,"nightOpen02":false},"geometry":{"type":"Point","coordinates":[126.916579,35.146994]}},{"type":"Feature","properties":{"id":"osm-n11518823654","type":"night_activity","category":"restaurant","name":"빨봉분식","source":"openstreetmap","nightTier":"unknown","nightScore":0.15,"confidence":0.3,"nightOpen22":false,"nightOpen00":false,"nightOpen02":false},"geometry":{"type":"Point","coordinates":[126.916492,35.14707]}},{"type":"Feature","properties":{"id":"osm-n11518823664","type":"night_activity","category":"cafe","name":"공차","source":"openstreetmap","nightTier":"unknown","nightScore":0.15,"confidence":0.3,"nightOpen22":false,"nightOpen00":false,"nightOpen02":false},"geometry":{"type":"Point","coordinates":[126.916725,35.147189]}},{"type":"Feature","properties":{"id":"osm-n11559051045","type":"night_activity","category":"restaurant","name":"모락","source":"openstreetmap","nightTier":"unknown","nightScore":0.15,"confidence":0.3,"nightOpen22":false,"nightOpen00":false,"nightOpen02":false},"geometry":{"type":"Point","coordinates":[126.897793,35.12464]}},{"type":"Feature","properties":{"id":"osm-n11664690857","type":"night_activity","category":"restaurant","name":"광동진씨","source":"openstreetmap","nightTier":"unknown","nightScore":0.15,"confidence":0.3,"nightOpen22":false,"nightOpen00":false,"nightOpen02":false},"geometry":{"type":"Point","coordinates":[126.92594,35.146343]}},{"type":"Feature","properties":{"id":"osm-n11773011695","type":"night_activity","category":"cafe","name":"하트푸딩클럽 사랑의집","source":"openstreetmap","nightTier":"unknown","nightScore":0.15,"confidence":0.3,"nightOpen22":false,"nightOpen00":false,"nightOpen02":false},"geometry":{"type":"Point","coordinates":[126.90815,35.148965]}},{"type":"Feature","properties":{"id":"osm-n11934126370","type":"night_activity","category":"fast_food","name":"대왕김밥","openingHours":"Tu-Su 09:00-14:30, 15:00-23:00","source":"openstreetmap","nightTier":"22","nightScore":0.5,"confidence":0.8,"nightOpen22":true,"nightOpen00":false,"nightOpen02":false},"geometry":{"type":"Point","coordinates":[126.90413,35.171024]}},{"type":"Feature","properties":{"id":"osm-n11934774905","type":"night_activity","category":"convenience_store","name":"세븐일레븐","openingHours":"24/7","source":"openstreetmap","nightTier":"24h","nightScore":1,"confidence":0.9,"nightOpen22":true,"nightOpen00":true,"nightOpen02":true},"geometry":{"type":"Point","coordinates":[126.904066,35.170883]}},{"type":"Feature","properties":{"id":"osm-n11937023044","type":"night_activity","category":"cafe","name":"메가MGC커피","openingHours":"Mo-Su 08:00-22:30","source":"openstreetmap","nightTier":"22","nightScore":0.5,"confidence":0.8,"nightOpen22":true,"nightOpen00":false,"nightOpen02":false},"geometry":{"type":"Point","coordinates":[126.904479,35.171874]}},{"type":"Feature","properties":{"id":"osm-n11937023045","type":"night_activity","category":"cafe","name":"공차","source":"openstreetmap","nightTier":"unknown","nightScore":0.15,"confidence":0.3,"nightOpen22":false,"nightOpen00":false,"nightOpen02":false},"geometry":{"type":"Point","coordinates":[126.904936,35.172083]}},{"type":"Feature","properties":{"id":"osm-n11937023047","type":"night_activity","category":"supermarket","name":"용봉마트","source":"openstreetmap","nightTier":"unknown","nightScore":0.15,"confidence":0.3,"nightOpen22":false,"nightOpen00":false,"nightOpen02":false},"geometry":{"type":"Point","coordinates":[126.904821,35.171807]}},{"type":"Feature","properties":{"id":"osm-n11937023049","type":"night_activity","category":"convenience_store","name":"GS25","openingHours":"24/7","source":"openstreetmap","nightTier":"24h","nightScore":1,"confidence":0.9,"nightOpen22":true,"nightOpen00":true,"nightOpen02":true},"geometry":{"type":"Point","coordinates":[126.905007,35.172212]}},{"type":"Feature","properties":{"id":"osm-n11971418984","type":"night_activity","category":"convenience_store","name":"GS25","source":"openstreetmap","nightTier":"unknown","nightScore":0.15,"confidence":0.3,"nightOpen22":false,"nightOpen00":false,"nightOpen02":false},"geometry":{"type":"Point","coordinates":[126.931878,35.147207]}},{"type":"Feature","properties":{"id":"osm-n11971418985","type":"night_activity","category":"convenience_store","name":"거성마트","source":"openstreetmap","nightTier":"unknown","nightScore":0.15,"confidence":0.3,"nightOpen22":false,"nightOpen00":false,"nightOpen02":false},"geometry":{"type":"Point","coordinates":[126.931888,35.14725]}},{"type":"Feature","properties":{"id":"osm-n12150947331","type":"night_activity","category":"restaurant","name":"선채","source":"openstreetmap","nightTier":"unknown","nightScore":0.15,"confidence":0.3,"nightOpen22":false,"nightOpen00":false,"nightOpen02":false},"geometry":{"type":"Point","coordinates":[126.927133,35.149518]}},{"type":"Feature","properties":{"id":"osm-n12198452492","type":"night_activity","category":"pharmacy","name":"메디팜","source":"openstreetmap","nightTier":"unknown","nightScore":0.15,"confidence":0.3,"nightOpen22":false,"nightOpen00":false,"nightOpen02":false},"geometry":{"type":"Point","coordinates":[126.930356,35.179474]}},{"type":"Feature","properties":{"id":"osm-n12198460523","type":"night_activity","category":"pharmacy","name":"하늘약국","source":"openstreetmap","nightTier":"unknown","nightScore":0.15,"confidence":0.3,"nightOpen22":false,"nightOpen00":false,"nightOpen02":false},"geometry":{"type":"Point","coordinates":[126.930536,35.180715]}},{"type":"Feature","properties":{"id":"osm-n12198460617","type":"night_activity","category":"restaurant","name":"아웃백","source":"openstreetmap","nightTier":"unknown","nightScore":0.15,"confidence":0.3,"nightOpen22":false,"nightOpen00":false,"nightOpen02":false},"geometry":{"type":"Point","coordinates":[126.930228,35.179291]}},{"type":"Feature","properties":{"id":"osm-n12198460618","type":"night_activity","category":"fast_food","name":"던킨도너츠","source":"openstreetmap","nightTier":"unknown","nightScore":0.15,"confidence":0.3,"nightOpen22":false,"nightOpen00":false,"nightOpen02":false},"geometry":{"type":"Point","coordinates":[126.930362,35.179655]}},{"type":"Feature","properties":{"id":"osm-n12198460620","type":"night_activity","category":"restaurant","name":"별국수","source":"openstreetmap","nightTier":"unknown","nightScore":0.15,"confidence":0.3,"nightOpen22":false,"nightOpen00":false,"nightOpen02":false},"geometry":{"type":"Point","coordinates":[126.930559,35.17948]}},{"type":"Feature","properties":{"id":"osm-n12198460621","type":"night_activity","category":"fast_food","name":"롯데리아","source":"openstreetmap","nightTier":"unknown","nightScore":0.15,"confidence":0.3,"nightOpen22":false,"nightOpen00":false,"nightOpen02":false},"geometry":{"type":"Point","coordinates":[126.930197,35.179216]}},{"type":"Feature","properties":{"id":"osm-n12206582339","type":"night_activity","category":"convenience_store","name":"7-eleven","source":"openstreetmap","nightTier":"unknown","nightScore":0.15,"confidence":0.3,"nightOpen22":false,"nightOpen00":false,"nightOpen02":false},"geometry":{"type":"Point","coordinates":[126.896369,35.171933]}},{"type":"Feature","properties":{"id":"osm-n12206642786","type":"night_activity","category":"convenience_store","name":"GS25","source":"openstreetmap","nightTier":"unknown","nightScore":0.15,"confidence":0.3,"nightOpen22":false,"nightOpen00":false,"nightOpen02":false},"geometry":{"type":"Point","coordinates":[126.895903,35.170678]}},{"type":"Feature","properties":{"id":"osm-n12206642787","type":"night_activity","category":"cafe","name":"Mega coffee","source":"openstreetmap","nightTier":"unknown","nightScore":0.15,"confidence":0.3,"nightOpen22":false,"nightOpen00":false,"nightOpen02":false},"geometry":{"type":"Point","coordinates":[126.896165,35.171074]}},{"type":"Feature","properties":{"id":"osm-n12206830007","type":"night_activity","category":"cafe","name":"Coco Espresso","source":"openstreetmap","nightTier":"unknown","nightScore":0.15,"confidence":0.3,"nightOpen22":false,"nightOpen00":false,"nightOpen02":false},"geometry":{"type":"Point","coordinates":[126.909205,35.155151]}},{"type":"Feature","properties":{"id":"osm-n12207066003","type":"night_activity","category":"supermarket","name":"supermarket","source":"openstreetmap","nightTier":"unknown","nightScore":0.15,"confidence":0.3,"nightOpen22":false,"nightOpen00":false,"nightOpen02":false},"geometry":{"type":"Point","coordinates":[126.907083,35.160195]}},{"type":"Feature","properties":{"id":"osm-n12208429458","type":"night_activity","category":"convenience_store","name":"7-eleven","source":"openstreetmap","nightTier":"unknown","nightScore":0.15,"confidence":0.3,"nightOpen22":false,"nightOpen00":false,"nightOpen02":false},"geometry":{"type":"Point","coordinates":[126.915859,35.152445]}},{"type":"Feature","properties":{"id":"osm-n12208429462","type":"night_activity","category":"cafe","name":"Tower Cafe","openingHours":"11:00-21:00","source":"openstreetmap","nightTier":"day","nightScore":0,"confidence":0.8,"nightOpen22":false,"nightOpen00":false,"nightOpen02":false},"geometry":{"type":"Point","coordinates":[126.911322,35.14175]}},{"type":"Feature","properties":{"id":"osm-n12208429484","type":"night_activity","category":"fast_food","name":"버거킹","source":"openstreetmap","nightTier":"unknown","nightScore":0.15,"confidence":0.3,"nightOpen22":false,"nightOpen00":false,"nightOpen02":false},"geometry":{"type":"Point","coordinates":[126.891543,35.131871]}},{"type":"Feature","properties":{"id":"osm-n12208676890","type":"night_activity","category":"convenience_store","name":"Nice to CU","source":"openstreetmap","nightTier":"unknown","nightScore":0.15,"confidence":0.3,"nightOpen22":false,"nightOpen00":false,"nightOpen02":false},"geometry":{"type":"Point","coordinates":[126.864007,35.160222]}},{"type":"Feature","properties":{"id":"osm-n12208676891","type":"night_activity","category":"convenience_store","name":"7-eleven","source":"openstreetmap","nightTier":"unknown","nightScore":0.15,"confidence":0.3,"nightOpen22":false,"nightOpen00":false,"nightOpen02":false},"geometry":{"type":"Point","coordinates":[126.864771,35.160065]}},{"type":"Feature","properties":{"id":"osm-n12208807658","type":"night_activity","category":"cafe","name":"Baul","source":"openstreetmap","nightTier":"unknown","nightScore":0.15,"confidence":0.3,"nightOpen22":false,"nightOpen00":false,"nightOpen02":false},"geometry":{"type":"Point","coordinates":[126.866907,35.158028]}},{"type":"Feature","properties":{"id":"osm-n12209111553","type":"night_activity","category":"convenience_store","name":"7-eleven","source":"openstreetmap","nightTier":"unknown","nightScore":0.15,"confidence":0.3,"nightOpen22":false,"nightOpen00":false,"nightOpen02":false},"geometry":{"type":"Point","coordinates":[126.906956,35.162814]}},{"type":"Feature","properties":{"id":"osm-n12393016132","type":"night_activity","category":"cafe","name":"벌크커피 방림점","source":"openstreetmap","nightTier":"unknown","nightScore":0.15,"confidence":0.3,"nightOpen22":false,"nightOpen00":false,"nightOpen02":false},"geometry":{"type":"Point","coordinates":[126.920656,35.134643]}},{"type":"Feature","properties":{"id":"osm-n12393045968","type":"night_activity","category":"restaurant","name":"피제이피자","source":"openstreetmap","nightTier":"unknown","nightScore":0.15,"confidence":0.3,"nightOpen22":false,"nightOpen00":false,"nightOpen02":false},"geometry":{"type":"Point","coordinates":[126.918335,35.133727]}},{"type":"Feature","properties":{"id":"osm-n12393046488","type":"night_activity","category":"fast_food","name":"뉴욕버거","source":"openstreetmap","nightTier":"unknown","nightScore":0.15,"confidence":0.3,"nightOpen22":false,"nightOpen00":false,"nightOpen02":false},"geometry":{"type":"Point","coordinates":[126.917898,35.135295]}},{"type":"Feature","properties":{"id":"osm-n12393058324","type":"night_activity","category":"pharmacy","name":"샘물약국","source":"openstreetmap","nightTier":"unknown","nightScore":0.15,"confidence":0.3,"nightOpen22":false,"nightOpen00":false,"nightOpen02":false},"geometry":{"type":"Point","coordinates":[126.9174,35.134595]}},{"type":"Feature","properties":{"id":"osm-n12393059782","type":"night_activity","category":"fast_food","name":"던킨 광주봉선점","source":"openstreetmap","nightTier":"unknown","nightScore":0.15,"confidence":0.3,"nightOpen22":false,"nightOpen00":false,"nightOpen02":false},"geometry":{"type":"Point","coordinates":[126.912634,35.122448]}},{"type":"Feature","properties":{"id":"osm-n12393060235","type":"night_activity","category":"convenience_store","name":"CU","source":"openstreetmap","nightTier":"unknown","nightScore":0.15,"confidence":0.3,"nightOpen22":false,"nightOpen00":false,"nightOpen02":false},"geometry":{"type":"Point","coordinates":[126.920667,35.135045]}},{"type":"Feature","properties":{"id":"osm-n12393063502","type":"night_activity","category":"supermarket","name":"Y마트","source":"openstreetmap","nightTier":"unknown","nightScore":0.15,"confidence":0.3,"nightOpen22":false,"nightOpen00":false,"nightOpen02":false},"geometry":{"type":"Point","coordinates":[126.919995,35.134289]}},{"type":"Feature","properties":{"id":"osm-n12393066026","type":"night_activity","category":"supermarket","name":"힐링마트","source":"openstreetmap","nightTier":"unknown","nightScore":0.15,"confidence":0.3,"nightOpen22":false,"nightOpen00":false,"nightOpen02":false},"geometry":{"type":"Point","coordinates":[126.91801,35.132424]}},{"type":"Feature","properties":{"id":"osm-n12393068740","type":"night_activity","category":"restaurant","name":"카모","source":"openstreetmap","nightTier":"unknown","nightScore":0.15,"confidence":0.3,"nightOpen22":false,"nightOpen00":false,"nightOpen02":false},"geometry":{"type":"Point","coordinates":[126.923376,35.143723]}},{"type":"Feature","properties":{"id":"osm-n12393071770","type":"night_activity","category":"convenience_store","name":"CU","source":"openstreetmap","nightTier":"unknown","nightScore":0.15,"confidence":0.3,"nightOpen22":false,"nightOpen00":false,"nightOpen02":false},"geometry":{"type":"Point","coordinates":[126.918396,35.12784]}},{"type":"Feature","properties":{"id":"osm-n12407888458","type":"night_activity","category":"cafe","name":"메가MGC커피","source":"openstreetmap","nightTier":"unknown","nightScore":0.15,"confidence":0.3,"nightOpen22":false,"nightOpen00":false,"nightOpen02":false},"geometry":{"type":"Point","coordinates":[126.904021,35.180734]}},{"type":"Feature","properties":{"id":"osm-n12434838908","type":"night_activity","category":"supermarket","name":"Y-mart","source":"openstreetmap","nightTier":"unknown","nightScore":0.15,"confidence":0.3,"nightOpen22":false,"nightOpen00":false,"nightOpen02":false},"geometry":{"type":"Point","coordinates":[126.913457,35.186711]}},{"type":"Feature","properties":{"id":"osm-n12434838912","type":"night_activity","category":"restaurant","name":"깁미타코","source":"openstreetmap","nightTier":"unknown","nightScore":0.15,"confidence":0.3,"nightOpen22":false,"nightOpen00":false,"nightOpen02":false},"geometry":{"type":"Point","coordinates":[126.912582,35.176375]}},{"type":"Feature","properties":{"id":"osm-n12434838913","type":"night_activity","category":"restaurant","name":"Verde","source":"openstreetmap","nightTier":"unknown","nightScore":0.15,"confidence":0.3,"nightOpen22":false,"nightOpen00":false,"nightOpen02":false},"geometry":{"type":"Point","coordinates":[126.915844,35.176683]}},{"type":"Feature","properties":{"id":"osm-n12436723592","type":"night_activity","category":"convenience_store","name":"GS25","source":"openstreetmap","nightTier":"unknown","nightScore":0.15,"confidence":0.3,"nightOpen22":false,"nightOpen00":false,"nightOpen02":false},"geometry":{"type":"Point","coordinates":[126.875471,35.178649]}},{"type":"Feature","properties":{"id":"osm-n12454770247","type":"night_activity","category":"convenience_store","name":"CU","source":"openstreetmap","nightTier":"unknown","nightScore":0.15,"confidence":0.3,"nightOpen22":false,"nightOpen00":false,"nightOpen02":false},"geometry":{"type":"Point","coordinates":[126.860586,35.15001]}},{"type":"Feature","properties":{"id":"osm-n12454770357","type":"night_activity","category":"fast_food","name":"맥도날드","source":"openstreetmap","nightTier":"unknown","nightScore":0.15,"confidence":0.3,"nightOpen22":false,"nightOpen00":false,"nightOpen02":false},"geometry":{"type":"Point","coordinates":[126.862672,35.151512]}},{"type":"Feature","properties":{"id":"osm-n12503863378","type":"night_activity","category":"cafe","name":"피스풀하우스","source":"openstreetmap","nightTier":"unknown","nightScore":0.15,"confidence":0.3,"nightOpen22":false,"nightOpen00":false,"nightOpen02":false},"geometry":{"type":"Point","coordinates":[126.924405,35.150185]}},{"type":"Feature","properties":{"id":"osm-n12506317956","type":"night_activity","category":"cafe","name":"인크커피 광주기아챔피언스필드점","source":"openstreetmap","nightTier":"unknown","nightScore":0.15,"confidence":0.3,"nightOpen22":false,"nightOpen00":false,"nightOpen02":false},"geometry":{"type":"Point","coordinates":[126.889017,35.16726]}},{"type":"Feature","properties":{"id":"osm-n12542091676","type":"night_activity","category":"supermarket","name":"에브리마트","source":"openstreetmap","nightTier":"unknown","nightScore":0.15,"confidence":0.3,"nightOpen22":false,"nightOpen00":false,"nightOpen02":false},"geometry":{"type":"Point","coordinates":[126.914946,35.128312]}},{"type":"Feature","properties":{"id":"osm-n12542091677","type":"night_activity","category":"convenience_store","name":"GS25 방림모아점","source":"openstreetmap","nightTier":"unknown","nightScore":0.15,"confidence":0.3,"nightOpen22":false,"nightOpen00":false,"nightOpen02":false},"geometry":{"type":"Point","coordinates":[126.914755,35.129337]}},{"type":"Feature","properties":{"id":"osm-n12542091678","type":"night_activity","category":"supermarket","name":"참조은마트","source":"openstreetmap","nightTier":"unknown","nightScore":0.15,"confidence":0.3,"nightOpen22":false,"nightOpen00":false,"nightOpen02":false},"geometry":{"type":"Point","coordinates":[126.914779,35.127945]}},{"type":"Feature","properties":{"id":"osm-n12542091681","type":"night_activity","category":"cafe","name":"카페프리헷 광주봉선점","source":"openstreetmap","nightTier":"unknown","nightScore":0.15,"confidence":0.3,"nightOpen22":false,"nightOpen00":false,"nightOpen02":false},"geometry":{"type":"Point","coordinates":[126.914342,35.128115]}},{"type":"Feature","properties":{"id":"osm-n12542091682","type":"night_activity","category":"supermarket","name":"봉선점빵","source":"openstreetmap","nightTier":"unknown","nightScore":0.15,"confidence":0.3,"nightOpen22":false,"nightOpen00":false,"nightOpen02":false},"geometry":{"type":"Point","coordinates":[126.914399,35.128131]}},{"type":"Feature","properties":{"id":"osm-n12542091697","type":"night_activity","category":"restaurant","name":"황제 쟁반짜장","source":"openstreetmap","nightTier":"unknown","nightScore":0.15,"confidence":0.3,"nightOpen22":false,"nightOpen00":false,"nightOpen02":false},"geometry":{"type":"Point","coordinates":[126.914411,35.127834]}},{"type":"Feature","properties":{"id":"osm-n12542091698","type":"night_activity","category":"restaurant","name":"춘자네 소금구이","source":"openstreetmap","nightTier":"unknown","nightScore":0.15,"confidence":0.3,"nightOpen22":false,"nightOpen00":false,"nightOpen02":false},"geometry":{"type":"Point","coordinates":[126.914336,35.127739]}},{"type":"Feature","properties":{"id":"osm-n12542091699","type":"night_activity","category":"restaurant","name":"봉선돈","source":"openstreetmap","nightTier":"unknown","nightScore":0.15,"confidence":0.3,"nightOpen22":false,"nightOpen00":false,"nightOpen02":false},"geometry":{"type":"Point","coordinates":[126.914266,35.127597]}},{"type":"Feature","properties":{"id":"osm-n12556333369","type":"night_activity","category":"cafe","name":"아카펠라","openingHours":"Mo-Su 10:30-21:00","source":"openstreetmap","nightTier":"day","nightScore":0,"confidence":0.8,"nightOpen22":false,"nightOpen00":false,"nightOpen02":false},"geometry":{"type":"Point","coordinates":[126.904256,35.102664]}},{"type":"Feature","properties":{"id":"osm-n12675140282","type":"night_activity","category":"convenience_store","name":"CU","source":"openstreetmap","nightTier":"unknown","nightScore":0.15,"confidence":0.3,"nightOpen22":false,"nightOpen00":false,"nightOpen02":false},"geometry":{"type":"Point","coordinates":[126.900906,35.177062]}},{"type":"Feature","properties":{"id":"osm-n12848984621","type":"night_activity","category":"hospital","name":"파랑새안과의원","source":"openstreetmap","nightTier":"unknown","nightScore":0.15,"confidence":0.3,"nightOpen22":false,"nightOpen00":false,"nightOpen02":false},"geometry":{"type":"Point","coordinates":[126.920099,35.144834]}},{"type":"Feature","properties":{"id":"osm-n12848984627","type":"night_activity","category":"restaurant","name":"청춘뚝배기","source":"openstreetmap","nightTier":"unknown","nightScore":0.15,"confidence":0.3,"nightOpen22":false,"nightOpen00":false,"nightOpen02":false},"geometry":{"type":"Point","coordinates":[126.919216,35.149048]}},{"type":"Feature","properties":{"id":"osm-n12848984628","type":"night_activity","category":"restaurant","name":"장독대","source":"openstreetmap","nightTier":"unknown","nightScore":0.15,"confidence":0.3,"nightOpen22":false,"nightOpen00":false,"nightOpen02":false},"geometry":{"type":"Point","coordinates":[126.918651,35.146321]}},{"type":"Feature","properties":{"id":"osm-n12848984629","type":"night_activity","category":"restaurant","name":"민속촌","source":"openstreetmap","nightTier":"unknown","nightScore":0.15,"confidence":0.3,"nightOpen22":false,"nightOpen00":false,"nightOpen02":false},"geometry":{"type":"Point","coordinates":[126.918839,35.145959]}},{"type":"Feature","properties":{"id":"osm-n12849000630","type":"night_activity","category":"restaurant","name":"빕스","source":"openstreetmap","nightTier":"unknown","nightScore":0.15,"confidence":0.3,"nightOpen22":false,"nightOpen00":false,"nightOpen02":false},"geometry":{"type":"Point","coordinates":[126.881057,35.161993]}},{"type":"Feature","properties":{"id":"osm-n12849000632","type":"night_activity","category":"restaurant","name":"외갓집국밥","source":"openstreetmap","nightTier":"unknown","nightScore":0.15,"confidence":0.3,"nightOpen22":false,"nightOpen00":false,"nightOpen02":false},"geometry":{"type":"Point","coordinates":[126.881526,35.161846]}},{"type":"Feature","properties":{"id":"osm-n12849000633","type":"night_activity","category":"cafe","name":"스타벅스","source":"openstreetmap","nightTier":"unknown","nightScore":0.15,"confidence":0.3,"nightOpen22":false,"nightOpen00":false,"nightOpen02":false},"geometry":{"type":"Point","coordinates":[126.88224,35.158588]}},{"type":"Feature","properties":{"id":"osm-n12849000634","type":"night_activity","category":"cafe","name":"스타벅스","source":"openstreetmap","nightTier":"unknown","nightScore":0.15,"confidence":0.3,"nightOpen22":false,"nightOpen00":false,"nightOpen02":false},"geometry":{"type":"Point","coordinates":[126.883543,35.159196]}},{"type":"Feature","properties":{"id":"osm-n12849000635","type":"night_activity","category":"cafe","name":"폴 바셋","source":"openstreetmap","nightTier":"unknown","nightScore":0.15,"confidence":0.3,"nightOpen22":false,"nightOpen00":false,"nightOpen02":false},"geometry":{"type":"Point","coordinates":[126.882753,35.160719]}},{"type":"Feature","properties":{"id":"osm-n12849000649","type":"night_activity","category":"cafe","name":"스타벅스","source":"openstreetmap","nightTier":"unknown","nightScore":0.15,"confidence":0.3,"nightOpen22":false,"nightOpen00":false,"nightOpen02":false},"geometry":{"type":"Point","coordinates":[126.882762,35.15627]}},{"type":"Feature","properties":{"id":"osm-n12849000671","type":"night_activity","category":"cafe","name":"더벤티","source":"openstreetmap","nightTier":"unknown","nightScore":0.15,"confidence":0.3,"nightOpen22":false,"nightOpen00":false,"nightOpen02":false},"geometry":{"type":"Point","coordinates":[126.917301,35.137844]}},{"type":"Feature","properties":{"id":"osm-n12851177283","type":"night_activity","category":"convenience_store","name":"CU","source":"openstreetmap","nightTier":"unknown","nightScore":0.15,"confidence":0.3,"nightOpen22":false,"nightOpen00":false,"nightOpen02":false},"geometry":{"type":"Point","coordinates":[126.923932,35.136638]}},{"type":"Feature","properties":{"id":"osm-n12851177284","type":"night_activity","category":"cafe","name":"이디야커피","source":"openstreetmap","nightTier":"unknown","nightScore":0.15,"confidence":0.3,"nightOpen22":false,"nightOpen00":false,"nightOpen02":false},"geometry":{"type":"Point","coordinates":[126.924884,35.137626]}},{"type":"Feature","properties":{"id":"osm-n12851177285","type":"night_activity","category":"cafe","name":"매머드익스프레스 광주서석점","source":"openstreetmap","nightTier":"unknown","nightScore":0.15,"confidence":0.3,"nightOpen22":false,"nightOpen00":false,"nightOpen02":false},"geometry":{"type":"Point","coordinates":[126.922803,35.146688]}},{"type":"Feature","properties":{"id":"osm-n12851177286","type":"night_activity","category":"cafe","name":"텐퍼센트커피","source":"openstreetmap","nightTier":"unknown","nightScore":0.15,"confidence":0.3,"nightOpen22":false,"nightOpen00":false,"nightOpen02":false},"geometry":{"type":"Point","coordinates":[126.924472,35.148305]}},{"type":"Feature","properties":{"id":"osm-n12851177287","type":"night_activity","category":"cafe","name":"메가MGC커피","source":"openstreetmap","nightTier":"unknown","nightScore":0.15,"confidence":0.3,"nightOpen22":false,"nightOpen00":false,"nightOpen02":false},"geometry":{"type":"Point","coordinates":[126.924952,35.148797]}},{"type":"Feature","properties":{"id":"osm-n12851177288","type":"night_activity","category":"cafe","name":"프라임픽","source":"openstreetmap","nightTier":"unknown","nightScore":0.15,"confidence":0.3,"nightOpen22":false,"nightOpen00":false,"nightOpen02":false},"geometry":{"type":"Point","coordinates":[126.924636,35.148218]}},{"type":"Feature","properties":{"id":"osm-n12851177289","type":"night_activity","category":"cafe","name":"꾀꾀로 동명점","source":"openstreetmap","nightTier":"unknown","nightScore":0.15,"confidence":0.3,"nightOpen22":false,"nightOpen00":false,"nightOpen02":false},"geometry":{"type":"Point","coordinates":[126.924721,35.148297]}},{"type":"Feature","properties":{"id":"osm-n12851177290","type":"night_activity","category":"cafe","name":"카페마루","source":"openstreetmap","nightTier":"unknown","nightScore":0.15,"confidence":0.3,"nightOpen22":false,"nightOpen00":false,"nightOpen02":false},"geometry":{"type":"Point","coordinates":[126.924804,35.148375]}},{"type":"Feature","properties":{"id":"osm-n12851177295","type":"night_activity","category":"cafe","name":"스타벅스","source":"openstreetmap","nightTier":"unknown","nightScore":0.15,"confidence":0.3,"nightOpen22":false,"nightOpen00":false,"nightOpen02":false},"geometry":{"type":"Point","coordinates":[126.923436,35.150486]}},{"type":"Feature","properties":{"id":"osm-n12851177302","type":"night_activity","category":"convenience_store","name":"GS25","source":"openstreetmap","nightTier":"unknown","nightScore":0.15,"confidence":0.3,"nightOpen22":false,"nightOpen00":false,"nightOpen02":false},"geometry":{"type":"Point","coordinates":[126.924363,35.148237]}},{"type":"Feature","properties":{"id":"osm-n12851177303","type":"night_activity","category":"cafe","name":"떼구루루","source":"openstreetmap","nightTier":"unknown","nightScore":0.15,"confidence":0.3,"nightOpen22":false,"nightOpen00":false,"nightOpen02":false},"geometry":{"type":"Point","coordinates":[126.925032,35.149763]}},{"type":"Feature","properties":{"id":"osm-n12851177304","type":"night_activity","category":"convenience_store","name":"세븐일레븐","source":"openstreetmap","nightTier":"unknown","nightScore":0.15,"confidence":0.3,"nightOpen22":false,"nightOpen00":false,"nightOpen02":false},"geometry":{"type":"Point","coordinates":[126.923321,35.150333]}},{"type":"Feature","properties":{"id":"osm-n12851177305","type":"night_activity","category":"cafe","name":"로타리커피","source":"openstreetmap","nightTier":"unknown","nightScore":0.15,"confidence":0.3,"nightOpen22":false,"nightOpen00":false,"nightOpen02":false},"geometry":{"type":"Point","coordinates":[126.922328,35.149262]}},{"type":"Feature","properties":{"id":"osm-n12851177310","type":"night_activity","category":"cafe","name":"봉명동내커피 광주동구점","source":"openstreetmap","nightTier":"unknown","nightScore":0.15,"confidence":0.3,"nightOpen22":false,"nightOpen00":false,"nightOpen02":false},"geometry":{"type":"Point","coordinates":[126.918445,35.148693]}},{"type":"Feature","properties":{"id":"osm-n12851177311","type":"night_activity","category":"cafe","name":"청자다방 금남점","source":"openstreetmap","nightTier":"unknown","nightScore":0.15,"confidence":0.3,"nightOpen22":false,"nightOpen00":false,"nightOpen02":false},"geometry":{"type":"Point","coordinates":[126.918982,35.149097]}},{"type":"Feature","properties":{"id":"osm-n12851177312","type":"night_activity","category":"cafe","name":"카페정원","source":"openstreetmap","nightTier":"unknown","nightScore":0.15,"confidence":0.3,"nightOpen22":false,"nightOpen00":false,"nightOpen02":false},"geometry":{"type":"Point","coordinates":[126.9195,35.14943]}},{"type":"Feature","properties":{"id":"osm-n12851177313","type":"night_activity","category":"cafe","name":"다이노커피","source":"openstreetmap","nightTier":"unknown","nightScore":0.15,"confidence":0.3,"nightOpen22":false,"nightOpen00":false,"nightOpen02":false},"geometry":{"type":"Point","coordinates":[126.916062,35.149976]}},{"type":"Feature","properties":{"id":"osm-n12851177314","type":"night_activity","category":"convenience_store","name":"세븐일레븐","source":"openstreetmap","nightTier":"unknown","nightScore":0.15,"confidence":0.3,"nightOpen22":false,"nightOpen00":false,"nightOpen02":false},"geometry":{"type":"Point","coordinates":[126.915716,35.152287]}},{"type":"Feature","properties":{"id":"osm-n12866982230","type":"night_activity","category":"convenience_store","name":"CU","source":"openstreetmap","nightTier":"unknown","nightScore":0.15,"confidence":0.3,"nightOpen22":false,"nightOpen00":false,"nightOpen02":false},"geometry":{"type":"Point","coordinates":[126.897848,35.124509]}},{"type":"Feature","properties":{"id":"osm-n12881290449","type":"night_activity","category":"cafe","name":"더벤티","source":"openstreetmap","nightTier":"unknown","nightScore":0.15,"confidence":0.3,"nightOpen22":false,"nightOpen00":false,"nightOpen02":false},"geometry":{"type":"Point","coordinates":[126.932984,35.123658]}},{"type":"Feature","properties":{"id":"osm-n12881290450","type":"night_activity","category":"cafe","name":"컴포즈커피","source":"openstreetmap","nightTier":"unknown","nightScore":0.15,"confidence":0.3,"nightOpen22":false,"nightOpen00":false,"nightOpen02":false},"geometry":{"type":"Point","coordinates":[126.932347,35.13058]}},{"type":"Feature","properties":{"id":"osm-n12881290451","type":"night_activity","category":"cafe","name":"메가MGC커피","source":"openstreetmap","nightTier":"unknown","nightScore":0.15,"confidence":0.3,"nightOpen22":false,"nightOpen00":false,"nightOpen02":false},"geometry":{"type":"Point","coordinates":[126.928983,35.132143]}},{"type":"Feature","properties":{"id":"osm-n12881290452","type":"night_activity","category":"cafe","name":"컴포즈커피","source":"openstreetmap","nightTier":"unknown","nightScore":0.15,"confidence":0.3,"nightOpen22":false,"nightOpen00":false,"nightOpen02":false},"geometry":{"type":"Point","coordinates":[126.929624,35.132823]}},{"type":"Feature","properties":{"id":"osm-n13016716824","type":"night_activity","category":"fast_food","name":"코코호도","source":"openstreetmap","nightTier":"unknown","nightScore":0.15,"confidence":0.3,"nightOpen22":false,"nightOpen00":false,"nightOpen02":false},"geometry":{"type":"Point","coordinates":[126.913839,35.123235]}},{"type":"Feature","properties":{"id":"osm-n13097622523","type":"night_activity","category":"convenience_store","name":"GS25","source":"openstreetmap","nightTier":"unknown","nightScore":0.15,"confidence":0.3,"nightOpen22":false,"nightOpen00":false,"nightOpen02":false},"geometry":{"type":"Point","coordinates":[126.92577,35.153915]}},{"type":"Feature","properties":{"id":"osm-n13097622524","type":"night_activity","category":"convenience_store","name":"CU","source":"openstreetmap","nightTier":"unknown","nightScore":0.15,"confidence":0.3,"nightOpen22":false,"nightOpen00":false,"nightOpen02":false},"geometry":{"type":"Point","coordinates":[126.924359,35.153799]}},{"type":"Feature","properties":{"id":"osm-n13168800883","type":"night_activity","category":"restaurant","name":"동명동 사랑으로","openingHours":"PM 5:00 ~ AM 01:00","source":"openstreetmap","nightTier":"00","nightScore":0.75,"confidence":0.8,"nightOpen22":true,"nightOpen00":true,"nightOpen02":false},"geometry":{"type":"Point","coordinates":[126.92283,35.150493]}},{"type":"Feature","properties":{"id":"osm-n13192522698","type":"night_activity","category":"cafe","name":"공차","source":"openstreetmap","nightTier":"unknown","nightScore":0.15,"confidence":0.3,"nightOpen22":false,"nightOpen00":false,"nightOpen02":false},"geometry":{"type":"Point","coordinates":[126.925207,35.148895]}},{"type":"Feature","properties":{"id":"osm-n13192522699","type":"night_activity","category":"convenience_store","name":"CU","source":"openstreetmap","nightTier":"unknown","nightScore":0.15,"confidence":0.3,"nightOpen22":false,"nightOpen00":false,"nightOpen02":false},"geometry":{"type":"Point","coordinates":[126.925003,35.148979]}},{"type":"Feature","properties":{"id":"osm-n13192522700","type":"night_activity","category":"restaurant","name":"후토루","source":"openstreetmap","nightTier":"unknown","nightScore":0.15,"confidence":0.3,"nightOpen22":false,"nightOpen00":false,"nightOpen02":false},"geometry":{"type":"Point","coordinates":[126.923523,35.147381]}},{"type":"Feature","properties":{"id":"osm-n13192522702","type":"night_activity","category":"cafe","name":"고망고","source":"openstreetmap","nightTier":"unknown","nightScore":0.15,"confidence":0.3,"nightOpen22":false,"nightOpen00":false,"nightOpen02":false},"geometry":{"type":"Point","coordinates":[126.924794,35.148648]}},{"type":"Feature","properties":{"id":"osm-n13193582562","type":"night_activity","category":"restaurant","name":"마녀닭갈비 용봉점","source":"openstreetmap","nightTier":"unknown","nightScore":0.15,"confidence":0.3,"nightOpen22":false,"nightOpen00":false,"nightOpen02":false},"geometry":{"type":"Point","coordinates":[126.892035,35.178414]}},{"type":"Feature","properties":{"id":"osm-n13194765143","type":"night_activity","category":"convenience_store","name":"GS25","source":"openstreetmap","nightTier":"unknown","nightScore":0.15,"confidence":0.3,"nightOpen22":false,"nightOpen00":false,"nightOpen02":false},"geometry":{"type":"Point","coordinates":[126.909769,35.164611]}},{"type":"Feature","properties":{"id":"osm-n13391156652","type":"night_activity","category":"cafe","name":"스타벅스","source":"openstreetmap","nightTier":"unknown","nightScore":0.15,"confidence":0.3,"nightOpen22":false,"nightOpen00":false,"nightOpen02":false},"geometry":{"type":"Point","coordinates":[126.929052,35.149815]}},{"type":"Feature","properties":{"id":"osm-n13597422727","type":"night_activity","category":"cafe","name":"파세드꽁떼아","source":"openstreetmap","nightTier":"unknown","nightScore":0.15,"confidence":0.3,"nightOpen22":false,"nightOpen00":false,"nightOpen02":false},"geometry":{"type":"Point","coordinates":[126.923202,35.151396]}},{"type":"Feature","properties":{"id":"osm-n13745192316","type":"night_activity","category":"cafe","name":"스타벅스","source":"openstreetmap","nightTier":"unknown","nightScore":0.15,"confidence":0.3,"nightOpen22":false,"nightOpen00":false,"nightOpen02":false},"geometry":{"type":"Point","coordinates":[126.878705,35.177349]}},{"type":"Feature","properties":{"id":"osm-n13745192317","type":"night_activity","category":"cafe","name":"텐퍼센트커피","source":"openstreetmap","nightTier":"unknown","nightScore":0.15,"confidence":0.3,"nightOpen22":false,"nightOpen00":false,"nightOpen02":false},"geometry":{"type":"Point","coordinates":[126.877959,35.17787]}},{"type":"Feature","properties":{"id":"osm-n13745192318","type":"night_activity","category":"convenience_store","name":"세븐일레븐","source":"openstreetmap","nightTier":"unknown","nightScore":0.15,"confidence":0.3,"nightOpen22":false,"nightOpen00":false,"nightOpen02":false},"geometry":{"type":"Point","coordinates":[126.875696,35.177962]}},{"type":"Feature","properties":{"id":"osm-n13904211809","type":"night_activity","category":"convenience_store","name":"이마트24","source":"openstreetmap","nightTier":"unknown","nightScore":0.15,"confidence":0.3,"nightOpen22":false,"nightOpen00":false,"nightOpen02":false},"geometry":{"type":"Point","coordinates":[126.877041,35.179386]}},{"type":"Feature","properties":{"id":"osm-n13904211810","type":"night_activity","category":"convenience_store","name":"GS25","source":"openstreetmap","nightTier":"unknown","nightScore":0.15,"confidence":0.3,"nightOpen22":false,"nightOpen00":false,"nightOpen02":false},"geometry":{"type":"Point","coordinates":[126.877292,35.181181]}},{"type":"Feature","properties":{"id":"osm-n13904211811","type":"night_activity","category":"convenience_store","name":"이마트24","source":"openstreetmap","nightTier":"unknown","nightScore":0.15,"confidence":0.3,"nightOpen22":false,"nightOpen00":false,"nightOpen02":false},"geometry":{"type":"Point","coordinates":[126.873694,35.181491]}},{"type":"Feature","properties":{"id":"osm-n13906325223","type":"night_activity","category":"cafe","name":"메가MGC커피","source":"openstreetmap","nightTier":"unknown","nightScore":0.15,"confidence":0.3,"nightOpen22":false,"nightOpen00":false,"nightOpen02":false},"geometry":{"type":"Point","coordinates":[126.923191,35.157841]}},{"type":"Feature","properties":{"id":"osm-n13906325224","type":"night_activity","category":"convenience_store","name":"GS25","source":"openstreetmap","nightTier":"unknown","nightScore":0.15,"confidence":0.3,"nightOpen22":false,"nightOpen00":false,"nightOpen02":false},"geometry":{"type":"Point","coordinates":[126.92278,35.157767]}},{"type":"Feature","properties":{"id":"osm-n13909471454","type":"night_activity","category":"cafe","name":"4.25커피","source":"openstreetmap","nightTier":"unknown","nightScore":0.15,"confidence":0.3,"nightOpen22":false,"nightOpen00":false,"nightOpen02":false},"geometry":{"type":"Point","coordinates":[126.915438,35.138926]}},{"type":"Feature","properties":{"id":"osm-n13909926782","type":"night_activity","category":"convenience_store","name":"GS25","source":"openstreetmap","nightTier":"unknown","nightScore":0.15,"confidence":0.3,"nightOpen22":false,"nightOpen00":false,"nightOpen02":false},"geometry":{"type":"Point","coordinates":[126.896739,35.161061]}},{"type":"Feature","properties":{"id":"osm-n14102322623","type":"night_activity","category":"restaurant","name":"거목한정식","openingHours":"Mo-Su 11:00-20:00","source":"openstreetmap","nightTier":"day","nightScore":0,"confidence":0.8,"nightOpen22":false,"nightOpen00":false,"nightOpen02":false},"geometry":{"type":"Point","coordinates":[126.911614,35.145646]}},{"type":"Feature","properties":{"id":"osm-n14131086264","type":"night_activity","category":"cafe","name":"빨간목탁","source":"openstreetmap","nightTier":"unknown","nightScore":0.15,"confidence":0.3,"nightOpen22":false,"nightOpen00":false,"nightOpen02":false},"geometry":{"type":"Point","coordinates":[126.983592,35.080919]}},{"type":"Feature","properties":{"id":"osm-n14131172080","type":"night_activity","category":"cafe","name":"만연에서","source":"openstreetmap","nightTier":"unknown","nightScore":0.15,"confidence":0.3,"nightOpen22":false,"nightOpen00":false,"nightOpen02":false},"geometry":{"type":"Point","coordinates":[126.983304,35.082169]}},{"type":"Feature","properties":{"id":"osm-n14176293152","type":"night_activity","category":"restaurant","name":"영우해장국 쌍촌 본점","openingHours":"10:00-22:00","source":"openstreetmap","nightTier":"day","nightScore":0,"confidence":0.8,"nightOpen22":false,"nightOpen00":false,"nightOpen02":false},"geometry":{"type":"Point","coordinates":[126.864822,35.150027]}},{"type":"Feature","properties":{"id":"osm-w270550332","type":"night_activity","category":"hospital","name":"조병권내과","source":"openstreetmap","nightTier":"unknown","nightScore":0.15,"confidence":0.3,"nightOpen22":false,"nightOpen00":false,"nightOpen02":false},"geometry":{"type":"Point","coordinates":[126.919928,35.165415]}},{"type":"Feature","properties":{"id":"osm-w270550472","type":"night_activity","category":"hospital","name":"현대정형외과","source":"openstreetmap","nightTier":"unknown","nightScore":0.15,"confidence":0.3,"nightOpen22":false,"nightOpen00":false,"nightOpen02":false},"geometry":{"type":"Point","coordinates":[126.921798,35.164579]}},{"type":"Feature","properties":{"id":"osm-w270550915","type":"night_activity","category":"supermarket","name":"다담식자재마트","source":"openstreetmap","nightTier":"unknown","nightScore":0.15,"confidence":0.3,"nightOpen22":false,"nightOpen00":false,"nightOpen02":false},"geometry":{"type":"Point","coordinates":[126.899054,35.203251]}},{"type":"Feature","properties":{"id":"osm-w277767276","type":"night_activity","category":"supermarket","name":"봉선동이마트","source":"openstreetmap","nightTier":"unknown","nightScore":0.15,"confidence":0.3,"nightOpen22":false,"nightOpen00":false,"nightOpen02":false},"geometry":{"type":"Point","coordinates":[126.916099,35.122397]}},{"type":"Feature","properties":{"id":"osm-w405406493","type":"night_activity","category":"restaurant","name":"굽데이","source":"openstreetmap","nightTier":"unknown","nightScore":0.15,"confidence":0.3,"nightOpen22":false,"nightOpen00":false,"nightOpen02":false},"geometry":{"type":"Point","coordinates":[126.914032,35.154958]}},{"type":"Feature","properties":{"id":"osm-w452256349","type":"night_activity","category":"cafe","name":"컴포즈커피","source":"openstreetmap","nightTier":"unknown","nightScore":0.15,"confidence":0.3,"nightOpen22":false,"nightOpen00":false,"nightOpen02":false},"geometry":{"type":"Point","coordinates":[126.918256,35.14712]}},{"type":"Feature","properties":{"id":"osm-w470103984","type":"night_activity","category":"restaurant","name":"엄지통닭","source":"openstreetmap","nightTier":"unknown","nightScore":0.15,"confidence":0.3,"nightOpen22":false,"nightOpen00":false,"nightOpen02":false},"geometry":{"type":"Point","coordinates":[126.895952,35.11967]}},{"type":"Feature","properties":{"id":"osm-w470104003","type":"night_activity","category":"supermarket","name":"supermarket","source":"openstreetmap","nightTier":"unknown","nightScore":0.15,"confidence":0.3,"nightOpen22":false,"nightOpen00":false,"nightOpen02":false},"geometry":{"type":"Point","coordinates":[126.896414,35.11896]}},{"type":"Feature","properties":{"id":"osm-w470114482","type":"night_activity","category":"hospital","name":"소망약국","source":"openstreetmap","nightTier":"unknown","nightScore":0.15,"confidence":0.3,"nightOpen22":false,"nightOpen00":false,"nightOpen02":false},"geometry":{"type":"Point","coordinates":[126.896334,35.11955]}},{"type":"Feature","properties":{"id":"osm-w471131142","type":"night_activity","category":"convenience_store","name":"CU","source":"openstreetmap","nightTier":"unknown","nightScore":0.15,"confidence":0.3,"nightOpen22":false,"nightOpen00":false,"nightOpen02":false},"geometry":{"type":"Point","coordinates":[126.925371,35.14555]}},{"type":"Feature","properties":{"id":"osm-w471131153","type":"night_activity","category":"restaurant","name":"삼미관","source":"openstreetmap","nightTier":"unknown","nightScore":0.15,"confidence":0.3,"nightOpen22":false,"nightOpen00":false,"nightOpen02":false},"geometry":{"type":"Point","coordinates":[126.92434,35.145797]}},{"type":"Feature","properties":{"id":"osm-w471131157","type":"night_activity","category":"cafe","name":"cafe","source":"openstreetmap","nightTier":"unknown","nightScore":0.15,"confidence":0.3,"nightOpen22":false,"nightOpen00":false,"nightOpen02":false},"geometry":{"type":"Point","coordinates":[126.924907,35.145391]}},{"type":"Feature","properties":{"id":"osm-w471309576","type":"night_activity","category":"restaurant","name":"restaurant","source":"openstreetmap","nightTier":"unknown","nightScore":0.15,"confidence":0.3,"nightOpen22":false,"nightOpen00":false,"nightOpen02":false},"geometry":{"type":"Point","coordinates":[126.924311,35.145333]}},{"type":"Feature","properties":{"id":"osm-w471342891","type":"night_activity","category":"fast_food","name":"롯데리아","source":"openstreetmap","nightTier":"unknown","nightScore":0.15,"confidence":0.3,"nightOpen22":false,"nightOpen00":false,"nightOpen02":false},"geometry":{"type":"Point","coordinates":[126.890342,35.181661]}},{"type":"Feature","properties":{"id":"osm-w471424833","type":"night_activity","category":"hospital","name":"운암한국병원","source":"openstreetmap","nightTier":"unknown","nightScore":0.15,"confidence":0.3,"nightOpen22":false,"nightOpen00":false,"nightOpen02":false},"geometry":{"type":"Point","coordinates":[126.869766,35.184997]}},{"type":"Feature","properties":{"id":"osm-w471424858","type":"night_activity","category":"fast_food","name":"맥도날드","openingHours":"00:00-24:00","source":"openstreetmap","nightTier":"24h","nightScore":1,"confidence":0.8,"nightOpen22":true,"nightOpen00":true,"nightOpen02":true},"geometry":{"type":"Point","coordinates":[126.870125,35.184989]}},{"type":"Feature","properties":{"id":"osm-w471448103","type":"night_activity","category":"supermarket","name":"FM신선마트","source":"openstreetmap","nightTier":"unknown","nightScore":0.15,"confidence":0.3,"nightOpen22":false,"nightOpen00":false,"nightOpen02":false},"geometry":{"type":"Point","coordinates":[126.889803,35.180376]}},{"type":"Feature","properties":{"id":"osm-w471448205","type":"night_activity","category":"restaurant","name":"restaurant","source":"openstreetmap","nightTier":"unknown","nightScore":0.15,"confidence":0.3,"nightOpen22":false,"nightOpen00":false,"nightOpen02":false},"geometry":{"type":"Point","coordinates":[126.89211,35.180491]}},{"type":"Feature","properties":{"id":"osm-w472248187","type":"night_activity","category":"hospital","name":"상무 금호보건지소","source":"openstreetmap","nightTier":"unknown","nightScore":0.15,"confidence":0.3,"nightOpen22":false,"nightOpen00":false,"nightOpen02":false},"geometry":{"type":"Point","coordinates":[126.860293,35.148229]}},{"type":"Feature","properties":{"id":"osm-w474083988","type":"night_activity","category":"restaurant","name":"모아원조국밥","source":"openstreetmap","nightTier":"unknown","nightScore":0.15,"confidence":0.3,"nightOpen22":false,"nightOpen00":false,"nightOpen02":false},"geometry":{"type":"Point","coordinates":[126.933871,35.127505]}},{"type":"Feature","properties":{"id":"osm-w474357332","type":"night_activity","category":"restaurant","name":"전현숙국밥","source":"openstreetmap","nightTier":"unknown","nightScore":0.15,"confidence":0.3,"nightOpen22":false,"nightOpen00":false,"nightOpen02":false},"geometry":{"type":"Point","coordinates":[126.933134,35.120414]}},{"type":"Feature","properties":{"id":"osm-w478278338","type":"night_activity","category":"hospital","name":"광주기독병원","source":"openstreetmap","nightTier":"unknown","nightScore":0.15,"confidence":0.3,"nightOpen22":false,"nightOpen00":false,"nightOpen02":false},"geometry":{"type":"Point","coordinates":[126.912149,35.136605]}},{"type":"Feature","properties":{"id":"osm-w483685292","type":"night_activity","category":"hospital","name":"전남대학교병원","source":"openstreetmap","nightTier":"unknown","nightScore":0.15,"confidence":0.3,"nightOpen22":false,"nightOpen00":false,"nightOpen02":false},"geometry":{"type":"Point","coordinates":[126.922235,35.141615]}},{"type":"Feature","properties":{"id":"osm-w485036232","type":"night_activity","category":"hospital","name":"조선대학교병원","source":"openstreetmap","nightTier":"unknown","nightScore":0.15,"confidence":0.3,"nightOpen22":false,"nightOpen00":false,"nightOpen02":false},"geometry":{"type":"Point","coordinates":[126.925614,35.139145]}},{"type":"Feature","properties":{"id":"osm-w488367801","type":"night_activity","category":"hospital","name":"이성채이비인후과의원","source":"openstreetmap","nightTier":"unknown","nightScore":0.15,"confidence":0.3,"nightOpen22":false,"nightOpen00":false,"nightOpen02":false},"geometry":{"type":"Point","coordinates":[126.895252,35.151462]}},{"type":"Feature","properties":{"id":"osm-w488775831","type":"night_activity","category":"convenience_store","name":"CU 용산그랜드점","source":"openstreetmap","nightTier":"unknown","nightScore":0.15,"confidence":0.3,"nightOpen22":false,"nightOpen00":false,"nightOpen02":false},"geometry":{"type":"Point","coordinates":[126.93309,35.120544]}},{"type":"Feature","properties":{"id":"osm-w489181905","type":"night_activity","category":"hospital","name":"광주한국병원","source":"openstreetmap","nightTier":"unknown","nightScore":0.15,"confidence":0.3,"nightOpen22":false,"nightOpen00":false,"nightOpen02":false},"geometry":{"type":"Point","coordinates":[126.868605,35.155928]}},{"type":"Feature","properties":{"id":"osm-w489244147","type":"night_activity","category":"hospital","name":"hospital","source":"openstreetmap","nightTier":"unknown","nightScore":0.15,"confidence":0.3,"nightOpen22":false,"nightOpen00":false,"nightOpen02":false},"geometry":{"type":"Point","coordinates":[126.887694,35.130555]}},{"type":"Feature","properties":{"id":"osm-w489265399","type":"night_activity","category":"hospital","name":"양명요양병원","source":"openstreetmap","nightTier":"unknown","nightScore":0.15,"confidence":0.3,"nightOpen22":false,"nightOpen00":false,"nightOpen02":false},"geometry":{"type":"Point","coordinates":[126.920446,35.141728]}},{"type":"Feature","properties":{"id":"osm-w489694374","type":"night_activity","category":"hospital","name":"해피뷰 삼성병원","source":"openstreetmap","nightTier":"unknown","nightScore":0.15,"confidence":0.3,"nightOpen22":false,"nightOpen00":false,"nightOpen02":false},"geometry":{"type":"Point","coordinates":[126.928297,35.132252]}},{"type":"Feature","properties":{"id":"osm-w489732132","type":"night_activity","category":"hospital","name":"St John of God Hospital","source":"openstreetmap","nightTier":"unknown","nightScore":0.15,"confidence":0.3,"nightOpen22":false,"nightOpen00":false,"nightOpen02":false},"geometry":{"type":"Point","coordinates":[126.902718,35.160553]}},{"type":"Feature","properties":{"id":"osm-w489990921","type":"night_activity","category":"supermarket","name":"롯데슈퍼","source":"openstreetmap","nightTier":"unknown","nightScore":0.15,"confidence":0.3,"nightOpen22":false,"nightOpen00":false,"nightOpen02":false},"geometry":{"type":"Point","coordinates":[126.922042,35.186597]}},{"type":"Feature","properties":{"id":"osm-w490828376","type":"night_activity","category":"restaurant","name":"빛고을홍어마당","source":"openstreetmap","nightTier":"unknown","nightScore":0.15,"confidence":0.3,"nightOpen22":false,"nightOpen00":false,"nightOpen02":false},"geometry":{"type":"Point","coordinates":[126.896257,35.183358]}},{"type":"Feature","properties":{"id":"osm-w493555420","type":"night_activity","category":"cafe","name":"Gooci Cafe and Screen Golf","source":"openstreetmap","nightTier":"unknown","nightScore":0.15,"confidence":0.3,"nightOpen22":false,"nightOpen00":false,"nightOpen02":false},"geometry":{"type":"Point","coordinates":[126.886459,35.12919]}},{"type":"Feature","properties":{"id":"osm-w502798689","type":"night_activity","category":"hospital","name":"광주병원","source":"openstreetmap","nightTier":"unknown","nightScore":0.15,"confidence":0.3,"nightOpen22":false,"nightOpen00":false,"nightOpen02":false},"geometry":{"type":"Point","coordinates":[126.928071,35.178745]}},{"type":"Feature","properties":{"id":"osm-w502798692","type":"night_activity","category":"hospital","name":"에덴병원","source":"openstreetmap","nightTier":"unknown","nightScore":0.15,"confidence":0.3,"nightOpen22":false,"nightOpen00":false,"nightOpen02":false},"geometry":{"type":"Point","coordinates":[126.929455,35.175647]}},{"type":"Feature","properties":{"id":"osm-w534591648","type":"night_activity","category":"convenience_store","name":"GS25","source":"openstreetmap","nightTier":"unknown","nightScore":0.15,"confidence":0.3,"nightOpen22":false,"nightOpen00":false,"nightOpen02":false},"geometry":{"type":"Point","coordinates":[126.909154,35.161713]}},{"type":"Feature","properties":{"id":"osm-w537748087","type":"night_activity","category":"hospital","name":"빛고을전남대학교병원","source":"openstreetmap","nightTier":"unknown","nightScore":0.15,"confidence":0.3,"nightOpen22":false,"nightOpen00":false,"nightOpen02":false},"geometry":{"type":"Point","coordinates":[126.895992,35.094495]}},{"type":"Feature","properties":{"id":"osm-w543797672","type":"night_activity","category":"restaurant","name":"급식실","source":"openstreetmap","nightTier":"unknown","nightScore":0.15,"confidence":0.3,"nightOpen22":false,"nightOpen00":false,"nightOpen02":false},"geometry":{"type":"Point","coordinates":[126.912166,35.130838]}},{"type":"Feature","properties":{"id":"osm-w543802154","type":"night_activity","category":"hospital","name":"선한병원","source":"openstreetmap","nightTier":"unknown","nightScore":0.15,"confidence":0.3,"nightOpen22":false,"nightOpen00":false,"nightOpen02":false},"geometry":{"type":"Point","coordinates":[126.887031,35.161542]}},{"type":"Feature","properties":{"id":"osm-w544007529","type":"night_activity","category":"restaurant","name":"급식실","source":"openstreetmap","nightTier":"unknown","nightScore":0.15,"confidence":0.3,"nightOpen22":false,"nightOpen00":false,"nightOpen02":false},"geometry":{"type":"Point","coordinates":[126.897973,35.154432]}},{"type":"Feature","properties":{"id":"osm-w544909781","type":"night_activity","category":"hospital","name":"백운한방병원","source":"openstreetmap","nightTier":"unknown","nightScore":0.15,"confidence":0.3,"nightOpen22":false,"nightOpen00":false,"nightOpen02":false},"geometry":{"type":"Point","coordinates":[126.901598,35.139656]}},{"type":"Feature","properties":{"id":"osm-w544958212","type":"night_activity","category":"cafe","name":"cafe","source":"openstreetmap","nightTier":"unknown","nightScore":0.15,"confidence":0.3,"nightOpen22":false,"nightOpen00":false,"nightOpen02":false},"geometry":{"type":"Point","coordinates":[126.877985,35.134489]}},{"type":"Feature","properties":{"id":"osm-w555670716","type":"night_activity","category":"restaurant","name":"restaurant","source":"openstreetmap","nightTier":"unknown","nightScore":0.15,"confidence":0.3,"nightOpen22":false,"nightOpen00":false,"nightOpen02":false},"geometry":{"type":"Point","coordinates":[126.900412,35.11241]}},{"type":"Feature","properties":{"id":"osm-w596917924","type":"night_activity","category":"hospital","name":"북구두암보건지소","source":"openstreetmap","nightTier":"unknown","nightScore":0.15,"confidence":0.3,"nightOpen22":false,"nightOpen00":false,"nightOpen02":false},"geometry":{"type":"Point","coordinates":[126.932456,35.174324]}},{"type":"Feature","properties":{"id":"osm-w597423769","type":"night_activity","category":"hospital","name":"천주의 성요한병원","source":"openstreetmap","nightTier":"unknown","nightScore":0.15,"confidence":0.3,"nightOpen22":false,"nightOpen00":false,"nightOpen02":false},"geometry":{"type":"Point","coordinates":[126.903222,35.160716]}},{"type":"Feature","properties":{"id":"osm-w619885905","type":"night_activity","category":"convenience_store","name":"CU","source":"openstreetmap","nightTier":"unknown","nightScore":0.15,"confidence":0.3,"nightOpen22":false,"nightOpen00":false,"nightOpen02":false},"geometry":{"type":"Point","coordinates":[126.899218,35.13508]}},{"type":"Feature","properties":{"id":"osm-w636056294","type":"night_activity","category":"supermarket","name":"마켓올림식자제마트","source":"openstreetmap","nightTier":"unknown","nightScore":0.15,"confidence":0.3,"nightOpen22":false,"nightOpen00":false,"nightOpen02":false},"geometry":{"type":"Point","coordinates":[126.894081,35.186524]}},{"type":"Feature","properties":{"id":"osm-w636056295","type":"night_activity","category":"hospital","name":"올다엠비한방병원","source":"openstreetmap","nightTier":"unknown","nightScore":0.15,"confidence":0.3,"nightOpen22":false,"nightOpen00":false,"nightOpen02":false},"geometry":{"type":"Point","coordinates":[126.894644,35.186825]}},{"type":"Feature","properties":{"id":"osm-w636232838","type":"night_activity","category":"restaurant","name":"조아회관","source":"openstreetmap","nightTier":"unknown","nightScore":0.15,"confidence":0.3,"nightOpen22":false,"nightOpen00":false,"nightOpen02":false},"geometry":{"type":"Point","coordinates":[126.901833,35.166999]}},{"type":"Feature","properties":{"id":"osm-w636232843","type":"night_activity","category":"convenience_store","name":"GS25","source":"openstreetmap","nightTier":"unknown","nightScore":0.15,"confidence":0.3,"nightOpen22":false,"nightOpen00":false,"nightOpen02":false},"geometry":{"type":"Point","coordinates":[126.898954,35.167729]}},{"type":"Feature","properties":{"id":"osm-w636895699","type":"night_activity","category":"cafe","name":"카페 제제","source":"openstreetmap","nightTier":"unknown","nightScore":0.15,"confidence":0.3,"nightOpen22":false,"nightOpen00":false,"nightOpen02":false},"geometry":{"type":"Point","coordinates":[126.87949,35.217496]}},{"type":"Feature","properties":{"id":"osm-w637452923","type":"night_activity","category":"hospital","name":"광주현대병원","source":"openstreetmap","nightTier":"unknown","nightScore":0.15,"confidence":0.3,"nightOpen22":false,"nightOpen00":false,"nightOpen02":false},"geometry":{"type":"Point","coordinates":[126.897855,35.185435]}},{"type":"Feature","properties":{"id":"osm-w637563722","type":"night_activity","category":"cafe","name":"카페마실","source":"openstreetmap","nightTier":"unknown","nightScore":0.15,"confidence":0.3,"nightOpen22":false,"nightOpen00":false,"nightOpen02":false},"geometry":{"type":"Point","coordinates":[126.892986,35.19456]}},{"type":"Feature","properties":{"id":"osm-w638250930","type":"night_activity","category":"restaurant","name":"전승규 감자탕이야기","source":"openstreetmap","nightTier":"unknown","nightScore":0.15,"confidence":0.3,"nightOpen22":false,"nightOpen00":false,"nightOpen02":false},"geometry":{"type":"Point","coordinates":[126.896568,35.18779]}},{"type":"Feature","properties":{"id":"osm-w638499353","type":"night_activity","category":"restaurant","name":"ISSAC토스트","source":"openstreetmap","nightTier":"unknown","nightScore":0.15,"confidence":0.3,"nightOpen22":false,"nightOpen00":false,"nightOpen02":false},"geometry":{"type":"Point","coordinates":[126.864188,35.207163]}},{"type":"Feature","properties":{"id":"osm-w638499355","type":"night_activity","category":"pharmacy","name":"하늘온누리약국","source":"openstreetmap","nightTier":"unknown","nightScore":0.15,"confidence":0.3,"nightOpen22":false,"nightOpen00":false,"nightOpen02":false},"geometry":{"type":"Point","coordinates":[126.864187,35.207232]}},{"type":"Feature","properties":{"id":"osm-w638499361","type":"night_activity","category":"restaurant","name":"김치찌개","source":"openstreetmap","nightTier":"unknown","nightScore":0.15,"confidence":0.3,"nightOpen22":false,"nightOpen00":false,"nightOpen02":false},"geometry":{"type":"Point","coordinates":[126.863909,35.207369]}},{"type":"Feature","properties":{"id":"osm-w638499365","type":"night_activity","category":"restaurant","name":"국선생","source":"openstreetmap","nightTier":"unknown","nightScore":0.15,"confidence":0.3,"nightOpen22":false,"nightOpen00":false,"nightOpen02":false},"geometry":{"type":"Point","coordinates":[126.86342,35.20746]}},{"type":"Feature","properties":{"id":"osm-w638499367","type":"night_activity","category":"restaurant","name":"마녀김밥","source":"openstreetmap","nightTier":"unknown","nightScore":0.15,"confidence":0.3,"nightOpen22":false,"nightOpen00":false,"nightOpen02":false},"geometry":{"type":"Point","coordinates":[126.863297,35.207461]}},{"type":"Feature","properties":{"id":"osm-w638499375","type":"night_activity","category":"restaurant","name":"행파","source":"openstreetmap","nightTier":"unknown","nightScore":0.15,"confidence":0.3,"nightOpen22":false,"nightOpen00":false,"nightOpen02":false},"geometry":{"type":"Point","coordinates":[126.862847,35.207445]}},{"type":"Feature","properties":{"id":"osm-w638499376","type":"night_activity","category":"restaurant","name":"수내닭꼬치","source":"openstreetmap","nightTier":"unknown","nightScore":0.15,"confidence":0.3,"nightOpen22":false,"nightOpen00":false,"nightOpen02":false},"geometry":{"type":"Point","coordinates":[126.8628,35.207446]}},{"type":"Feature","properties":{"id":"osm-w638499377","type":"night_activity","category":"restaurant","name":"고봉민김밥","source":"openstreetmap","nightTier":"unknown","nightScore":0.15,"confidence":0.3,"nightOpen22":false,"nightOpen00":false,"nightOpen02":false},"geometry":{"type":"Point","coordinates":[126.862755,35.207446]}},{"type":"Feature","properties":{"id":"osm-w638499381","type":"night_activity","category":"restaurant","name":"난타5000","source":"openstreetmap","nightTier":"unknown","nightScore":0.15,"confidence":0.3,"nightOpen22":false,"nightOpen00":false,"nightOpen02":false},"geometry":{"type":"Point","coordinates":[126.862464,35.207453]}},{"type":"Feature","properties":{"id":"osm-w638499383","type":"night_activity","category":"restaurant","name":"쫄쫄함곱창","source":"openstreetmap","nightTier":"unknown","nightScore":0.15,"confidence":0.3,"nightOpen22":false,"nightOpen00":false,"nightOpen02":false},"geometry":{"type":"Point","coordinates":[126.862458,35.207302]}},{"type":"Feature","properties":{"id":"osm-w638499384","type":"night_activity","category":"restaurant","name":"치르치킨","source":"openstreetmap","nightTier":"unknown","nightScore":0.15,"confidence":0.3,"nightOpen22":false,"nightOpen00":false,"nightOpen02":false},"geometry":{"type":"Point","coordinates":[126.862743,35.207301]}},{"type":"Feature","properties":{"id":"osm-w638499387","type":"night_activity","category":"restaurant","name":"화통삼","source":"openstreetmap","nightTier":"unknown","nightScore":0.15,"confidence":0.3,"nightOpen22":false,"nightOpen00":false,"nightOpen02":false},"geometry":{"type":"Point","coordinates":[126.862697,35.207078]}},{"type":"Feature","properties":{"id":"osm-w638499395","type":"night_activity","category":"restaurant","name":"돈탐라 제주","source":"openstreetmap","nightTier":"unknown","nightScore":0.15,"confidence":0.3,"nightOpen22":false,"nightOpen00":false,"nightOpen02":false},"geometry":{"type":"Point","coordinates":[126.86338,35.206919]}},{"type":"Feature","properties":{"id":"osm-w638499396","type":"night_activity","category":"restaurant","name":"3겹살 5돌뼈 92","source":"openstreetmap","nightTier":"unknown","nightScore":0.15,"confidence":0.3,"nightOpen22":false,"nightOpen00":false,"nightOpen02":false},"geometry":{"type":"Point","coordinates":[126.863516,35.20692]}},{"type":"Feature","properties":{"id":"osm-w638499398","type":"night_activity","category":"restaurant","name":"92대패삼겹 무한리필","source":"openstreetmap","nightTier":"unknown","nightScore":0.15,"confidence":0.3,"nightOpen22":false,"nightOpen00":false,"nightOpen02":false},"geometry":{"type":"Point","coordinates":[126.863658,35.206987]}},{"type":"Feature","properties":{"id":"osm-w638499399","type":"night_activity","category":"restaurant","name":"BBQ치킨","source":"openstreetmap","nightTier":"unknown","nightScore":0.15,"confidence":0.3,"nightOpen22":false,"nightOpen00":false,"nightOpen02":false},"geometry":{"type":"Point","coordinates":[126.863588,35.207262]}},{"type":"Feature","properties":{"id":"osm-w638499401","type":"night_activity","category":"hospital","name":"새하얀얼굴의원 피부과","source":"openstreetmap","nightTier":"unknown","nightScore":0.15,"confidence":0.3,"nightOpen22":false,"nightOpen00":false,"nightOpen02":false},"geometry":{"type":"Point","coordinates":[126.86419,35.207088]}},{"type":"Feature","properties":{"id":"osm-w638499402","type":"night_activity","category":"pharmacy","name":"새첨단약국","source":"openstreetmap","nightTier":"unknown","nightScore":0.15,"confidence":0.3,"nightOpen22":false,"nightOpen00":false,"nightOpen02":false},"geometry":{"type":"Point","coordinates":[126.864191,35.207016]}},{"type":"Feature","properties":{"id":"osm-w638499403","type":"night_activity","category":"cafe","name":"스타벅스","source":"openstreetmap","nightTier":"unknown","nightScore":0.15,"confidence":0.3,"nightOpen22":false,"nightOpen00":false,"nightOpen02":false},"geometry":{"type":"Point","coordinates":[126.864193,35.206941]}},{"type":"Feature","properties":{"id":"osm-w638499404","type":"night_activity","category":"hospital","name":"새나래병원","source":"openstreetmap","nightTier":"unknown","nightScore":0.15,"confidence":0.3,"nightOpen22":false,"nightOpen00":false,"nightOpen02":false},"geometry":{"type":"Point","coordinates":[126.864087,35.20701]}},{"type":"Feature","properties":{"id":"osm-w638520033","type":"night_activity","category":"convenience_store","name":"CU","source":"openstreetmap","nightTier":"unknown","nightScore":0.15,"confidence":0.3,"nightOpen22":false,"nightOpen00":false,"nightOpen02":false},"geometry":{"type":"Point","coordinates":[126.88027,35.211061]}},{"type":"Feature","properties":{"id":"osm-w638520034","type":"night_activity","category":"restaurant","name":"상무팥죽","source":"openstreetmap","nightTier":"unknown","nightScore":0.15,"confidence":0.3,"nightOpen22":false,"nightOpen00":false,"nightOpen02":false},"geometry":{"type":"Point","coordinates":[126.880896,35.210369]}},{"type":"Feature","properties":{"id":"osm-w638548122","type":"night_activity","category":"restaurant","name":"감자탕 가게","openingHours":"24/7","source":"openstreetmap","nightTier":"24h","nightScore":1,"confidence":0.9,"nightOpen22":true,"nightOpen00":true,"nightOpen02":true},"geometry":{"type":"Point","coordinates":[126.871496,35.197381]}},{"type":"Feature","properties":{"id":"osm-w638568419","type":"night_activity","category":"restaurant","name":"돈사돈","source":"openstreetmap","nightTier":"unknown","nightScore":0.15,"confidence":0.3,"nightOpen22":false,"nightOpen00":false,"nightOpen02":false},"geometry":{"type":"Point","coordinates":[126.879553,35.215348]}},{"type":"Feature","properties":{"id":"osm-w638668264","type":"night_activity","category":"cafe","name":"카페 745","openingHours":"Mo-Su 08:00-24:00","source":"openstreetmap","nightTier":"22","nightScore":0.5,"confidence":0.8,"nightOpen22":true,"nightOpen00":false,"nightOpen02":false},"geometry":{"type":"Point","coordinates":[126.878879,35.210713]}},{"type":"Feature","properties":{"id":"osm-w639107406","type":"night_activity","category":"cafe","name":"이디야커피","source":"openstreetmap","nightTier":"unknown","nightScore":0.15,"confidence":0.3,"nightOpen22":false,"nightOpen00":false,"nightOpen02":false},"geometry":{"type":"Point","coordinates":[126.88094,35.211397]}},{"type":"Feature","properties":{"id":"osm-w641872944","type":"night_activity","category":"cafe","name":"스타벅스","source":"openstreetmap","nightTier":"unknown","nightScore":0.15,"confidence":0.3,"nightOpen22":false,"nightOpen00":false,"nightOpen02":false},"geometry":{"type":"Point","coordinates":[126.898684,35.189808]}},{"type":"Feature","properties":{"id":"osm-w644917237","type":"night_activity","category":"restaurant","name":"김연수 해물나라","openingHours":"11:00-22:00","source":"openstreetmap","nightTier":"day","nightScore":0,"confidence":0.8,"nightOpen22":false,"nightOpen00":false,"nightOpen02":false},"geometry":{"type":"Point","coordinates":[126.895584,35.216038]}},{"type":"Feature","properties":{"id":"osm-w711986591","type":"night_activity","category":"cafe","name":"cafe","source":"openstreetmap","nightTier":"unknown","nightScore":0.15,"confidence":0.3,"nightOpen22":false,"nightOpen00":false,"nightOpen02":false},"geometry":{"type":"Point","coordinates":[126.922556,35.189228]}},{"type":"Feature","properties":{"id":"osm-w712044710","type":"night_activity","category":"convenience_store","name":"세븐일레븐","source":"openstreetmap","nightTier":"unknown","nightScore":0.15,"confidence":0.3,"nightOpen22":false,"nightOpen00":false,"nightOpen02":false},"geometry":{"type":"Point","coordinates":[126.925245,35.187945]}},{"type":"Feature","properties":{"id":"osm-w712044757","type":"night_activity","category":"convenience_store","name":"세븐일레븐","source":"openstreetmap","nightTier":"unknown","nightScore":0.15,"confidence":0.3,"nightOpen22":false,"nightOpen00":false,"nightOpen02":false},"geometry":{"type":"Point","coordinates":[126.926085,35.189079]}},{"type":"Feature","properties":{"id":"osm-w712044758","type":"night_activity","category":"convenience_store","name":"푸르젠 마트","source":"openstreetmap","nightTier":"unknown","nightScore":0.15,"confidence":0.3,"nightOpen22":false,"nightOpen00":false,"nightOpen02":false},"geometry":{"type":"Point","coordinates":[126.926302,35.189329]}},{"type":"Feature","properties":{"id":"osm-w712044760","type":"night_activity","category":"convenience_store","name":"세븐일레븐","source":"openstreetmap","nightTier":"unknown","nightScore":0.15,"confidence":0.3,"nightOpen22":false,"nightOpen00":false,"nightOpen02":false},"geometry":{"type":"Point","coordinates":[126.920881,35.186986]}},{"type":"Feature","properties":{"id":"osm-w712044764","type":"night_activity","category":"convenience_store","name":"세븐일레븐","source":"openstreetmap","nightTier":"unknown","nightScore":0.15,"confidence":0.3,"nightOpen22":false,"nightOpen00":false,"nightOpen02":false},"geometry":{"type":"Point","coordinates":[126.918645,35.185526]}},{"type":"Feature","properties":{"id":"osm-w712169931","type":"night_activity","category":"convenience_store","name":"GS25","source":"openstreetmap","nightTier":"unknown","nightScore":0.15,"confidence":0.3,"nightOpen22":false,"nightOpen00":false,"nightOpen02":false},"geometry":{"type":"Point","coordinates":[126.918614,35.184814]}},{"type":"Feature","properties":{"id":"osm-w712169944","type":"night_activity","category":"restaurant","name":"석암돌솥비빔밥","source":"openstreetmap","nightTier":"unknown","nightScore":0.15,"confidence":0.3,"nightOpen22":false,"nightOpen00":false,"nightOpen02":false},"geometry":{"type":"Point","coordinates":[126.92047,35.187195]}},{"type":"Feature","properties":{"id":"osm-w712171424","type":"night_activity","category":"restaurant","name":"치킨퐁","source":"openstreetmap","nightTier":"unknown","nightScore":0.15,"confidence":0.3,"nightOpen22":false,"nightOpen00":false,"nightOpen02":false},"geometry":{"type":"Point","coordinates":[126.919846,35.185679]}},{"type":"Feature","properties":{"id":"osm-w714789754","type":"night_activity","category":"hospital","name":"광주동림병원","source":"openstreetmap","nightTier":"unknown","nightScore":0.15,"confidence":0.3,"nightOpen22":false,"nightOpen00":false,"nightOpen02":false},"geometry":{"type":"Point","coordinates":[126.867607,35.171531]}},{"type":"Feature","properties":{"id":"osm-w715039385","type":"night_activity","category":"supermarket","name":"서광주농협하나로마트 동림점","source":"openstreetmap","nightTier":"unknown","nightScore":0.15,"confidence":0.3,"nightOpen22":false,"nightOpen00":false,"nightOpen02":false},"geometry":{"type":"Point","coordinates":[126.864621,35.174973]}},{"type":"Feature","properties":{"id":"osm-w715790326","type":"night_activity","category":"cafe","name":"아브릴","source":"openstreetmap","nightTier":"unknown","nightScore":0.15,"confidence":0.3,"nightOpen22":false,"nightOpen00":false,"nightOpen02":false},"geometry":{"type":"Point","coordinates":[126.870183,35.166678]}},{"type":"Feature","properties":{"id":"osm-w721126014","type":"night_activity","category":"cafe","name":"달콤한커피공장","source":"openstreetmap","nightTier":"unknown","nightScore":0.15,"confidence":0.3,"nightOpen22":false,"nightOpen00":false,"nightOpen02":false},"geometry":{"type":"Point","coordinates":[126.875857,35.168898]}},{"type":"Feature","properties":{"id":"osm-w723933119","type":"night_activity","category":"pharmacy","name":"pharmacy","source":"openstreetmap","nightTier":"unknown","nightScore":0.15,"confidence":0.3,"nightOpen22":false,"nightOpen00":false,"nightOpen02":false},"geometry":{"type":"Point","coordinates":[126.930885,35.127983]}},{"type":"Feature","properties":{"id":"osm-w730419507","type":"night_activity","category":"restaurant","name":"골드클래스뷔페","source":"openstreetmap","nightTier":"unknown","nightScore":0.15,"confidence":0.3,"nightOpen22":false,"nightOpen00":false,"nightOpen02":false},"geometry":{"type":"Point","coordinates":[126.933665,35.129104]}},{"type":"Feature","properties":{"id":"osm-w769365692","type":"night_activity","category":"supermarket","name":"에브리365마트","source":"openstreetmap","nightTier":"unknown","nightScore":0.15,"confidence":0.3,"nightOpen22":false,"nightOpen00":false,"nightOpen02":false},"geometry":{"type":"Point","coordinates":[126.890427,35.19003]}},{"type":"Feature","properties":{"id":"osm-w842300011","type":"night_activity","category":"cafe","name":"스타벅스","source":"openstreetmap","nightTier":"unknown","nightScore":0.15,"confidence":0.3,"nightOpen22":false,"nightOpen00":false,"nightOpen02":false},"geometry":{"type":"Point","coordinates":[126.898117,35.134123]}},{"type":"Feature","properties":{"id":"osm-w863314660","type":"night_activity","category":"restaurant","name":"봉선골 오리의집","source":"openstreetmap","nightTier":"unknown","nightScore":0.15,"confidence":0.3,"nightOpen22":false,"nightOpen00":false,"nightOpen02":false},"geometry":{"type":"Point","coordinates":[126.907063,35.118769]}},{"type":"Feature","properties":{"id":"osm-w863467845","type":"night_activity","category":"supermarket","name":"이마트24","source":"openstreetmap","nightTier":"unknown","nightScore":0.15,"confidence":0.3,"nightOpen22":false,"nightOpen00":false,"nightOpen02":false},"geometry":{"type":"Point","coordinates":[126.908496,35.123764]}},{"type":"Feature","properties":{"id":"osm-w890984303","type":"night_activity","category":"restaurant","name":"진스가든","source":"openstreetmap","nightTier":"unknown","nightScore":0.15,"confidence":0.3,"nightOpen22":false,"nightOpen00":false,"nightOpen02":false},"geometry":{"type":"Point","coordinates":[126.895775,35.111003]}},{"type":"Feature","properties":{"id":"osm-w893655220","type":"night_activity","category":"cafe","name":"cafe","source":"openstreetmap","nightTier":"unknown","nightScore":0.15,"confidence":0.3,"nightOpen22":false,"nightOpen00":false,"nightOpen02":false},"geometry":{"type":"Point","coordinates":[126.866744,35.101989]}},{"type":"Feature","properties":{"id":"osm-w893655247","type":"night_activity","category":"restaurant","name":"restaurant","source":"openstreetmap","nightTier":"unknown","nightScore":0.15,"confidence":0.3,"nightOpen22":false,"nightOpen00":false,"nightOpen02":false},"geometry":{"type":"Point","coordinates":[126.866679,35.112268]}},{"type":"Feature","properties":{"id":"osm-w917364142","type":"night_activity","category":"supermarket","name":"슈퍼마트문흥점","source":"openstreetmap","nightTier":"unknown","nightScore":0.15,"confidence":0.3,"nightOpen22":false,"nightOpen00":false,"nightOpen02":false},"geometry":{"type":"Point","coordinates":[126.922291,35.184924]}},{"type":"Feature","properties":{"id":"osm-w942005246","type":"night_activity","category":"cafe","name":"스타벅스","source":"openstreetmap","nightTier":"unknown","nightScore":0.15,"confidence":0.3,"nightOpen22":false,"nightOpen00":false,"nightOpen02":false},"geometry":{"type":"Point","coordinates":[126.899082,35.187482]}},{"type":"Feature","properties":{"id":"osm-w956361741","type":"night_activity","category":"convenience_store","name":"CU","source":"openstreetmap","nightTier":"unknown","nightScore":0.15,"confidence":0.3,"nightOpen22":false,"nightOpen00":false,"nightOpen02":false},"geometry":{"type":"Point","coordinates":[126.868903,35.201693]}},{"type":"Feature","properties":{"id":"osm-w1025422881","type":"night_activity","category":"supermarket","name":"E-Mart","openingHours":"Mo-Su 10:00-23:00","source":"openstreetmap","nightTier":"22","nightScore":0.5,"confidence":0.8,"nightOpen22":true,"nightOpen00":false,"nightOpen02":false},"geometry":{"type":"Point","coordinates":[126.882114,35.1588]}},{"type":"Feature","properties":{"id":"osm-w1031918123","type":"night_activity","category":"cafe","name":"로지에","source":"openstreetmap","nightTier":"unknown","nightScore":0.15,"confidence":0.3,"nightOpen22":false,"nightOpen00":false,"nightOpen02":false},"geometry":{"type":"Point","coordinates":[126.864746,35.166952]}},{"type":"Feature","properties":{"id":"osm-w1090210505","type":"night_activity","category":"restaurant","name":"5.18역사공원","source":"openstreetmap","nightTier":"unknown","nightScore":0.15,"confidence":0.3,"nightOpen22":false,"nightOpen00":false,"nightOpen02":false},"geometry":{"type":"Point","coordinates":[126.865655,35.14975]}},{"type":"Feature","properties":{"id":"osm-w1094213807","type":"night_activity","category":"cafe","name":"스타벅스","source":"openstreetmap","nightTier":"unknown","nightScore":0.15,"confidence":0.3,"nightOpen22":false,"nightOpen00":false,"nightOpen02":false},"geometry":{"type":"Point","coordinates":[126.866524,35.197528]}},{"type":"Feature","properties":{"id":"osm-w1095528011","type":"night_activity","category":"hospital","name":"첨단선병원","source":"openstreetmap","nightTier":"unknown","nightScore":0.15,"confidence":0.3,"nightOpen22":false,"nightOpen00":false,"nightOpen02":false},"geometry":{"type":"Point","coordinates":[126.863054,35.200233]}},{"type":"Feature","properties":{"id":"osm-w1101851670","type":"night_activity","category":"supermarket","name":"롯데슈퍼","source":"openstreetmap","nightTier":"unknown","nightScore":0.15,"confidence":0.3,"nightOpen22":false,"nightOpen00":false,"nightOpen02":false},"geometry":{"type":"Point","coordinates":[126.871874,35.197451]}},{"type":"Feature","properties":{"id":"osm-w1103122122","type":"night_activity","category":"supermarket","name":"SM마트","source":"openstreetmap","nightTier":"unknown","nightScore":0.15,"confidence":0.3,"nightOpen22":false,"nightOpen00":false,"nightOpen02":false},"geometry":{"type":"Point","coordinates":[126.871808,35.213873]}},{"type":"Feature","properties":{"id":"osm-w1112235336","type":"night_activity","category":"restaurant","name":"등촌 효천본점","source":"openstreetmap","nightTier":"unknown","nightScore":0.15,"confidence":0.3,"nightOpen22":false,"nightOpen00":false,"nightOpen02":false},"geometry":{"type":"Point","coordinates":[126.892014,35.102713]}},{"type":"Feature","properties":{"id":"osm-w1133080174","type":"night_activity","category":"restaurant","name":"착한중식당","source":"openstreetmap","nightTier":"unknown","nightScore":0.15,"confidence":0.3,"nightOpen22":false,"nightOpen00":false,"nightOpen02":false},"geometry":{"type":"Point","coordinates":[126.913164,35.174071]}},{"type":"Feature","properties":{"id":"osm-w1133095836","type":"night_activity","category":"restaurant","name":"태홍회관","source":"openstreetmap","nightTier":"unknown","nightScore":0.15,"confidence":0.3,"nightOpen22":false,"nightOpen00":false,"nightOpen02":false},"geometry":{"type":"Point","coordinates":[126.913509,35.173868]}},{"type":"Feature","properties":{"id":"osm-w1134687360","type":"night_activity","category":"cafe","name":"커피스미스","source":"openstreetmap","nightTier":"unknown","nightScore":0.15,"confidence":0.3,"nightOpen22":false,"nightOpen00":false,"nightOpen02":false},"geometry":{"type":"Point","coordinates":[126.91448,35.174949]}},{"type":"Feature","properties":{"id":"osm-w1135443565","type":"night_activity","category":"cafe","name":"더스누즈버튼","openingHours":"Mo-Su 11:00-22:30","source":"openstreetmap","nightTier":"22","nightScore":0.5,"confidence":0.8,"nightOpen22":true,"nightOpen00":false,"nightOpen02":false},"geometry":{"type":"Point","coordinates":[126.914645,35.174018]}},{"type":"Feature","properties":{"id":"osm-w1135443581","type":"night_activity","category":"cafe","name":"다이브 인 커피","openingHours":"Mo-Su 12:00-23:30","source":"openstreetmap","nightTier":"22","nightScore":0.5,"confidence":0.8,"nightOpen22":true,"nightOpen00":false,"nightOpen02":false},"geometry":{"type":"Point","coordinates":[126.915212,35.173915]}},{"type":"Feature","properties":{"id":"osm-w1135912922","type":"night_activity","category":"cafe","name":"스타벅스","source":"openstreetmap","nightTier":"unknown","nightScore":0.15,"confidence":0.3,"nightOpen22":false,"nightOpen00":false,"nightOpen02":false},"geometry":{"type":"Point","coordinates":[126.914431,35.174802]}},{"type":"Feature","properties":{"id":"osm-w1135916476","type":"night_activity","category":"cafe","name":"카페아빌라","openingHours":"Mo-Su 09:30-22:00","source":"openstreetmap","nightTier":"day","nightScore":0,"confidence":0.8,"nightOpen22":false,"nightOpen00":false,"nightOpen02":false},"geometry":{"type":"Point","coordinates":[126.915303,35.174879]}},{"type":"Feature","properties":{"id":"osm-w1135978823","type":"night_activity","category":"convenience_store","name":"세븐일레븐","openingHours":"24/7","source":"openstreetmap","nightTier":"24h","nightScore":1,"confidence":0.9,"nightOpen22":true,"nightOpen00":true,"nightOpen02":true},"geometry":{"type":"Point","coordinates":[126.915549,35.173687]}},{"type":"Feature","properties":{"id":"osm-w1136405745","type":"night_activity","category":"cafe","name":"카페온리","source":"openstreetmap","nightTier":"unknown","nightScore":0.15,"confidence":0.3,"nightOpen22":false,"nightOpen00":false,"nightOpen02":false},"geometry":{"type":"Point","coordinates":[126.915784,35.174853]}},{"type":"Feature","properties":{"id":"osm-w1136405749","type":"night_activity","category":"restaurant","name":"동대문엽기떡볶이","openingHours":"Mo-Su 11:00-22:00","source":"openstreetmap","nightTier":"day","nightScore":0,"confidence":0.8,"nightOpen22":false,"nightOpen00":false,"nightOpen02":false},"geometry":{"type":"Point","coordinates":[126.916337,35.174958]}},{"type":"Feature","properties":{"id":"osm-w1137214861","type":"night_activity","category":"cafe","name":"Hollys","openingHours":"Mo-Su 10:00-22:00","source":"openstreetmap","nightTier":"day","nightScore":0,"confidence":0.8,"nightOpen22":false,"nightOpen00":false,"nightOpen02":false},"geometry":{"type":"Point","coordinates":[126.912769,35.175428]}},{"type":"Feature","properties":{"id":"osm-w1146513696","type":"night_activity","category":"supermarket","name":"다원식자재마트","openingHours":"24/7","source":"openstreetmap","nightTier":"24h","nightScore":1,"confidence":0.9,"nightOpen22":true,"nightOpen00":true,"nightOpen02":true},"geometry":{"type":"Point","coordinates":[126.916049,35.175258]}},{"type":"Feature","properties":{"id":"osm-w1151215326","type":"night_activity","category":"restaurant","name":"로니로티","openingHours":"Mo-Su 11:30-15:00,16:30-21:50","source":"openstreetmap","nightTier":"day","nightScore":0,"confidence":0.8,"nightOpen22":false,"nightOpen00":false,"nightOpen02":false},"geometry":{"type":"Point","coordinates":[126.914232,35.17575]}},{"type":"Feature","properties":{"id":"osm-w1151215327","type":"night_activity","category":"cafe","name":"커피샘터","source":"openstreetmap","nightTier":"unknown","nightScore":0.15,"confidence":0.3,"nightOpen22":false,"nightOpen00":false,"nightOpen02":false},"geometry":{"type":"Point","coordinates":[126.914079,35.175955]}},{"type":"Feature","properties":{"id":"osm-w1151215332","type":"night_activity","category":"restaurant","name":"차이나궁","openingHours":"Mo-Su 00:00-02:00,11:30-24:00","source":"openstreetmap","nightTier":"00","nightScore":0.75,"confidence":0.8,"nightOpen22":true,"nightOpen00":true,"nightOpen02":false},"geometry":{"type":"Point","coordinates":[126.91423,35.175975]}},{"type":"Feature","properties":{"id":"osm-w1159815691","type":"night_activity","category":"supermarket","name":"다담식자재마트 화정점","source":"openstreetmap","nightTier":"unknown","nightScore":0.15,"confidence":0.3,"nightOpen22":false,"nightOpen00":false,"nightOpen02":false},"geometry":{"type":"Point","coordinates":[126.884359,35.142273]}},{"type":"Feature","properties":{"id":"osm-w1162304314","type":"night_activity","category":"supermarket","name":"롯데슈퍼","openingHours":"Mo-Su 09:00-23:00","source":"openstreetmap","nightTier":"22","nightScore":0.5,"confidence":0.8,"nightOpen22":true,"nightOpen00":false,"nightOpen02":false},"geometry":{"type":"Point","coordinates":[126.879103,35.127206]}},{"type":"Feature","properties":{"id":"osm-w1162374540","type":"night_activity","category":"cafe","name":"풀덤","openingHours":"Mo-Th 00:00-07:00,09:00-24:00; Fr 00:00-07:00,09:00-21:00; Sa 09:00-21:00; Su 09:00-24:00","source":"openstreetmap","nightTier":"02","nightScore":0.9,"confidence":0.8,"nightOpen22":true,"nightOpen00":true,"nightOpen02":true},"geometry":{"type":"Point","coordinates":[126.913555,35.176104]}},{"type":"Feature","properties":{"id":"osm-w1162374543","type":"night_activity","category":"cafe","name":"토시코시커피","openingHours":"Mo-Sa 12:00-20:00","source":"openstreetmap","nightTier":"day","nightScore":0,"confidence":0.8,"nightOpen22":false,"nightOpen00":false,"nightOpen02":false},"geometry":{"type":"Point","coordinates":[126.913482,35.176284]}},{"type":"Feature","properties":{"id":"osm-w1163398310","type":"night_activity","category":"supermarket","name":"아람식자재마트","source":"openstreetmap","nightTier":"unknown","nightScore":0.15,"confidence":0.3,"nightOpen22":false,"nightOpen00":false,"nightOpen02":false},"geometry":{"type":"Point","coordinates":[126.899274,35.192336]}},{"type":"Feature","properties":{"id":"osm-w1164659412","type":"night_activity","category":"hospital","name":"원광대학교 광주 한방병원","source":"openstreetmap","nightTier":"unknown","nightScore":0.15,"confidence":0.3,"nightOpen22":false,"nightOpen00":false,"nightOpen02":false},"geometry":{"type":"Point","coordinates":[126.888245,35.128474]}},{"type":"Feature","properties":{"id":"osm-w1164659812","type":"night_activity","category":"hospital","name":"에스웰요양병원","source":"openstreetmap","nightTier":"unknown","nightScore":0.15,"confidence":0.3,"nightOpen22":false,"nightOpen00":false,"nightOpen02":false},"geometry":{"type":"Point","coordinates":[126.890794,35.131391]}},{"type":"Feature","properties":{"id":"osm-w1184826781","type":"night_activity","category":"hospital","name":"광주희망병원","source":"openstreetmap","nightTier":"unknown","nightScore":0.15,"confidence":0.3,"nightOpen22":false,"nightOpen00":false,"nightOpen02":false},"geometry":{"type":"Point","coordinates":[126.930852,35.121702]}},{"type":"Feature","properties":{"id":"osm-w1189573868","type":"night_activity","category":"pharmacy","name":"용봉금호약국","source":"openstreetmap","nightTier":"unknown","nightScore":0.15,"confidence":0.3,"nightOpen22":false,"nightOpen00":false,"nightOpen02":false},"geometry":{"type":"Point","coordinates":[126.897851,35.185394]}},{"type":"Feature","properties":{"id":"osm-w1190126624","type":"night_activity","category":"cafe","name":"스타벅스","source":"openstreetmap","nightTier":"unknown","nightScore":0.15,"confidence":0.3,"nightOpen22":false,"nightOpen00":false,"nightOpen02":false},"geometry":{"type":"Point","coordinates":[126.890845,35.145612]}},{"type":"Feature","properties":{"id":"osm-w1190126625","type":"night_activity","category":"fast_food","name":"맥도날드","source":"openstreetmap","nightTier":"unknown","nightScore":0.15,"confidence":0.3,"nightOpen22":false,"nightOpen00":false,"nightOpen02":false},"geometry":{"type":"Point","coordinates":[126.889739,35.145881]}},{"type":"Feature","properties":{"id":"osm-w1196916670","type":"night_activity","category":"restaurant","name":"문정휴게소","source":"openstreetmap","nightTier":"unknown","nightScore":0.15,"confidence":0.3,"nightOpen22":false,"nightOpen00":false,"nightOpen02":false},"geometry":{"type":"Point","coordinates":[126.979728,35.161959]}},{"type":"Feature","properties":{"id":"osm-w1198086518","type":"night_activity","category":"fast_food","name":"맥도날드","source":"openstreetmap","nightTier":"unknown","nightScore":0.15,"confidence":0.3,"nightOpen22":false,"nightOpen00":false,"nightOpen02":false},"geometry":{"type":"Point","coordinates":[126.898221,35.185153]}},{"type":"Feature","properties":{"id":"osm-w1219551924","type":"night_activity","category":"hospital","name":"해피뷰병원","source":"openstreetmap","nightTier":"unknown","nightScore":0.15,"confidence":0.3,"nightOpen22":false,"nightOpen00":false,"nightOpen02":false},"geometry":{"type":"Point","coordinates":[126.906668,35.158652]}},{"type":"Feature","properties":{"id":"osm-w1230281253","type":"night_activity","category":"restaurant","name":"황솔촌","source":"openstreetmap","nightTier":"unknown","nightScore":0.15,"confidence":0.3,"nightOpen22":false,"nightOpen00":false,"nightOpen02":false},"geometry":{"type":"Point","coordinates":[126.914039,35.147256]}},{"type":"Feature","properties":{"id":"osm-w1231317942","type":"night_activity","category":"convenience_store","name":"만물슈퍼","source":"openstreetmap","nightTier":"unknown","nightScore":0.15,"confidence":0.3,"nightOpen22":false,"nightOpen00":false,"nightOpen02":false},"geometry":{"type":"Point","coordinates":[126.989518,35.143681]}},{"type":"Feature","properties":{"id":"osm-w1231317944","type":"night_activity","category":"restaurant","name":"삼학식당","source":"openstreetmap","nightTier":"unknown","nightScore":0.15,"confidence":0.3,"nightOpen22":false,"nightOpen00":false,"nightOpen02":false},"geometry":{"type":"Point","coordinates":[126.990371,35.143158]}},{"type":"Feature","properties":{"id":"osm-w1231317945","type":"night_activity","category":"convenience_store","name":"광원슈퍼","source":"openstreetmap","nightTier":"unknown","nightScore":0.15,"confidence":0.3,"nightOpen22":false,"nightOpen00":false,"nightOpen02":false},"geometry":{"type":"Point","coordinates":[126.990761,35.142928]}},{"type":"Feature","properties":{"id":"osm-w1231317946","type":"night_activity","category":"restaurant","name":"송원산장","source":"openstreetmap","nightTier":"unknown","nightScore":0.15,"confidence":0.3,"nightOpen22":false,"nightOpen00":false,"nightOpen02":false},"geometry":{"type":"Point","coordinates":[126.989756,35.143455]}},{"type":"Feature","properties":{"id":"osm-w1232583638","type":"night_activity","category":"restaurant","name":"너와나목장","source":"openstreetmap","nightTier":"unknown","nightScore":0.15,"confidence":0.3,"nightOpen22":false,"nightOpen00":false,"nightOpen02":false},"geometry":{"type":"Point","coordinates":[126.992493,35.104786]}},{"type":"Feature","properties":{"id":"osm-w1232609230","type":"night_activity","category":"restaurant","name":"예향식당","source":"openstreetmap","nightTier":"unknown","nightScore":0.15,"confidence":0.3,"nightOpen22":false,"nightOpen00":false,"nightOpen02":false},"geometry":{"type":"Point","coordinates":[126.912653,35.147457]}},{"type":"Feature","properties":{"id":"osm-w1236241397","type":"night_activity","category":"restaurant","name":"전북식당","source":"openstreetmap","nightTier":"unknown","nightScore":0.15,"confidence":0.3,"nightOpen22":false,"nightOpen00":false,"nightOpen02":false},"geometry":{"type":"Point","coordinates":[126.955438,35.133259]}},{"type":"Feature","properties":{"id":"osm-w1241880499","type":"night_activity","category":"cafe","name":"첫새벽","source":"openstreetmap","nightTier":"unknown","nightScore":0.15,"confidence":0.3,"nightOpen22":false,"nightOpen00":false,"nightOpen02":false},"geometry":{"type":"Point","coordinates":[126.986384,35.145958]}},{"type":"Feature","properties":{"id":"osm-w1310774462","type":"night_activity","category":"supermarket","name":"한마음슈퍼","source":"openstreetmap","nightTier":"unknown","nightScore":0.15,"confidence":0.3,"nightOpen22":false,"nightOpen00":false,"nightOpen02":false},"geometry":{"type":"Point","coordinates":[126.893834,35.139789]}},{"type":"Feature","properties":{"id":"osm-w1318029116","type":"night_activity","category":"convenience_store","name":"GS25","source":"openstreetmap","nightTier":"unknown","nightScore":0.15,"confidence":0.3,"nightOpen22":false,"nightOpen00":false,"nightOpen02":false},"geometry":{"type":"Point","coordinates":[126.932038,35.182515]}},{"type":"Feature","properties":{"id":"osm-w1318029117","type":"night_activity","category":"cafe","name":"망티커피","source":"openstreetmap","nightTier":"unknown","nightScore":0.15,"confidence":0.3,"nightOpen22":false,"nightOpen00":false,"nightOpen02":false},"geometry":{"type":"Point","coordinates":[126.931806,35.182155]}},{"type":"Feature","properties":{"id":"osm-w1318033256","type":"night_activity","category":"convenience_store","name":"GS25","source":"openstreetmap","nightTier":"unknown","nightScore":0.15,"confidence":0.3,"nightOpen22":false,"nightOpen00":false,"nightOpen02":false},"geometry":{"type":"Point","coordinates":[126.937276,35.180634]}},{"type":"Feature","properties":{"id":"osm-w1318033257","type":"night_activity","category":"restaurant","name":"녹돈집","source":"openstreetmap","nightTier":"unknown","nightScore":0.15,"confidence":0.3,"nightOpen22":false,"nightOpen00":false,"nightOpen02":false},"geometry":{"type":"Point","coordinates":[126.936858,35.180819]}},{"type":"Feature","properties":{"id":"osm-w1318033258","type":"night_activity","category":"pharmacy","name":"이엘약국","source":"openstreetmap","nightTier":"unknown","nightScore":0.15,"confidence":0.3,"nightOpen22":false,"nightOpen00":false,"nightOpen02":false},"geometry":{"type":"Point","coordinates":[126.932054,35.183246]}},{"type":"Feature","properties":{"id":"osm-w1318033259","type":"night_activity","category":"supermarket","name":"와이식자제마트","source":"openstreetmap","nightTier":"unknown","nightScore":0.15,"confidence":0.3,"nightOpen22":false,"nightOpen00":false,"nightOpen02":false},"geometry":{"type":"Point","coordinates":[126.932273,35.18364]}},{"type":"Feature","properties":{"id":"osm-w1318033260","type":"night_activity","category":"restaurant","name":"찬미돼지","source":"openstreetmap","nightTier":"unknown","nightScore":0.15,"confidence":0.3,"nightOpen22":false,"nightOpen00":false,"nightOpen02":false},"geometry":{"type":"Point","coordinates":[126.931437,35.182655]}},{"type":"Feature","properties":{"id":"osm-w1318033261","type":"night_activity","category":"fast_food","name":"잇샌드","source":"openstreetmap","nightTier":"unknown","nightScore":0.15,"confidence":0.3,"nightOpen22":false,"nightOpen00":false,"nightOpen02":false},"geometry":{"type":"Point","coordinates":[126.931955,35.183292]}},{"type":"Feature","properties":{"id":"osm-w1318033262","type":"night_activity","category":"cafe","name":"메가MGC커피","source":"openstreetmap","nightTier":"unknown","nightScore":0.15,"confidence":0.3,"nightOpen22":false,"nightOpen00":false,"nightOpen02":false},"geometry":{"type":"Point","coordinates":[126.93192,35.184642]}},{"type":"Feature","properties":{"id":"osm-w1318033264","type":"night_activity","category":"cafe","name":"컴포즈커피","source":"openstreetmap","nightTier":"unknown","nightScore":0.15,"confidence":0.3,"nightOpen22":false,"nightOpen00":false,"nightOpen02":false},"geometry":{"type":"Point","coordinates":[126.931109,35.184559]}},{"type":"Feature","properties":{"id":"osm-w1318033265","type":"night_activity","category":"restaurant","name":"킹콩 부대찌개","source":"openstreetmap","nightTier":"unknown","nightScore":0.15,"confidence":0.3,"nightOpen22":false,"nightOpen00":false,"nightOpen02":false},"geometry":{"type":"Point","coordinates":[126.932431,35.181924]}},{"type":"Feature","properties":{"id":"osm-w1318033266","type":"night_activity","category":"restaurant","name":"진양수산","source":"openstreetmap","nightTier":"unknown","nightScore":0.15,"confidence":0.3,"nightOpen22":false,"nightOpen00":false,"nightOpen02":false},"geometry":{"type":"Point","coordinates":[126.936285,35.183229]}},{"type":"Feature","properties":{"id":"osm-w1318033267","type":"night_activity","category":"cafe","name":"레스트 카페","source":"openstreetmap","nightTier":"unknown","nightScore":0.15,"confidence":0.3,"nightOpen22":false,"nightOpen00":false,"nightOpen02":false},"geometry":{"type":"Point","coordinates":[126.935429,35.181366]}},{"type":"Feature","properties":{"id":"osm-w1318033268","type":"night_activity","category":"convenience_store","name":"CU","source":"openstreetmap","nightTier":"unknown","nightScore":0.15,"confidence":0.3,"nightOpen22":false,"nightOpen00":false,"nightOpen02":false},"geometry":{"type":"Point","coordinates":[126.935196,35.17978]}},{"type":"Feature","properties":{"id":"osm-w1318033269","type":"night_activity","category":"pharmacy","name":"건강약국","source":"openstreetmap","nightTier":"unknown","nightScore":0.15,"confidence":0.3,"nightOpen22":false,"nightOpen00":false,"nightOpen02":false},"geometry":{"type":"Point","coordinates":[126.935011,35.179776]}},{"type":"Feature","properties":{"id":"osm-w1318033271","type":"night_activity","category":"cafe","name":"드디어 커피","source":"openstreetmap","nightTier":"unknown","nightScore":0.15,"confidence":0.3,"nightOpen22":false,"nightOpen00":false,"nightOpen02":false},"geometry":{"type":"Point","coordinates":[126.933927,35.182207]}},{"type":"Feature","properties":{"id":"osm-w1318040113","type":"night_activity","category":"cafe","name":"이디야커피","source":"openstreetmap","nightTier":"unknown","nightScore":0.15,"confidence":0.3,"nightOpen22":false,"nightOpen00":false,"nightOpen02":false},"geometry":{"type":"Point","coordinates":[126.929637,35.178358]}},{"type":"Feature","properties":{"id":"osm-w1318040115","type":"night_activity","category":"restaurant","name":"천하수산","source":"openstreetmap","nightTier":"unknown","nightScore":0.15,"confidence":0.3,"nightOpen22":false,"nightOpen00":false,"nightOpen02":false},"geometry":{"type":"Point","coordinates":[126.936876,35.182798]}},{"type":"Feature","properties":{"id":"osm-w1318040116","type":"night_activity","category":"restaurant","name":"동은수산","source":"openstreetmap","nightTier":"unknown","nightScore":0.15,"confidence":0.3,"nightOpen22":false,"nightOpen00":false,"nightOpen02":false},"geometry":{"type":"Point","coordinates":[126.937108,35.183479]}},{"type":"Feature","properties":{"id":"osm-w1318040117","type":"night_activity","category":"restaurant","name":"아바","source":"openstreetmap","nightTier":"unknown","nightScore":0.15,"confidence":0.3,"nightOpen22":false,"nightOpen00":false,"nightOpen02":false},"geometry":{"type":"Point","coordinates":[126.932024,35.183418]}},{"type":"Feature","properties":{"id":"osm-w1318040118","type":"night_activity","category":"cafe","name":"투썸플레이스","source":"openstreetmap","nightTier":"unknown","nightScore":0.15,"confidence":0.3,"nightOpen22":false,"nightOpen00":false,"nightOpen02":false},"geometry":{"type":"Point","coordinates":[126.930609,35.180989]}},{"type":"Feature","properties":{"id":"osm-w1318040119","type":"night_activity","category":"restaurant","name":"마카도스시","source":"openstreetmap","nightTier":"unknown","nightScore":0.15,"confidence":0.3,"nightOpen22":false,"nightOpen00":false,"nightOpen02":false},"geometry":{"type":"Point","coordinates":[126.930779,35.181302]}},{"type":"Feature","properties":{"id":"osm-w1318040120","type":"night_activity","category":"restaurant","name":"산수옥모밀","source":"openstreetmap","nightTier":"unknown","nightScore":0.15,"confidence":0.3,"nightOpen22":false,"nightOpen00":false,"nightOpen02":false},"geometry":{"type":"Point","coordinates":[126.930983,35.180275]}},{"type":"Feature","properties":{"id":"osm-w1318040121","type":"night_activity","category":"cafe","name":"감성커피","source":"openstreetmap","nightTier":"unknown","nightScore":0.15,"confidence":0.3,"nightOpen22":false,"nightOpen00":false,"nightOpen02":false},"geometry":{"type":"Point","coordinates":[126.930795,35.180346]}},{"type":"Feature","properties":{"id":"osm-w1318040123","type":"night_activity","category":"convenience_store","name":"GS25","source":"openstreetmap","nightTier":"unknown","nightScore":0.15,"confidence":0.3,"nightOpen22":false,"nightOpen00":false,"nightOpen02":false},"geometry":{"type":"Point","coordinates":[126.931585,35.18012]}},{"type":"Feature","properties":{"id":"osm-w1318040125","type":"night_activity","category":"restaurant","name":"하이베트남","source":"openstreetmap","nightTier":"unknown","nightScore":0.15,"confidence":0.3,"nightOpen22":false,"nightOpen00":false,"nightOpen02":false},"geometry":{"type":"Point","coordinates":[126.932427,35.179883]}},{"type":"Feature","properties":{"id":"osm-w1318040126","type":"night_activity","category":"supermarket","name":"더줌마트","source":"openstreetmap","nightTier":"unknown","nightScore":0.15,"confidence":0.3,"nightOpen22":false,"nightOpen00":false,"nightOpen02":false},"geometry":{"type":"Point","coordinates":[126.933067,35.180026]}},{"type":"Feature","properties":{"id":"osm-w1318040134","type":"night_activity","category":"cafe","name":"메가MGC커피","source":"openstreetmap","nightTier":"unknown","nightScore":0.15,"confidence":0.3,"nightOpen22":false,"nightOpen00":false,"nightOpen02":false},"geometry":{"type":"Point","coordinates":[126.93579,35.179034]}},{"type":"Feature","properties":{"id":"osm-w1318040136","type":"night_activity","category":"supermarket","name":"365마트","source":"openstreetmap","nightTier":"unknown","nightScore":0.15,"confidence":0.3,"nightOpen22":false,"nightOpen00":false,"nightOpen02":false},"geometry":{"type":"Point","coordinates":[126.936125,35.179339]}},{"type":"Feature","properties":{"id":"osm-w1318040137","type":"night_activity","category":"cafe","name":"컴포즈커피","source":"openstreetmap","nightTier":"unknown","nightScore":0.15,"confidence":0.3,"nightOpen22":false,"nightOpen00":false,"nightOpen02":false},"geometry":{"type":"Point","coordinates":[126.936424,35.178941]}},{"type":"Feature","properties":{"id":"osm-w1320122644","type":"night_activity","category":"cafe","name":"cafe","source":"openstreetmap","nightTier":"unknown","nightScore":0.15,"confidence":0.3,"nightOpen22":false,"nightOpen00":false,"nightOpen02":false},"geometry":{"type":"Point","coordinates":[126.861471,35.215858]}},{"type":"Feature","properties":{"id":"osm-w1351207072","type":"night_activity","category":"hospital","name":"햇살요양병원","source":"openstreetmap","nightTier":"unknown","nightScore":0.15,"confidence":0.3,"nightOpen22":false,"nightOpen00":false,"nightOpen02":false},"geometry":{"type":"Point","coordinates":[126.899738,35.152814]}},{"type":"Feature","properties":{"id":"osm-w1369005754","type":"night_activity","category":"cafe","name":"스타벅스","source":"openstreetmap","nightTier":"unknown","nightScore":0.15,"confidence":0.3,"nightOpen22":false,"nightOpen00":false,"nightOpen02":false},"geometry":{"type":"Point","coordinates":[126.879962,35.152279]}},{"type":"Feature","properties":{"id":"osm-w1369005757","type":"night_activity","category":"hospital","name":"비비드성형외과의원","source":"openstreetmap","nightTier":"unknown","nightScore":0.15,"confidence":0.3,"nightOpen22":false,"nightOpen00":false,"nightOpen02":false},"geometry":{"type":"Point","coordinates":[126.88574,35.154042]}},{"type":"Feature","properties":{"id":"osm-w1369005758","type":"night_activity","category":"hospital","name":"아이퍼스트아동병원","source":"openstreetmap","nightTier":"unknown","nightScore":0.15,"confidence":0.3,"nightOpen22":false,"nightOpen00":false,"nightOpen02":false},"geometry":{"type":"Point","coordinates":[126.885205,35.154123]}},{"type":"Feature","properties":{"id":"osm-w1373557474","type":"night_activity","category":"cafe","name":"텐퍼센트","source":"openstreetmap","nightTier":"unknown","nightScore":0.15,"confidence":0.3,"nightOpen22":false,"nightOpen00":false,"nightOpen02":false},"geometry":{"type":"Point","coordinates":[126.916816,35.167637]}},{"type":"Feature","properties":{"id":"osm-w1374378326","type":"night_activity","category":"restaurant","name":"restaurant","source":"openstreetmap","nightTier":"unknown","nightScore":0.15,"confidence":0.3,"nightOpen22":false,"nightOpen00":false,"nightOpen02":false},"geometry":{"type":"Point","coordinates":[126.916818,35.17018]}},{"type":"Feature","properties":{"id":"osm-w1374378328","type":"night_activity","category":"cafe","name":"cafe","source":"openstreetmap","nightTier":"unknown","nightScore":0.15,"confidence":0.3,"nightOpen22":false,"nightOpen00":false,"nightOpen02":false},"geometry":{"type":"Point","coordinates":[126.915422,35.171683]}},{"type":"Feature","properties":{"id":"osm-w1374378330","type":"night_activity","category":"restaurant","name":"보배반점","source":"openstreetmap","nightTier":"unknown","nightScore":0.15,"confidence":0.3,"nightOpen22":false,"nightOpen00":false,"nightOpen02":false},"geometry":{"type":"Point","coordinates":[126.915738,35.17232]}},{"type":"Feature","properties":{"id":"osm-w1374378331","type":"night_activity","category":"restaurant","name":"restaurant","source":"openstreetmap","nightTier":"unknown","nightScore":0.15,"confidence":0.3,"nightOpen22":false,"nightOpen00":false,"nightOpen02":false},"geometry":{"type":"Point","coordinates":[126.915825,35.17252]}},{"type":"Feature","properties":{"id":"osm-w1374378345","type":"night_activity","category":"restaurant","name":"restaurant","source":"openstreetmap","nightTier":"unknown","nightScore":0.15,"confidence":0.3,"nightOpen22":false,"nightOpen00":false,"nightOpen02":false},"geometry":{"type":"Point","coordinates":[126.914854,35.172836]}},{"type":"Feature","properties":{"id":"osm-w1375163893","type":"night_activity","category":"restaurant","name":"restaurant","source":"openstreetmap","nightTier":"unknown","nightScore":0.15,"confidence":0.3,"nightOpen22":false,"nightOpen00":false,"nightOpen02":false},"geometry":{"type":"Point","coordinates":[126.911947,35.172862]}},{"type":"Feature","properties":{"id":"osm-w1388264555","type":"night_activity","category":"hospital","name":"대중병원","source":"openstreetmap","nightTier":"unknown","nightScore":0.15,"confidence":0.3,"nightOpen22":false,"nightOpen00":false,"nightOpen02":false},"geometry":{"type":"Point","coordinates":[126.916515,35.152722]}},{"type":"Feature","properties":{"id":"osm-w1391629505","type":"night_activity","category":"supermarket","name":"남광주농협하나로마트 지원점","source":"openstreetmap","nightTier":"unknown","nightScore":0.15,"confidence":0.3,"nightOpen22":false,"nightOpen00":false,"nightOpen02":false},"geometry":{"type":"Point","coordinates":[126.933713,35.12106]}},{"type":"Feature","properties":{"id":"osm-w1525364449","type":"night_activity","category":"supermarket","name":"롯데슈퍼프레시 두암점","source":"openstreetmap","nightTier":"unknown","nightScore":0.15,"confidence":0.3,"nightOpen22":false,"nightOpen00":false,"nightOpen02":false},"geometry":{"type":"Point","coordinates":[126.934987,35.162444]}},{"type":"Feature","properties":{"id":"osm-w1526082290","type":"night_activity","category":"cafe","name":"이이남스튜디오","source":"openstreetmap","nightTier":"unknown","nightScore":0.15,"confidence":0.3,"nightOpen22":false,"nightOpen00":false,"nightOpen02":false},"geometry":{"type":"Point","coordinates":[126.912856,35.1392]}},{"type":"Feature","properties":{"id":"osm-w1526082304","type":"night_activity","category":"hospital","name":"인구보건복지협회 광주전남지회 가족보건의원","source":"openstreetmap","nightTier":"unknown","nightScore":0.15,"confidence":0.3,"nightOpen22":false,"nightOpen00":false,"nightOpen02":false},"geometry":{"type":"Point","coordinates":[126.900513,35.131359]}},{"type":"Feature","properties":{"id":"osm-w1526702373","type":"night_activity","category":"supermarket","name":"남광주농협하나로마트 진월점","source":"openstreetmap","nightTier":"unknown","nightScore":0.15,"confidence":0.3,"nightOpen22":false,"nightOpen00":false,"nightOpen02":false},"geometry":{"type":"Point","coordinates":[126.899028,35.117778]}},{"type":"Feature","properties":{"id":"osm-w1534255627","type":"night_activity","category":"restaurant","name":"백수간재미","source":"openstreetmap","nightTier":"unknown","nightScore":0.15,"confidence":0.3,"nightOpen22":false,"nightOpen00":false,"nightOpen02":false},"geometry":{"type":"Point","coordinates":[126.914489,35.142915]}},{"type":"Feature","properties":{"id":"osm-w1549535892","type":"night_activity","category":"cafe","name":"나인틴52","source":"openstreetmap","nightTier":"unknown","nightScore":0.15,"confidence":0.3,"nightOpen22":false,"nightOpen00":false,"nightOpen02":false},"geometry":{"type":"Point","coordinates":[126.906751,35.179069]}}]}
