{"type":"FeatureCollection","features":[{"type":"Feature","properties":{"clusterId":"동구-01","roadName":"화산로","managedUnitCount":33,"matchConfidence":1,"matchMethod":"road_name_and_coordinate","estimated":true,"source":"odcloud:15113447","dataAsOf":"2024-04-15","linkedRoadCount":4,"corridorLengthMeters":179,"roadLightingEvidence":0.5898,"roadLightingScore":52},"geometry":{"type":"MultiLineString","coordinates":[[[126.91776296,35.11560594],[126.91789265,35.11564263],[126.9180702,35.1156917],[126.918229,35.11573566]],[[126.918229,35.11573566],[126.91828822,35.11575205],[126.91840326,35.11578323],[126.91858323,35.11583274],[126.91863894,35.11584793],[126.91869559,35.11586403]],[[126.91729694,35.11547619],[126.91731228,35.11548048],[126.91744773,35.1155183],[126.91759984,35.11556095],[126.91774767,35.11560161],[126.91776296,35.11560594]],[[126.91869559,35.11586403],[126.91895105,35.11593665],[126.91916058,35.11599625]]]}},{"type":"Feature","properties":{"clusterId":"동구-03","roadName":"남문로","managedUnitCount":25,"matchConfidence":0.6,"matchMethod":"parcel_and_coordinate","estimated":true,"source":"odcloud:15113447","dataAsOf":"2024-04-15","linkedRoadCount":5,"corridorLengthMeters":146,"roadLightingEvidence":0.7316,"roadLightingScore":55},"geometry":{"type":"MultiLineString","coordinates":[[[126.94713996,35.08890423],[126.94737571,35.08877421],[126.94748431,35.08870183]],[[126.94748431,35.08870183],[126.9475929,35.08862944],[126.94777862,35.08851489],[126.94782008,35.08848933]],[[126.94679637,35.08910763],[126.94681213,35.08909746],[126.94694415,35.08901222],[126.94713996,35.08890423]],[[126.94782008,35.08848933],[126.94786251,35.08846316],[126.94797042,35.0883966],[126.94799069,35.08838371]],[[126.94799069,35.08838371],[126.94801152,35.08837046],[126.94808135931811,35.08832602426408]]]}},{"type":"Feature","properties":{"clusterId":"동구-04","roadName":"선교로","managedUnitCount":13,"matchConfidence":0.6,"matchMethod":"parcel_and_coordinate","estimated":true,"source":"odcloud:15113447","dataAsOf":"2024-04-15","linkedRoadCount":3,"corridorLengthMeters":126,"roadLightingEvidence":0.3567,"roadLightingScore":40},"geometry":{"type":"MultiLineString","coordinates":[[[126.96098542,35.09312898],[126.96112589,35.09317093],[126.96117731,35.09319006],[126.96129801,35.09324313],[126.9613696,35.09327512]],[[126.96047734,35.09299036],[126.96058597,35.09301901],[126.9608422,35.09308622],[126.96098542,35.09312898]],[[126.9613696,35.09327512],[126.96137317,35.09327671],[126.96145251,35.09331954],[126.96149813,35.09334604],[126.96154363,35.09337604],[126.96157645,35.09340235],[126.96159878,35.09342255],[126.9616753,35.09349449],[126.96168561,35.09350431]]]}},{"type":"Feature","properties":{"clusterId":"동구-05","roadName":"남문로","managedUnitCount":32,"matchConfidence":1,"matchMethod":"road_name_and_coordinate","estimated":true,"source":"odcloud:15113447","dataAsOf":"2024-04-15","linkedRoadCount":6,"corridorLengthMeters":193,"roadLightingEvidence":0.6764,"roadLightingScore":72},"geometry":{"type":"MultiLineString","coordinates":[[[126.94713996,35.08890423],[126.94737571,35.08877421],[126.94748431,35.08870183]],[[126.94679637,35.08910763],[126.94681213,35.08909746],[126.94694415,35.08901222],[126.94713996,35.08890423]],[[126.94748431,35.08870183],[126.9475929,35.08862944],[126.94777862,35.08851489],[126.94782008,35.08848933]],[[126.94641891,35.08935135],[126.94678196,35.08911695],[126.94679637,35.08910763]],[[126.94782008,35.08848933],[126.94786251,35.08846316],[126.94797042,35.0883966],[126.94799069,35.08838371]],[[126.94799069,35.08838371],[126.94801152,35.08837046],[126.94811163960394,35.08830675820106]]]}},{"type":"Feature","properties":{"clusterId":"동구-06","roadName":"서남로","managedUnitCount":13,"matchConfidence":1,"matchMethod":"road_name_and_coordinate","estimated":true,"source":"odcloud:15113447","dataAsOf":"2024-04-15","linkedRoadCount":7,"corridorLengthMeters":186,"roadLightingEvidence":0.7152,"roadLightingScore":61},"geometry":{"type":"MultiLineString","coordinates":[[[126.9239091,35.14487744],[126.92424034,35.14472876]],[[126.92424034,35.14472876],[126.92431789,35.14469395],[126.92446081,35.1446324],[126.92457392,35.14458368]],[[126.92360084,35.14501632],[126.92377258,35.14493872],[126.9239091,35.14487744]],[[126.92457392,35.14458368],[126.92468531,35.14453571],[126.92476319,35.14450216],[126.92485459,35.1444678]],[[126.92485459,35.1444678],[126.92493087,35.14443912],[126.92495264,35.14443221]],[[126.92495264,35.14443221],[126.925,35.14448912],[126.92509929,35.14457468],[126.92511675,35.14458091],[126.92512769065887,35.14458164270271]],[[126.92495264,35.14443221],[126.92496309,35.14442888],[126.92499999,35.14441716],[126.92518491196294,35.144339913057834]]]}},{"type":"Feature","properties":{"clusterId":"동구-07","roadName":"구성로","managedUnitCount":11,"matchConfidence":1,"matchMethod":"road_name_and_coordinate","estimated":true,"source":"odcloud:15113447","dataAsOf":"2024-04-15","linkedRoadCount":7,"corridorLengthMeters":200,"roadLightingEvidence":0.6964,"roadLightingScore":71},"geometry":{"type":"MultiLineString","coordinates":[[[126.9151131,35.15399812],[126.91520376,35.15407925],[126.91520532,35.15408092],[126.9152692,35.15414988],[126.91531277,35.15419002]],[[126.91531277,35.15419002],[126.91544483,35.15431168],[126.91546762,35.1543316],[126.91551957,35.15437701]],[[126.91490676,35.15382865],[126.91493223,35.15385171],[126.91498151,35.15389098],[126.91502767,35.15392775],[126.9151131,35.15399812]],[[126.91551957,35.15437701],[126.91558406,35.15443202],[126.91578554,35.15460301]],[[126.9147107,35.15365108],[126.91475469,35.15369091],[126.91490676,35.15382865]],[[126.91578554,35.15460301],[126.916006244713,35.1547903114243]],[[126.9145090403926,35.153473598549496],[126.91463712,35.15358634],[126.9147107,35.15365108]]]}},{"type":"Feature","properties":{"clusterId":"동구-08","roadName":"남문로","managedUnitCount":28,"matchConfidence":1,"matchMethod":"road_name_and_coordinate","estimated":true,"source":"odcloud:15113447","dataAsOf":"2024-04-15","linkedRoadCount":3,"corridorLengthMeters":100,"roadLightingEvidence":0.8323,"roadLightingScore":65},"geometry":{"type":"MultiLineString","coordinates":[[[126.92526957,35.13691406],[126.92542841,35.1370066],[126.92545131,35.13701995],[126.92558051,35.1370824],[126.92558402,35.13708428]],[[126.92558402,35.13708428],[126.92561286,35.13709973],[126.92577814,35.13719069],[126.92587509,35.13724275],[126.92589971,35.1372532]],[[126.92589971,35.1372532],[126.92594233,35.13727128],[126.92600506,35.13730584],[126.92601186,35.13731143],[126.92609833,35.13737999],[126.92616670330717,35.13742926957272]]]}},{"type":"Feature","properties":{"clusterId":"동구-09","roadName":"남문로","managedUnitCount":6,"matchConfidence":0.8,"matchMethod":"road_name","estimated":true,"source":"odcloud:15113447","dataAsOf":"2024-04-15","linkedRoadCount":1,"corridorLengthMeters":36,"roadLightingEvidence":0.7072,"roadLightingScore":57},"geometry":{"type":"MultiLineString","coordinates":[[[126.93290212,35.12197693],[126.93310789,35.12202076],[126.93318095,35.12202378],[126.93320618,35.12202379],[126.93329417,35.12201978]]]}},{"type":"Feature","properties":{"clusterId":"동구-10","roadName":"남문로","managedUnitCount":35,"matchConfidence":1,"matchMethod":"road_name_and_coordinate","estimated":true,"source":"odcloud:15113447","dataAsOf":"2024-04-15","linkedRoadCount":1,"corridorLengthMeters":43,"roadLightingEvidence":0.7,"roadLightingScore":56},"geometry":{"type":"MultiLineString","coordinates":[[[126.93043477,35.12720022],[126.93070271,35.12728929],[126.93086909,35.12734461]]]}},{"type":"Feature","properties":{"clusterId":"동구-11","roadName":"남문로","managedUnitCount":14,"matchConfidence":1,"matchMethod":"road_name_and_coordinate","estimated":true,"source":"odcloud:15113447","dataAsOf":"2024-04-15","linkedRoadCount":5,"corridorLengthMeters":154,"roadLightingEvidence":0.7587,"roadLightingScore":62},"geometry":{"type":"MultiLineString","coordinates":[[[126.92876848,35.13092799],[126.92898281,35.13099865],[126.92916632,35.13106777]],[[126.92867366,35.13089674],[126.92871175,35.1309093],[126.92876848,35.13092799]],[[126.92867366,35.13089674],[126.92868678,35.13086982],[126.92881297,35.13061096]],[[126.92850333,35.1312646],[126.92864983,35.13094819],[126.92867366,35.13089674]],[[126.92839422233718,35.131493599438215],[126.92848448,35.1313053],[126.92850333,35.1312646]]]}},{"type":"Feature","properties":{"clusterId":"동구-13","roadName":"증심사길30번길","managedUnitCount":19,"matchConfidence":1,"matchMethod":"road_name_and_coordinate","estimated":true,"source":"odcloud:15113447","dataAsOf":"2024-04-15","linkedRoadCount":6,"corridorLengthMeters":200,"roadLightingEvidence":0.5745,"roadLightingScore":52},"geometry":{"type":"MultiLineString","coordinates":[[[126.95744027,35.13322426],[126.95752587,35.13319727],[126.9576335,35.13316587],[126.95772539,35.13316782],[126.95784487,35.13318315],[126.95789648,35.13318978]],[[126.9570035,35.13336904],[126.95740909,35.1332341],[126.95744027,35.13322426]],[[126.95789648,35.13318978],[126.95790275,35.13316831],[126.95793663,35.13305219],[126.95793875,35.13305037],[126.95797893,35.1330159]],[[126.95797893,35.1330159],[126.958015,35.13298493],[126.95805121,35.13287156],[126.9580549,35.13286369],[126.9580702,35.13283105]],[[126.95752212,35.13292498],[126.95768837,35.13296084],[126.95791172,35.13300317],[126.95797893,35.1330159]],[[126.95656810576884,35.13351444305296],[126.95678731,35.13344097],[126.95684921003411,35.13342037488381]]]}},{"type":"Feature","properties":{"clusterId":"동구-14","roadName":"녹동길","managedUnitCount":12,"matchConfidence":0.6,"matchMethod":"parcel_and_coordinate","estimated":true,"source":"odcloud:15113447","dataAsOf":"2024-04-15","linkedRoadCount":5,"corridorLengthMeters":150,"roadLightingEvidence":0.3567,"roadLightingScore":40},"geometry":{"type":"MultiLineString","coordinates":[[[126.93427908,35.10565109],[126.93428328,35.10557335],[126.93428548,35.10556475],[126.93428747,35.10555693],[126.93429167,35.10554968],[126.9342968,35.10554395],[126.93431131,35.10553619],[126.93433104,35.10552991],[126.93433443,35.10552915],[126.93437973,35.10552401],[126.93440862,35.10552244],[126.934612,35.10551672]],[[126.9339966,35.10558463],[126.93402664,35.10559096],[126.9341688,35.10562088],[126.93417677,35.10562256],[126.93427908,35.10565109]],[[126.9339966,35.10558463],[126.93405935,35.10549699],[126.93409251,35.10545068],[126.9341034,35.1054381],[126.93418326,35.10534837],[126.93420269,35.10532655],[126.9342277,35.10530027]],[[126.93390135,35.1059436],[126.93391347,35.1059205],[126.93396348,35.10582523],[126.93396548,35.10581895],[126.9339844,35.10576101],[126.93398497,35.10575775],[126.93396935,35.10569012],[126.93396733,35.10568585],[126.9339474,35.10566543],[126.93394715,35.10566393],[126.93395509,35.10564819],[126.93396466,35.10562924],[126.93397832,35.10561018],[126.9339966,35.10558463]],[[126.934612,35.10551672],[126.93461914077699,35.105516510563795]]]}},{"type":"Feature","properties":{"clusterId":"동구-15","roadName":"남문로","managedUnitCount":14,"matchConfidence":1,"matchMethod":"road_name_and_coordinate","estimated":true,"source":"odcloud:15113447","dataAsOf":"2024-04-15","linkedRoadCount":3,"corridorLengthMeters":85,"roadLightingEvidence":0.5823,"roadLightingScore":50},"geometry":{"type":"MultiLineString","coordinates":[[[126.92819084,35.13475929],[126.9282022,35.13466126]],[[126.92788844,35.13446101],[126.92820117,35.13463696],[126.92820423,35.13464383],[126.9282022,35.13466126]],[[126.92755077,35.13427102],[126.92768864,35.13434859],[126.92788844,35.13446101]]]}},{"type":"Feature","properties":{"clusterId":"동구-16","roadName":"천변좌로","managedUnitCount":39,"matchConfidence":0.6,"matchMethod":"parcel_and_coordinate","estimated":true,"source":"odcloud:15113447","dataAsOf":"2024-04-15","linkedRoadCount":4,"corridorLengthMeters":150,"roadLightingEvidence":0.3568,"roadLightingScore":40},"geometry":{"type":"MultiLineString","coordinates":[[[126.92978951,35.12511249],[126.92979466,35.12507382],[126.92980468,35.1250004],[126.92980473,35.125],[126.92980714,35.12498051],[126.92981729,35.1249185],[126.92982149,35.12488209],[126.92983461,35.1248035],[126.92983813,35.12478782],[126.92985559,35.12470431]],[[126.92976983,35.12532217],[126.92977528,35.12524371],[126.92978951,35.12511249]],[[126.9293828,35.12506331],[126.92941581,35.12503205],[126.9294357,35.12502273],[126.92949925,35.1250092],[126.92952881,35.12500875],[126.929554,35.12501224],[126.92957546,35.12502],[126.92964701,35.12506547],[126.92970027,35.12509784],[126.92978951,35.12511249]],[[126.92985559,35.12470431],[126.92986832,35.12464343],[126.92988736,35.1245662],[126.92991907,35.1244384],[126.92993965,35.1243664],[126.92993992561648,35.12436544247886]]]}},{"type":"Feature","properties":{"clusterId":"동구-17","roadName":"지원로5번길","managedUnitCount":5,"matchConfidence":1,"matchMethod":"road_name_and_coordinate","estimated":true,"source":"odcloud:15113447","dataAsOf":"2024-04-15","linkedRoadCount":6,"corridorLengthMeters":146,"roadLightingEvidence":0.546,"roadLightingScore":49},"geometry":{"type":"MultiLineString","coordinates":[[[126.93204998,35.12675952],[126.93206818,35.12669888],[126.93207918,35.1266622],[126.93212598,35.12652591]],[[126.93212598,35.12652591],[126.93218829,35.1263444],[126.9322059,35.12629314]],[[126.93199612,35.12638508],[126.93203106,35.12635462],[126.93210985,35.12631092],[126.93216135,35.12630139],[126.9322059,35.12629314]],[[126.9322059,35.12629314],[126.93221681,35.12626329],[126.93231222,35.12600218]],[[126.93189288,35.12631837],[126.93198231,35.12637616],[126.93199612,35.12638508]],[[126.93180179292858,35.126524170122174],[126.9319077,35.12647626],[126.93194934,35.1264398],[126.93199612,35.12638508]]]}},{"type":"Feature","properties":{"clusterId":"동구-18","roadName":"학소로","managedUnitCount":3,"matchConfidence":1,"matchMethod":"road_name_and_coordinate","estimated":true,"source":"odcloud:15113447","dataAsOf":"2024-04-15","linkedRoadCount":7,"corridorLengthMeters":188,"roadLightingEvidence":0.6071,"roadLightingScore":62},"geometry":{"type":"MultiLineString","coordinates":[[[126.9333864,35.12816611],[126.93340463,35.12812675],[126.93341034,35.12811441],[126.93342477,35.12808326]],[[126.93327765,35.12840214],[126.9333658,35.12821082],[126.9333864,35.12816611]],[[126.93342477,35.12808326],[126.93343303,35.12806488],[126.93355787,35.12778725]],[[126.9331689,35.12863816],[126.93327765,35.12840214]],[[126.93355787,35.12778725],[126.93367659,35.12752322],[126.93369098,35.12749124]],[[126.93306583,35.12886188],[126.9331689,35.12863816]],[[126.93369098,35.12749124],[126.93370506,35.12746087],[126.93377033,35.12732016],[126.93379087,35.12727585]]]}},{"type":"Feature","properties":{"clusterId":"동구-19","roadName":"의재로","managedUnitCount":28,"matchConfidence":1,"matchMethod":"road_name_and_coordinate","estimated":true,"source":"odcloud:15113447","dataAsOf":"2024-04-15","linkedRoadCount":7,"corridorLengthMeters":200,"roadLightingEvidence":0.5803,"roadLightingScore":52},"geometry":{"type":"MultiLineString","coordinates":[[[126.93211113,35.13256265],[126.93227852,35.13254001],[126.93235684,35.13252941],[126.93239511,35.13252423]],[[126.93239511,35.13252423],[126.93243159,35.13251845],[126.93262841,35.13248726],[126.93265391,35.13248322]],[[126.93157261,35.13264575],[126.931593,35.13264261],[126.93200427,35.13257914],[126.93211113,35.13256265]],[[126.93265391,35.13248322],[126.93267785,35.13247934],[126.9329972,35.13242756]],[[126.93258552,35.13218053],[126.93263563,35.13240231],[126.93265391,35.13248322]],[[126.93144823,35.13266632],[126.93149256,35.13265899],[126.93155077,35.13264936],[126.93157261,35.13264575]],[[126.93147759,35.13240439],[126.93150312,35.13246381],[126.93155337,35.13257924],[126.93155790759393,35.132594925840145]]]}},{"type":"Feature","properties":{"clusterId":"동구-20","roadName":"운림길","managedUnitCount":12,"matchConfidence":0.6,"matchMethod":"parcel_and_coordinate","estimated":true,"source":"odcloud:15113447","dataAsOf":"2024-04-15","linkedRoadCount":6,"corridorLengthMeters":150,"roadLightingEvidence":0.3639,"roadLightingScore":40},"geometry":{"type":"MultiLineString","coordinates":[[[126.94271032,35.13490094],[126.94271565,35.13483423],[126.94271832,35.1348009],[126.94272696,35.13456764],[126.94272883,35.13451733]],[[126.94272883,35.13451733],[126.94278578,35.13451845],[126.94291866,35.13452107],[126.94303174,35.13452528]],[[126.94272883,35.13451733],[126.94273149,35.13446338],[126.94274292,35.13423219]],[[126.94270457,35.1349728],[126.94271032,35.13490094]],[[126.94303174,35.13452528],[126.94308859,35.1345274],[126.94325185,35.13453462],[126.94327125,35.13453525],[126.94330901,35.13453609],[126.94333449,35.13453667]],[[126.94274292,35.13423219],[126.94274404,35.13420958],[126.94274577,35.13417442],[126.94274735,35.13414252],[126.9427484426656,35.134120405750906]]]}},{"type":"Feature","properties":{"clusterId":"동구-23","roadName":"남문로","managedUnitCount":11,"matchConfidence":0.8,"matchMethod":"road_name","estimated":true,"source":"odcloud:15113447","dataAsOf":"2024-04-15","linkedRoadCount":1,"corridorLengthMeters":36,"roadLightingEvidence":0.7072,"roadLightingScore":57},"geometry":{"type":"MultiLineString","coordinates":[[[126.93290212,35.12197693],[126.93310789,35.12202076],[126.93318095,35.12202378],[126.93320618,35.12202379],[126.93329417,35.12201978]]]}},{"type":"Feature","properties":{"clusterId":"동구-24","roadName":"남문로","managedUnitCount":34,"matchConfidence":1,"matchMethod":"road_name_and_coordinate","estimated":true,"source":"odcloud:15113447","dataAsOf":"2024-04-15","linkedRoadCount":3,"corridorLengthMeters":56,"roadLightingEvidence":0.6877,"roadLightingScore":55},"geometry":{"type":"MultiLineString","coordinates":[[[126.93154543,35.1257274],[126.93172691,35.12577948],[126.93174083,35.12578348],[126.93201019,35.12588605]],[[126.93199785,35.1259297],[126.93201019,35.12588605]],[[126.93201019,35.12588605],[126.93202239,35.1258381]]]}},{"type":"Feature","properties":{"clusterId":"동구-25","roadName":"남문로","managedUnitCount":9,"matchConfidence":1,"matchMethod":"road_name_and_coordinate","estimated":true,"source":"odcloud:15113447","dataAsOf":"2024-04-15","linkedRoadCount":2,"corridorLengthMeters":75,"roadLightingEvidence":0.6262,"roadLightingScore":53},"geometry":{"type":"MultiLineString","coordinates":[[[126.93200995,35.12564001],[126.93230596,35.12570705],[126.93236415,35.12572353],[126.93240534,35.1257352]],[[126.9316126,35.12555001],[126.93179714,35.12559181],[126.93200995,35.12564001]]]}},{"type":"Feature","properties":{"clusterId":"동구-26","roadName":"학소로","managedUnitCount":17,"matchConfidence":1,"matchMethod":"road_name_and_coordinate","estimated":true,"source":"odcloud:15113447","dataAsOf":"2024-04-15","linkedRoadCount":6,"corridorLengthMeters":200,"roadLightingEvidence":0.596,"roadLightingScore":53},"geometry":{"type":"MultiLineString","coordinates":[[[126.93476895,35.12502552],[126.93477922,35.12500062],[126.93477947,35.125],[126.93479025,35.12497555],[126.93480282,35.12494707],[126.93481755,35.12490849],[126.93482052,35.12490164],[126.93484931,35.12484235],[126.93485756,35.12481811],[126.93488473,35.12472447],[126.93489967,35.12466667],[126.93490278,35.12465463],[126.9349051,35.12464336]],[[126.9349051,35.12464336],[126.9349595,35.12466133],[126.934982,35.12467501],[126.93498976,35.12467973],[126.93500007,35.12468983],[126.93504808,35.12473727],[126.93509599,35.12478471]],[[126.9349051,35.12464336],[126.93490921,35.12462374],[126.93491181,35.12461136],[126.93494711,35.12429259],[126.93495292,35.12424011]],[[126.93472404,35.12513441],[126.93473432,35.12510949],[126.93476895,35.12502552]],[[126.93460383,35.12540384],[126.93462125,35.1253648],[126.93471048,35.12516482],[126.93472404,35.12513441]],[[126.93472404,35.12513441],[126.93479412,35.1251697],[126.93485603,35.12522201],[126.93485981,35.12522228],[126.93486262,35.12522095],[126.93500004,35.12513207],[126.9350857022567,35.12507791922151]]]}},{"type":"Feature","properties":{"clusterId":"동구-27","roadName":"남문로","managedUnitCount":15,"matchConfidence":1,"matchMethod":"road_name_and_coordinate","estimated":true,"source":"odcloud:15113447","dataAsOf":"2024-04-15","linkedRoadCount":4,"corridorLengthMeters":127,"roadLightingEvidence":0.8285,"roadLightingScore":66},"geometry":{"type":"MultiLineString","coordinates":[[[126.92876848,35.13092799],[126.92898281,35.13099865],[126.92916632,35.13106777]],[[126.92867366,35.13089674],[126.92871175,35.1309093],[126.92876848,35.13092799]],[[126.92867366,35.13089674],[126.92868678,35.13086982],[126.92881297,35.13061096]],[[126.92850333,35.1312646],[126.92864983,35.13094819],[126.92867366,35.13089674]]]}},{"type":"Feature","properties":{"clusterId":"동구-28","roadName":"증심천로","managedUnitCount":19,"matchConfidence":0.6,"matchMethod":"parcel_and_coordinate","estimated":true,"source":"odcloud:15113447","dataAsOf":"2024-04-15","linkedRoadCount":7,"corridorLengthMeters":150,"roadLightingEvidence":0.3669,"roadLightingScore":40},"geometry":{"type":"MultiLineString","coordinates":[[[126.93359258,35.13029218],[126.93361165,35.13029159],[126.93370118,35.13028883],[126.93376184,35.13029447],[126.93387374,35.13031464],[126.93395996,35.13033352]],[[126.93395996,35.13033352],[126.93407056,35.13036344]],[[126.93394092,35.1305938],[126.93394225,35.13052442],[126.93394125,35.13039336],[126.93394322,35.13038707],[126.93395996,35.13033352]],[[126.93407056,35.13036344],[126.93411189,35.13037462],[126.9342388,35.13041326],[126.93434888,35.13045644],[126.93437711,35.13046751]],[[126.93342533,35.1303106],[126.93357333,35.1302943],[126.93359258,35.13029218]],[[126.93359258,35.13029218],[126.93359391,35.13034186],[126.93359531,35.13039401],[126.93360034,35.13042598],[126.93363322,35.13046476],[126.93363619,35.13051874]],[[126.93331621,35.13032634],[126.9333653740073,35.13031924835711]]]}},{"type":"Feature","properties":{"clusterId":"동구-29","roadName":"의재로","managedUnitCount":21,"matchConfidence":0.6,"matchMethod":"parcel_and_coordinate","estimated":true,"source":"odcloud:15113447","dataAsOf":"2024-04-15","linkedRoadCount":4,"corridorLengthMeters":135,"roadLightingEvidence":0.4711,"roadLightingScore":49},"geometry":{"type":"MultiLineString","coordinates":[[[126.94988984,35.13370649],[126.94990371,35.13370882],[126.95,35.13372124],[126.9500643,35.13372709],[126.95013331,35.13373225],[126.95024978,35.13374163],[126.9502767,35.13374373]],[[126.94945573,35.13361313],[126.94956885,35.13364147],[126.94971533,35.13367402],[126.94981302,35.1336936],[126.94988984,35.13370649]],[[126.9502767,35.13374373],[126.95040123,35.13375342],[126.95053571,35.13376292],[126.95066483,35.13377226]],[[126.94921256559782,35.133541739408166],[126.94929609,35.13356848],[126.9494007,35.13359934],[126.94945569336018,35.133613120818424]]]}},{"type":"Feature","properties":{"clusterId":"동구-30","roadName":"의재로","managedUnitCount":20,"matchConfidence":0.6,"matchMethod":"parcel_and_coordinate","estimated":true,"source":"odcloud:15113447","dataAsOf":"2024-04-15","linkedRoadCount":4,"corridorLengthMeters":131,"roadLightingEvidence":0.4744,"roadLightingScore":49},"geometry":{"type":"MultiLineString","coordinates":[[[126.9502767,35.13374373],[126.95040123,35.13375342],[126.95053571,35.13376292],[126.95066483,35.13377226]],[[126.95066483,35.13377226],[126.95076123,35.13377922],[126.95082023,35.13378311],[126.9508946,35.13378801],[126.95097028,35.133793],[126.95103455,35.13379723],[126.9510532,35.13379846]],[[126.94988984,35.13370649],[126.94990371,35.13370882],[126.95,35.13372124],[126.9500643,35.13372709],[126.95013331,35.13373225],[126.95024978,35.13374163],[126.9502767,35.13374373]],[[126.9510532,35.13379846],[126.95108758,35.13380073],[126.95124362,35.13381101],[126.95132650931107,35.133818009208426]]]}},{"type":"Feature","properties":{"clusterId":"동구-31","roadName":"백서로","managedUnitCount":9,"matchConfidence":1,"matchMethod":"road_name_and_coordinate","estimated":true,"source":"odcloud:15113447","dataAsOf":"2024-04-15","linkedRoadCount":6,"corridorLengthMeters":191,"roadLightingEvidence":0.7391,"roadLightingScore":67},"geometry":{"type":"MultiLineString","coordinates":[[[126.91916164,35.14195421],[126.91923519,35.14198283],[126.91961901,35.14213214]],[[126.91961901,35.14213214],[126.9199253,35.14224605]],[[126.91887392,35.14184233],[126.91909489,35.14192831],[126.91916164,35.14195421]],[[126.9199253,35.14224605],[126.92000001,35.14227384],[126.92003437,35.14228699],[126.92005748,35.14229573],[126.92016666,35.14234127],[126.92020762,35.14235635]],[[126.91858623,35.14173039],[126.91860475,35.14173758],[126.91887392,35.14184233]],[[126.92020762,35.14235635],[126.92022112,35.14236133],[126.92049293,35.14246147]]]}},{"type":"Feature","properties":{"clusterId":"동구-32","roadName":"의재로109번길","managedUnitCount":6,"matchConfidence":0.8,"matchMethod":"road_name","estimated":true,"source":"odcloud:15113447","dataAsOf":"2024-04-15","linkedRoadCount":6,"corridorLengthMeters":157,"roadLightingEvidence":0.2616,"roadLightingScore":35},"geometry":{"type":"MultiLineString","coordinates":[[[126.93964983,35.13478147],[126.93965462,35.1348032],[126.93968738,35.1349518],[126.93968795,35.13495437],[126.93969361,35.13499997],[126.93969413,35.13500706]],[[126.93969413,35.13500706],[126.93969716,35.13507689],[126.93969872,35.13511259],[126.93969942,35.13512873]],[[126.93969942,35.13512873],[126.93974376,35.13513806],[126.93980484,35.13515091],[126.93980607,35.13515129],[126.93986331,35.13516907]],[[126.93969942,35.13512873],[126.93970138,35.13516424],[126.93970426,35.13521664],[126.93971623,35.13544084],[126.93971641,35.13544429],[126.93971618,35.13551018]],[[126.93971618,35.13551018],[126.93976218,35.13547302],[126.93979017,35.13545041],[126.93979916,35.13543838],[126.93980628,35.13542308],[126.93981532,35.13535008],[126.93986069,35.13517893],[126.93986331,35.13516907]],[[126.93971618,35.13551018],[126.93971611,35.13552924],[126.93971595,35.13557292],[126.93972342690718,35.135677184234126]]]}},{"type":"Feature","properties":{"clusterId":"동구-34","roadName":"소태길","managedUnitCount":11,"matchConfidence":1,"matchMethod":"road_name_and_coordinate","estimated":true,"source":"odcloud:15113447","dataAsOf":"2024-04-15","linkedRoadCount":7,"corridorLengthMeters":200,"roadLightingEvidence":0.585,"roadLightingScore":52},"geometry":{"type":"MultiLineString","coordinates":[[[126.93771699,35.12099287],[126.93774342,35.12100048],[126.93779783,35.12101616],[126.93784478,35.12102484],[126.93792014,35.1210311],[126.9379367,35.12103246],[126.93798585,35.12103753],[126.9380079,35.12104025],[126.938094,35.12105579],[126.93814281,35.12106808],[126.9381959,35.12108127]],[[126.9381959,35.12108127],[126.93828584,35.12110384],[126.93845103,35.12114386],[126.9384711,35.12114775],[126.93853236,35.1211592],[126.93862631,35.12117676]],[[126.93770619,35.12120153],[126.93770591,35.12119137],[126.93770384,35.12111959],[126.93770958,35.12107371],[126.93771166,35.12105104],[126.93771699,35.12099287]],[[126.93736459,35.12089164],[126.93738759,35.12089804],[126.9374236,35.12090808],[126.93770667,35.12098989],[126.93771699,35.12099287]],[[126.93770619,35.12120153],[126.93770662,35.12121415],[126.93770676,35.12121566],[126.93770902,35.12123966],[126.93770181,35.12134313],[126.93771422,35.12146482],[126.93771694,35.1214915]],[[126.93722551,35.12085308],[126.93723818,35.1208566],[126.93729505,35.12087241],[126.9373528,35.12088838],[126.93736459,35.12089164]],[[126.93731783,35.12107225],[126.9373116,35.12103115],[126.93731226,35.12102889],[126.93733461197289,35.12097028317286]]]}},{"type":"Feature","properties":{"clusterId":"동구-38","roadName":"증심천로","managedUnitCount":5,"matchConfidence":0.6,"matchMethod":"parcel_and_coordinate","estimated":true,"source":"odcloud:15113447","dataAsOf":"2024-04-15","linkedRoadCount":5,"corridorLengthMeters":150,"roadLightingEvidence":0.3454,"roadLightingScore":40},"geometry":{"type":"MultiLineString","coordinates":[[[126.93659734,35.13289498],[126.93660991,35.13292417],[126.93663935,35.13299249],[126.93667315,35.13303942],[126.93675163,35.13314059],[126.93677805,35.13316683]],[[126.93677805,35.13316683],[126.93679978,35.1331884],[126.93689733,35.1332783],[126.93694547,35.13331827],[126.93695349,35.13332458],[126.93698472,35.13335085],[126.93703701,35.13339483]],[[126.93659734,35.13289498],[126.93665891,35.13289395],[126.93682887,35.1328911],[126.93683949,35.13289093],[126.93686657,35.13290089],[126.93692441,35.13293392]],[[126.93646691313793,35.13253382625804],[126.9364704,35.13254041],[126.93654195,35.13272874],[126.9365917,35.13287806],[126.93659734,35.13289498]],[[126.93703701,35.13339483],[126.93707715212373,35.133455801384066]]]}},{"type":"Feature","properties":{"clusterId":"동구-39","roadName":"백서로","managedUnitCount":9,"matchConfidence":1,"matchMethod":"road_name_and_coordinate","estimated":true,"source":"odcloud:15113447","dataAsOf":"2024-04-15","linkedRoadCount":7,"corridorLengthMeters":200,"roadLightingEvidence":0.5938,"roadLightingScore":52},"geometry":{"type":"MultiLineString","coordinates":[[[126.92235561,35.14318807],[126.92258545,35.14327881],[126.92260898,35.1432881]],[[126.92198372,35.14304037],[126.9220309,35.14305936],[126.92209962,35.14308704],[126.92235561,35.14318807]],[[126.92260898,35.1432881],[126.92264284,35.14330146],[126.92273752,35.14333882],[126.92281177,35.14336987],[126.92285114,35.14338634],[126.92288558,35.14340073],[126.92293913,35.14342312]],[[126.9224247,35.14362413],[126.9224396,35.14359737],[126.92247757,35.1435129],[126.92251578,35.1434418],[126.9225714,35.14334716],[126.92260898,35.1432881]],[[126.92166314,35.14291114],[126.92169022,35.14292219],[126.92194145,35.14302335],[126.92198372,35.14304037]],[[126.92293913,35.14342312],[126.92294845,35.14342703],[126.92306958,35.14347768],[126.92309803,35.14348957]],[[126.92282554,35.14358716],[126.9228764,35.14351883],[126.922900537946,35.14348201018709]]]}},{"type":"Feature","properties":{"clusterId":"동구-40","roadName":"문화전당로","managedUnitCount":11,"matchConfidence":1,"matchMethod":"road_name_and_coordinate","estimated":true,"source":"odcloud:15113447","dataAsOf":"2024-04-15","linkedRoadCount":8,"corridorLengthMeters":200,"roadLightingEvidence":0.5709,"roadLightingScore":51},"geometry":{"type":"MultiLineString","coordinates":[[[126.92026662,35.14304946],[126.92028183,35.14301623],[126.92036278,35.14280352],[126.92038094,35.14275579]],[[126.92013446,35.14333808],[126.92026662,35.14304946]],[[126.92038094,35.14275579],[126.92049293,35.14246147]],[[126.92013446,35.14333808],[126.92020139,35.14335493],[126.92036408,35.14339588],[126.92039794,35.1434047],[126.9204095,35.14338585]],[[126.91998963,35.14366224],[126.92,35.14363172],[126.92013446,35.14333808]],[[126.9204095,35.14338585],[126.9204155,35.14341979],[126.92041723,35.14345181],[126.92042478,35.14347754],[126.92044502,35.14351324],[126.92048404,35.14354345]],[[126.91998326,35.14367801],[126.91998963,35.14366224]],[[126.91998326,35.14367801],[126.91999999,35.14368426],[126.9200419,35.14370025],[126.92008248574628,35.143715741294166]]]}},{"type":"Feature","properties":{"clusterId":"동구-41","roadName":"제봉로","managedUnitCount":12,"matchConfidence":1,"matchMethod":"road_name_and_coordinate","estimated":true,"source":"odcloud:15113447","dataAsOf":"2024-04-15","linkedRoadCount":7,"corridorLengthMeters":200,"roadLightingEvidence":0.8462,"roadLightingScore":68},"geometry":{"type":"MultiLineString","coordinates":[[[126.92134029,35.14138844],[126.92154435,35.14113005]],[[126.92117466,35.14159819],[126.92134029,35.14138844]],[[126.92107123,35.14123058],[126.9212238,35.1413201],[126.92134029,35.14138844]],[[126.92120774,35.14095226],[126.9212308,35.14096463],[126.92143018,35.14106981],[126.92154435,35.14113005]],[[126.92154435,35.14113005],[126.92157155,35.14109561],[126.92159149,35.14107035],[126.92163164,35.1410195],[126.92171099,35.14091901],[126.92176831,35.14084669]],[[126.92100902,35.14180795],[126.92102261,35.14179073],[126.92117466,35.14159819]],[[126.92082454,35.14115799],[126.92085065,35.14111342],[126.92085832368977,35.14111202794763]]]}},{"type":"Feature","properties":{"clusterId":"동구-42","roadName":"백서로","managedUnitCount":8,"matchConfidence":1,"matchMethod":"road_name_and_coordinate","estimated":true,"source":"odcloud:15113447","dataAsOf":"2024-04-15","linkedRoadCount":6,"corridorLengthMeters":200,"roadLightingEvidence":0.7104,"roadLightingScore":65},"geometry":{"type":"MultiLineString","coordinates":[[[126.92020762,35.14235635],[126.92022112,35.14236133],[126.92049293,35.14246147]],[[126.9199253,35.14224605],[126.92000001,35.14227384],[126.92003437,35.14228699],[126.92005748,35.14229573],[126.92016666,35.14234127],[126.92020762,35.14235635]],[[126.92049293,35.14246147],[126.92083704,35.14258823],[126.92087096,35.14260073],[126.92091779,35.14261798],[126.92091953,35.14261862]],[[126.91961901,35.14213214],[126.9199253,35.14224605]],[[126.92091953,35.14261862],[126.92119617,35.14272054],[126.92130963752372,35.14276685062383]],[[126.91931279009485,35.142013017391434],[126.91961897181521,35.1421321251458]]]}},{"type":"Feature","properties":{"clusterId":"동구-43","roadName":"제봉로","managedUnitCount":12,"matchConfidence":1,"matchMethod":"road_name_and_coordinate","estimated":true,"source":"odcloud:15113447","dataAsOf":"2024-04-15","linkedRoadCount":6,"corridorLengthMeters":200,"roadLightingEvidence":0.6975,"roadLightingScore":67},"geometry":{"type":"MultiLineString","coordinates":[[[126.92115253,35.14400624],[126.92124324,35.14420491],[126.92126401,35.14425042]],[[126.92126401,35.14425042],[126.92127352,35.14427122],[126.92138093,35.14450645],[126.9214136,35.144578]],[[126.92100184,35.14368025],[126.92115253,35.14400624]],[[126.9214136,35.144578],[126.9214286,35.14461082],[126.92150997,35.144789],[126.92155806,35.14489758]],[[126.92087499585881,35.14340581851911],[126.92087539,35.14340667],[126.92100183130079,35.143680231178905]],[[126.92155806,35.14489758],[126.92160345,35.14500002],[126.92164269531311,35.145091354470786]]]}},{"type":"Feature","properties":{"clusterId":"동구-44","roadName":"남문로","managedUnitCount":12,"matchConfidence":0.6,"matchMethod":"parcel_and_coordinate","estimated":true,"source":"odcloud:15113447","dataAsOf":"2024-04-15","linkedRoadCount":3,"corridorLengthMeters":75,"roadLightingEvidence":0.5827,"roadLightingScore":51},"geometry":{"type":"MultiLineString","coordinates":[[[126.93460743,35.11712716],[126.93476554,35.11718289],[126.93476853,35.11718395],[126.93479321,35.11718603],[126.93483468,35.11718795],[126.93487015,35.11718858]],[[126.93487015,35.11718858],[126.93490291,35.11718916],[126.93497553,35.11719028],[126.93499999,35.11719038],[126.93508643,35.11718962],[126.93509477,35.11718962],[126.93514641,35.11719727]],[[126.93514641,35.11719727],[126.93515653,35.11719876],[126.9351687,35.11720012],[126.93523956,35.11720818],[126.93527619,35.11721739],[126.93540957,35.11724549],[126.9354096493855,35.11724550562098]]]}},{"type":"Feature","properties":{"clusterId":"동구-45","roadName":"남문로","managedUnitCount":24,"matchConfidence":0.6,"matchMethod":"parcel_and_coordinate","estimated":true,"source":"odcloud:15113447","dataAsOf":"2024-04-15","linkedRoadCount":4,"corridorLengthMeters":79,"roadLightingEvidence":0.5771,"roadLightingScore":51},"geometry":{"type":"MultiLineString","coordinates":[[[126.93460743,35.11712716],[126.93476554,35.11718289],[126.93476853,35.11718395],[126.93479321,35.11718603],[126.93483468,35.11718795],[126.93487015,35.11718858]],[[126.93487015,35.11718858],[126.93490291,35.11718916],[126.93497553,35.11719028],[126.93499999,35.11719038],[126.93508643,35.11718962],[126.93509477,35.11718962],[126.93514641,35.11719727]],[[126.93514641,35.11719727],[126.93515653,35.11719876],[126.9351687,35.11720012],[126.93523956,35.11720818],[126.93527619,35.11721739],[126.93540957,35.11724549],[126.93545048,35.11725354]],[[126.93545048,35.11725354],[126.93545526,35.1172545]]]}},{"type":"Feature","properties":{"clusterId":"동구-46","roadName":"학소로","managedUnitCount":14,"matchConfidence":1,"matchMethod":"road_name_and_coordinate","estimated":true,"source":"odcloud:15113447","dataAsOf":"2024-04-15","linkedRoadCount":6,"corridorLengthMeters":200,"roadLightingEvidence":0.6195,"roadLightingScore":63},"geometry":{"type":"MultiLineString","coordinates":[[[126.93268572,35.12946871],[126.93273005,35.12939519],[126.93277975,35.12931279],[126.93289123,35.12917263],[126.93296339,35.12908191]],[[126.93296339,35.12908191],[126.93298431,35.12903697],[126.93306583,35.12886188]],[[126.93251322,35.12970712],[126.93254576,35.12966215],[126.93262329,35.129555],[126.93268572,35.12946871]],[[126.93268572,35.12946871],[126.93284475,35.12946681],[126.93293877,35.12949692],[126.93302914,35.12952302],[126.93304371,35.12952723]],[[126.93268572,35.12946871],[126.93275745,35.12956976],[126.93276286,35.12962641],[126.93273919,35.12968155],[126.9326858,35.12981505]],[[126.93306583,35.12886188],[126.93313507609822,35.12871157707835]]]}},{"type":"Feature","properties":{"clusterId":"동구-47","roadName":"남문로724번길","managedUnitCount":14,"matchConfidence":1,"matchMethod":"road_name_and_coordinate","estimated":true,"source":"odcloud:15113447","dataAsOf":"2024-04-15","linkedRoadCount":7,"corridorLengthMeters":155,"roadLightingEvidence":0.5333,"roadLightingScore":49},"geometry":{"type":"MultiLineString","coordinates":[[[126.92694654,35.13497417],[126.92700303,35.13500002],[126.92712192,35.13504176],[126.92720276,35.13507068],[126.92724467,35.13508567],[126.92727618,35.13509839],[126.92727999,35.13509993]],[[126.92727999,35.13509993],[126.92736149,35.13513284],[126.92760605,35.13523863]],[[126.92760605,35.13523863],[126.92762275,35.13521645],[126.92764384,35.13518844]],[[126.92764384,35.13518844],[126.92777108,35.1352335],[126.92777722,35.13524216]],[[126.92764384,35.13518844],[126.92769942,35.13511799],[126.92777078,35.13502997],[126.92777244,35.13502746]],[[126.92760605,35.13523863],[126.92786775,35.135352],[126.9279285518632,35.13537781329788]],[[126.92777722,35.13524216],[126.92778083,35.13525036],[126.92778357,35.13525586],[126.92778894,35.1352601],[126.92779223,35.13526199],[126.92786828,35.13529855],[126.92789020181276,35.135306577165345]]]}},{"type":"Feature","properties":{"clusterId":"동구-48","roadName":"천변우로","managedUnitCount":21,"matchConfidence":0.6,"matchMethod":"parcel_and_coordinate","estimated":true,"source":"odcloud:15113447","dataAsOf":"2024-04-15","linkedRoadCount":4,"corridorLengthMeters":136,"roadLightingEvidence":0.3495,"roadLightingScore":39},"geometry":{"type":"MultiLineString","coordinates":[[[126.92735206,35.12982528],[126.92760584,35.12971954],[126.92774293,35.12966798]],[[126.92774293,35.12966798],[126.92788145,35.12961071],[126.92793853,35.12958905],[126.92802907,35.12956299]],[[126.92697826,35.13000834],[126.92699298,35.13000003],[126.92712734,35.12993063],[126.92733249,35.12983343],[126.92735206,35.12982528]],[[126.92802907,35.12956299],[126.9282077,35.12951158],[126.92824092,35.1295045],[126.92831952164818,35.1294877525185]]]}},{"type":"Feature","properties":{"clusterId":"동구-49","roadName":"남문로701번길","managedUnitCount":13,"matchConfidence":1,"matchMethod":"road_name_and_coordinate","estimated":true,"source":"odcloud:15113447","dataAsOf":"2024-04-15","linkedRoadCount":4,"corridorLengthMeters":136,"roadLightingEvidence":0.5952,"roadLightingScore":52},"geometry":{"type":"MultiLineString","coordinates":[[[126.92756182,35.13289735],[126.92762729,35.13293268],[126.92784657,35.13306009]],[[126.92717754,35.13268995],[126.92719755,35.13270074],[126.92756182,35.13289735]],[[126.92717754,35.13268995],[126.92721652,35.13263707],[126.92722289,35.13262843],[126.92728305,35.13251515]],[[126.92681115,35.13248503],[126.92687938,35.13252319],[126.92715281,35.13267611],[126.92717754,35.13268995]]]}},{"type":"Feature","properties":{"clusterId":"동구-51","roadName":"천변우로","managedUnitCount":14,"matchConfidence":0.6,"matchMethod":"parcel_and_coordinate","estimated":true,"source":"odcloud:15113447","dataAsOf":"2024-04-15","linkedRoadCount":5,"corridorLengthMeters":150,"roadLightingEvidence":0.3388,"roadLightingScore":39},"geometry":{"type":"MultiLineString","coordinates":[[[126.91382114,35.14499533],[126.91393126,35.14488186],[126.91394296,35.14486986],[126.91404422,35.14478222]],[[126.91360592,35.14521412],[126.9136296,35.14519116],[126.91365601,35.14516548],[126.91382114,35.14499533]],[[126.91404422,35.14478222],[126.9141835,35.1446843],[126.91441588,35.14450177]],[[126.91339438599253,35.14545327091148],[126.91345683,35.14538238],[126.91359114,35.14523079],[126.91360592,35.14521412]],[[126.91360592,35.14521412],[126.91368810579141,35.14525471172579]]]}},{"type":"Feature","properties":{"clusterId":"동구-52","roadName":"서석로","managedUnitCount":14,"matchConfidence":1,"matchMethod":"road_name_and_coordinate","estimated":true,"source":"odcloud:15113447","dataAsOf":"2024-04-15","linkedRoadCount":6,"corridorLengthMeters":190,"roadLightingEvidence":0.7597,"roadLightingScore":69},"geometry":{"type":"MultiLineString","coordinates":[[[126.91580025,35.14554704],[126.91622178,35.14573131],[126.91624599,35.14574188]],[[126.91624599,35.14574188],[126.91627019,35.14575246],[126.91641849,35.14581729],[126.91643427,35.14582418]],[[126.91643427,35.14582418],[126.91645313,35.14583241],[126.91652901,35.14586552],[126.91657308,35.14588428]],[[126.91535453,35.14535219],[126.91580025,35.14554704]],[[126.91657308,35.14588428],[126.91660038,35.1458958],[126.91662683,35.14590695],[126.91692041,35.14604505],[126.91697203,35.14606936]],[[126.91513071647549,35.14525435152885],[126.91535453,35.14535219]]]}},{"type":"Feature","properties":{"clusterId":"동구-53","roadName":"양림로","managedUnitCount":9,"matchConfidence":1,"matchMethod":"road_name_and_coordinate","estimated":true,"source":"odcloud:15113447","dataAsOf":"2024-04-15","linkedRoadCount":5,"corridorLengthMeters":197,"roadLightingEvidence":0.5666,"roadLightingScore":51},"geometry":{"type":"MultiLineString","coordinates":[[[126.92061209,35.13981533],[126.92075748,35.13989634],[126.9208854,35.13996677],[126.92093562,35.13999441]],[[126.92022609,35.13960024],[126.92061209,35.13981533]],[[126.92093562,35.13999441],[126.92099009,35.1400244],[126.92107457,35.1400709],[126.92128726,35.14018503]],[[126.91983961,35.13938574],[126.91997009,35.13945691],[126.92000004,35.13947428],[126.92022609,35.13960024]],[[126.92128726,35.14018503],[126.92163999,35.1403743]]]}},{"type":"Feature","properties":{"clusterId":"동구-54","roadName":"중앙로","managedUnitCount":14,"matchConfidence":1,"matchMethod":"road_name_and_coordinate","estimated":true,"source":"odcloud:15113447","dataAsOf":"2024-04-15","linkedRoadCount":5,"corridorLengthMeters":129,"roadLightingEvidence":0.7161,"roadLightingScore":68},"geometry":{"type":"MultiLineString","coordinates":[[[126.92036462,35.15425346],[126.92037144,35.15425956],[126.92053157,35.15440288],[126.92065381,35.15451229]],[[126.92016177,35.1540527],[126.92033157,35.15422075],[126.92036462,35.15425346]],[[126.91994053,35.15386584],[126.91995964,35.15388127],[126.92011709,35.15400847],[126.92016177,35.1540527]],[[126.9198649,35.15380751],[126.91988612,35.15382389],[126.91991944,35.15384958],[126.91994053,35.15386584]],[[126.9196883895569,35.15366089902541],[126.91974604,35.15370918],[126.9198458,35.1537917],[126.9198649,35.15380751]]]}},{"type":"Feature","properties":{"clusterId":"동구-55","roadName":"제봉로","managedUnitCount":10,"matchConfidence":1,"matchMethod":"road_name_and_coordinate","estimated":true,"source":"odcloud:15113447","dataAsOf":"2024-04-15","linkedRoadCount":5,"corridorLengthMeters":200,"roadLightingEvidence":0.8278,"roadLightingScore":79},"geometry":{"type":"MultiLineString","coordinates":[[[126.91363443,35.15490743],[126.91371274,35.15486704],[126.91376877,35.15483816],[126.91404704,35.1546656]],[[126.91404704,35.1546656],[126.91430217,35.15450739],[126.91439905,35.15444246],[126.91444753,35.15440996]],[[126.91341668,35.15466528],[126.91355418,35.15477296],[126.91358169,35.15479955],[126.91363443,35.15490743]],[[126.91321827,35.15515778],[126.91341616,35.15503486],[126.9135761,35.15494148],[126.91363443,35.15490743]],[[126.91315535,35.15444554],[126.91335796837953,35.15461724149985]]]}},{"type":"Feature","properties":{"clusterId":"동구-56","roadName":"지호로","managedUnitCount":7,"matchConfidence":1,"matchMethod":"road_name_and_coordinate","estimated":true,"source":"odcloud:15113447","dataAsOf":"2024-04-15","linkedRoadCount":4,"corridorLengthMeters":173,"roadLightingEvidence":0.5923,"roadLightingScore":52},"geometry":{"type":"MultiLineString","coordinates":[[[126.94136177,35.15405587],[126.94136272,35.15405236],[126.94139436,35.15395405],[126.94142271,35.1538897],[126.94144796,35.15384128],[126.94148511,35.15377697],[126.94154014,35.15369733]],[[126.94154014,35.15369733],[126.94155756,35.15367211],[126.94160517,35.15360751],[126.94172594,35.15344984],[126.94172913,35.153443],[126.94173416,35.15342915],[126.94176131,35.15337981],[126.94176456,35.15337316],[126.94177397,35.15335998]],[[126.94142064,35.15442515],[126.94138727,35.1543842],[126.94138067,35.15437611],[126.94136206,35.15434726],[126.94135874,35.15434211],[126.94135104,35.15432462],[126.94134074,35.15430122],[126.9413397,35.15429737],[126.94133175,35.15426208],[126.94133034,35.15423291],[126.94133203,35.15420205],[126.94135314,35.15408772],[126.94136177,35.15405587]],[[126.94177397,35.15335998],[126.94177471,35.15335893],[126.94179967,35.15333004],[126.9419057,35.15322892],[126.94193058,35.15320877],[126.94195529,35.15318876],[126.94198447,35.15316673],[126.94210913,35.15308773]]]}},{"type":"Feature","properties":{"clusterId":"동구-57","roadName":"백서로","managedUnitCount":14,"matchConfidence":1,"matchMethod":"road_name_and_coordinate","estimated":true,"source":"odcloud:15113447","dataAsOf":"2024-04-15","linkedRoadCount":5,"corridorLengthMeters":199,"roadLightingEvidence":0.5746,"roadLightingScore":52},"geometry":{"type":"MultiLineString","coordinates":[[[126.92508686,35.14535046],[126.92525204,35.14560418],[126.92529309,35.14567122]],[[126.92529309,35.14567122],[126.9253221,35.14571858],[126.92533322,35.14573675],[126.92549884,35.14597119]],[[126.92487115,35.14503395],[126.92499999,35.14521815],[126.92502078,35.14524896],[126.92508686,35.14535046]],[[126.92549884,35.14597119],[126.92571073,35.14626928]],[[126.92549884,35.14597119],[126.92555945,35.14594104],[126.92563125,35.14590532],[126.92574451,35.14597401],[126.92574843,35.14597566],[126.92575136,35.14597598],[126.92579228,35.14597207],[126.92589297,35.1460104],[126.92589939,35.14601221]]]}},{"type":"Feature","properties":{"clusterId":"동구-58","roadName":"밤실로","managedUnitCount":14,"matchConfidence":1,"matchMethod":"road_name_and_coordinate","estimated":true,"source":"odcloud:15113447","dataAsOf":"2024-04-15","linkedRoadCount":6,"corridorLengthMeters":200,"roadLightingEvidence":0.6868,"roadLightingScore":65},"geometry":{"type":"MultiLineString","coordinates":[[[126.93690821,35.14863491],[126.93691297,35.14868319],[126.93694077,35.14896546]],[[126.9366043,35.14865471],[126.93682085,35.1486406],[126.93690821,35.14863491]],[[126.93687575,35.14831987],[126.93690467,35.14860055],[126.93690821,35.14863491]],[[126.93690821,35.14863491],[126.93698315,35.14863025],[126.93703892,35.14862678],[126.93716952,35.14862036],[126.93717193,35.14862045],[126.93726565,35.14862627],[126.93728079,35.14862835],[126.9372922,35.14863142],[126.93731535,35.14863909],[126.93731809,35.14864008],[126.93732018,35.14864207],[126.93732094,35.14864522],[126.93732094,35.14865568],[126.93732071,35.14866638]],[[126.93694077,35.14896546],[126.93695864,35.14917022],[126.93696568,35.14925093]],[[126.93694077,35.14896546],[126.93701591,35.14896183],[126.93714753,35.14895547],[126.93715137,35.14895457],[126.93715686,35.14895232],[126.93717377,35.14893989],[126.93721702,35.14890201],[126.93721925006682,35.14890089875169]]]}},{"type":"Feature","properties":{"clusterId":"동구-60","roadName":"동계로","managedUnitCount":9,"matchConfidence":1,"matchMethod":"road_name_and_coordinate","estimated":true,"source":"odcloud:15113447","dataAsOf":"2024-04-15","linkedRoadCount":2,"corridorLengthMeters":55,"roadLightingEvidence":0.6559,"roadLightingScore":53},"geometry":{"type":"MultiLineString","coordinates":[[[126.92412657,35.15469033],[126.92431407,35.15473368],[126.92442147,35.15474315]],[[126.92383358,35.15462763],[126.92391229,35.15464343],[126.92399873,35.15466077],[126.92412657,35.15469033]]]}},{"type":"Feature","properties":{"clusterId":"동구-61","roadName":"구성로","managedUnitCount":17,"matchConfidence":1,"matchMethod":"road_name_and_coordinate","estimated":true,"source":"odcloud:15113447","dataAsOf":"2024-04-15","linkedRoadCount":5,"corridorLengthMeters":200,"roadLightingEvidence":0.5668,"roadLightingScore":51},"geometry":{"type":"MultiLineString","coordinates":[[[126.9172657,35.15591623],[126.91733594,35.1559755],[126.91764125,35.1562332]],[[126.91694359,35.15563381],[126.91704491,35.15572987],[126.91721261,35.15587141],[126.9172657,35.15591623]],[[126.91764125,35.1562332],[126.91769464,35.15627826],[126.91795382,35.15647837],[126.91803121,35.15653812]],[[126.91664173504026,35.15535981382021],[126.91686237,35.15555682],[126.91694359,35.15563381]],[[126.91803121,35.15653812],[126.91808432,35.15659511],[126.91813252,35.15664683],[126.91815301410098,35.15666456566511]]]}},{"type":"Feature","properties":{"clusterId":"동구-62","roadName":"지호로","managedUnitCount":7,"matchConfidence":1,"matchMethod":"road_name_and_coordinate","estimated":true,"source":"odcloud:15113447","dataAsOf":"2024-04-15","linkedRoadCount":7,"corridorLengthMeters":200,"roadLightingEvidence":0.5842,"roadLightingScore":52},"geometry":{"type":"MultiLineString","coordinates":[[[126.93037828,35.14882465],[126.93042443,35.14880646],[126.93073873,35.14868263]],[[126.93073873,35.14868263],[126.93077598,35.14872991],[126.93077718,35.14873145],[126.9307953,35.14874671],[126.93084616,35.14876889],[126.93092089,35.14879509],[126.93095576,35.14881048]],[[126.93073873,35.14868263],[126.93107831,35.1485538],[126.93111345,35.14854047]],[[126.93002052,35.148954],[126.93007069,35.14893587],[126.93033507,35.14884028],[126.93037828,35.14882465]],[[126.93111345,35.14854047],[126.93114382,35.14852895],[126.93121775,35.14850089],[126.93126934,35.14848133]],[[126.93126934,35.14848133],[126.93128614,35.14847495],[126.93138658,35.14843685]],[[126.92958153154783,35.14912447848965],[126.92995976211533,35.14897759580936]]]}},{"type":"Feature","properties":{"clusterId":"동구-64","roadName":"밤실로","managedUnitCount":24,"matchConfidence":1,"matchMethod":"road_name_and_coordinate","estimated":true,"source":"odcloud:15113447","dataAsOf":"2024-04-15","linkedRoadCount":6,"corridorLengthMeters":200,"roadLightingEvidence":0.664,"roadLightingScore":65},"geometry":{"type":"MultiLineString","coordinates":[[[126.936976,35.14938452],[126.93697712,35.14940158],[126.93700297,35.14979704],[126.93700401,35.14981295]],[[126.93696568,35.14925093],[126.93697236,35.14933736],[126.93697434,35.14936308],[126.936976,35.14938452]],[[126.93694077,35.14896546],[126.93695864,35.14917022],[126.93696568,35.14925093]],[[126.93700401,35.14981295],[126.93707794,35.14980606],[126.93728799,35.14978647],[126.93738757,35.14977914],[126.93740604,35.14977592]],[[126.93700401,35.14981295],[126.93700526,35.1498425],[126.93701193,35.15000065],[126.93701638,35.15012388],[126.93701761,35.15015022],[126.93702137,35.15023056]],[[126.93690821,35.14863491],[126.93691297,35.14868319],[126.93692792919781,35.148835079912025]]]}},{"type":"Feature","properties":{"clusterId":"동구-65","roadName":"지호로","managedUnitCount":16,"matchConfidence":1,"matchMethod":"road_name_and_coordinate","estimated":true,"source":"odcloud:15113447","dataAsOf":"2024-04-15","linkedRoadCount":6,"corridorLengthMeters":200,"roadLightingEvidence":0.57,"roadLightingScore":51},"geometry":{"type":"MultiLineString","coordinates":[[[126.94277904,35.14929005],[126.94318692,35.14927474]],[[126.94237114,35.14930194],[126.94243805,35.14930327],[126.94244071,35.14930332],[126.94267458,35.14929397],[126.94277904,35.14929005]],[[126.94318692,35.14927474],[126.9435544,35.14926094],[126.9435948,35.14925943]],[[126.94205952,35.1492341],[126.94211496,35.1492528],[126.9421248,35.14925612],[126.94218734,35.14927265],[126.94227764,35.14929189],[126.94233618,35.14929818],[126.94237114,35.14930194]],[[126.9435948,35.14925943],[126.94361566,35.14931743],[126.94365097,35.1493357],[126.94387177,35.14942153],[126.94391052,35.1494366]],[[126.9435948,35.14925943],[126.94366021,35.14925701],[126.94384234815811,35.14925025451485]]]}},{"type":"Feature","properties":{"clusterId":"동구-66","roadName":"지호로","managedUnitCount":12,"matchConfidence":0.6,"matchMethod":"parcel_and_coordinate","estimated":true,"source":"odcloud:15113447","dataAsOf":"2024-04-15","linkedRoadCount":6,"corridorLengthMeters":150,"roadLightingEvidence":0.3408,"roadLightingScore":39},"geometry":{"type":"MultiLineString","coordinates":[[[126.94437005,35.1503869],[126.94438764,35.15037628],[126.94443799,35.15034764],[126.94448324,35.15033085],[126.94455535,35.15031124],[126.94462508,35.15029673],[126.9446741,35.15029161],[126.94469884,35.15029057]],[[126.94469884,35.15029057],[126.94473587,35.15028902],[126.94479226,35.15029298],[126.94487656,35.15030528],[126.94493902,35.15031317],[126.94494864,35.15031438],[126.9450512,35.15031217]],[[126.94429077,35.15060409],[126.94429221,35.15057158],[126.94429245,35.1505661],[126.94429647,35.15053267],[126.94430446,35.15049159],[126.94431558,35.15046438],[126.94433131,35.1504345],[126.94433613,35.15042496],[126.94435408,35.15040209],[126.94437005,35.1503869]],[[126.9450512,35.15031217],[126.94513525,35.15029967],[126.94517234,35.15029243],[126.94524258,35.15027874],[126.94542945,35.15024822]],[[126.94410953654088,35.150698677571924],[126.94413291,35.15067982],[126.94416606,35.15065651],[126.9441953,35.15063339],[126.94422802,35.15061614],[126.94423168,35.15061501],[126.94425863,35.15060676],[126.94429077,35.15060409]],[[126.94429077,35.15060409],[126.94429331,35.15063947],[126.9442939185855,35.15064393125673]]]}},{"type":"Feature","properties":{"clusterId":"동구-67","roadName":"무등로","managedUnitCount":29,"matchConfidence":0.6,"matchMethod":"parcel_and_coordinate","estimated":true,"source":"odcloud:15113447","dataAsOf":"2024-04-15","linkedRoadCount":3,"corridorLengthMeters":135,"roadLightingEvidence":0.3525,"roadLightingScore":40},"geometry":{"type":"MultiLineString","coordinates":[[[126.94214846,35.15699042],[126.94216165,35.15699069],[126.94223826,35.15698583],[126.94234318,35.15696664],[126.94241018,35.15695312],[126.94254173,35.15691973],[126.94262025,35.15689946],[126.94265814,35.1568854]],[[126.94265814,35.1568854],[126.94269542,35.15687157],[126.9428752,35.15679301],[126.94300658,35.15673261],[126.94308235,35.15670195],[126.94313014,35.1566951]],[[126.94180952085024,35.15679193029809],[126.94191877,35.15687651],[126.9419803,35.15692167],[126.94204183,35.15696401],[126.94207521,35.15698176],[126.9421214,35.15698986],[126.94214843722267,35.15699041952863]]]}},{"type":"Feature","properties":{"clusterId":"동구-68","roadName":"무등로","managedUnitCount":18,"matchConfidence":0.6,"matchMethod":"parcel_and_coordinate","estimated":true,"source":"odcloud:15113447","dataAsOf":"2024-04-15","linkedRoadCount":4,"corridorLengthMeters":142,"roadLightingEvidence":0.3429,"roadLightingScore":39},"geometry":{"type":"MultiLineString","coordinates":[[[126.9396835,35.15702027],[126.93976084,35.15702998],[126.93981624,35.15703983],[126.93984998,35.15704582],[126.93992396,35.1570662],[126.93997156,35.15708169]],[[126.93997156,35.15708169],[126.93999321,35.15708873],[126.94007256,35.15710317],[126.94011854,35.15709721],[126.94016561,35.15708136],[126.94019211,35.15706965],[126.9401981,35.157067],[126.94022013,35.15704664]],[[126.93927207,35.15726615],[126.93949984,35.15709607],[126.93958546,35.15703737],[126.93960763,35.1570335],[126.9396835,35.15702027]],[[126.94022013,35.15704664],[126.94023341,35.15702533],[126.94023516,35.15701825],[126.94023798,35.15700674],[126.940239,35.15697108],[126.9402376,35.15693222],[126.94023318,35.15689879],[126.94021984,35.15686206],[126.94016477,35.15677304],[126.94010123178657,35.15669192229318]]]}},{"type":"Feature","properties":{"clusterId":"동구-69","roadName":"필문대로187번길","managedUnitCount":17,"matchConfidence":1,"matchMethod":"road_name_and_coordinate","estimated":true,"source":"odcloud:15113447","dataAsOf":"2024-04-15","linkedRoadCount":7,"corridorLengthMeters":160,"roadLightingEvidence":0.5381,"roadLightingScore":49},"geometry":{"type":"MultiLineString","coordinates":[[[126.93629315,35.1548039],[126.93651319,35.15484846],[126.93652132,35.15485068],[126.93660738,35.15487418]],[[126.93597674,35.15473983],[126.9360295,35.1547505],[126.93629315,35.1548039]],[[126.9358604,35.15471371],[126.93588048,35.15471822],[126.93591299,35.15472551],[126.93597674,35.15473983]],[[126.93570139,35.15468136],[126.93571472,35.15468408],[126.93583519,35.15470858],[126.9358604,35.15471371]],[[126.93576449,35.15497451],[126.93584998,35.15474073],[126.9358604,35.15471371]],[[126.93546523698349,35.1546315014542],[126.93549186,35.15463856],[126.93549525,35.15463926],[126.93568346,35.15467779],[126.93570139,35.15468136]],[[126.93570139,35.15468136],[126.93570676,35.15465538],[126.93574213619749,35.15448469238562]]]}},{"type":"Feature","properties":{"clusterId":"동구-70","roadName":"필문대로191번길","managedUnitCount":15,"matchConfidence":1,"matchMethod":"road_name_and_coordinate","estimated":true,"source":"odcloud:15113447","dataAsOf":"2024-04-15","linkedRoadCount":9,"corridorLengthMeters":200,"roadLightingEvidence":0.5955,"roadLightingScore":53},"geometry":{"type":"MultiLineString","coordinates":[[[126.93429101,35.15363265],[126.93432879,35.15345045],[126.9343462,35.15336274],[126.93435207,35.15333316]],[[126.93435207,35.15333316],[126.93442681,35.15334504]],[[126.93405863,35.15330096],[126.93407287,35.15330241],[126.93426682,35.15332215],[126.93427771,35.15332356],[126.93435207,35.15333316]],[[126.93442681,35.15334504],[126.93447411,35.15335255],[126.93459814,35.15336846]],[[126.93422894,35.153932],[126.93423222,35.15391625],[126.93429101,35.15363265]],[[126.93459814,35.15336846],[126.9346315,35.15337318]],[[126.93374568,35.15326641],[126.9338183,35.15327591],[126.93384734,35.15327972],[126.93403779,35.15329886],[126.93405863,35.15330096]],[[126.93422186,35.15396644],[126.9342232,35.15395994],[126.93422642,35.15394429],[126.93422894,35.153932]],[[126.93456479,35.15379735],[126.93461709,35.15343232],[126.93462048,35.15342059],[126.93462451,35.15340325],[126.93463065088203,35.15337683278776]]]}},{"type":"Feature","properties":{"clusterId":"동구-71","roadName":"필문대로","managedUnitCount":11,"matchConfidence":1,"matchMethod":"road_name_and_coordinate","estimated":true,"source":"odcloud:15113447","dataAsOf":"2024-04-15","linkedRoadCount":4,"corridorLengthMeters":113,"roadLightingEvidence":0.6488,"roadLightingScore":54},"geometry":{"type":"MultiLineString","coordinates":[[[126.93099378,35.15122729],[126.93126213,35.15115197],[126.93130761,35.15113919]],[[126.93099378,35.15122729],[126.93100067,35.15124441]],[[126.93100067,35.15124441],[126.93112532,35.15155435]],[[126.93053125,35.15135716],[126.93072726,35.15130213],[126.93099378,35.15122729]]]}},{"type":"Feature","properties":{"clusterId":"동구-73","roadName":"동명로69번길","managedUnitCount":15,"matchConfidence":1,"matchMethod":"road_name_and_coordinate","estimated":true,"source":"odcloud:15113447","dataAsOf":"2024-04-15","linkedRoadCount":5,"corridorLengthMeters":189,"roadLightingEvidence":0.5713,"roadLightingScore":52},"geometry":{"type":"MultiLineString","coordinates":[[[126.92783945,35.15202431],[126.92791388,35.15180656],[126.92794433,35.15174494],[126.92794722,35.15173908],[126.92799327,35.15163393]],[[126.92799327,35.15163393],[126.92800587,35.151593],[126.92808918,35.15132224]],[[126.92770429,35.15241977],[126.92783945,35.15202431]],[[126.92808918,35.15132224],[126.92811613,35.15123467],[126.9281445,35.15115312],[126.92820419,35.15101522]],[[126.92762837852267,35.15265132199848],[126.92763453,35.15263111],[126.92765026,35.15257938],[126.92765457,35.15256524],[126.92770429,35.15241977]]]}},{"type":"Feature","properties":{"clusterId":"동구-74","roadName":"서남로","managedUnitCount":9,"matchConfidence":1,"matchMethod":"road_name_and_coordinate","estimated":true,"source":"odcloud:15113447","dataAsOf":"2024-04-15","linkedRoadCount":4,"corridorLengthMeters":116,"roadLightingEvidence":0.8435,"roadLightingScore":67},"geometry":{"type":"MultiLineString","coordinates":[[[126.92360084,35.14501632],[126.92377258,35.14493872],[126.9239091,35.14487744]],[[126.9239091,35.14487744],[126.92424034,35.14472876]],[[126.92424034,35.14472876],[126.92431789,35.14469395],[126.92446081,35.1446324],[126.92457392,35.14458368]],[[126.92457392,35.14458368],[126.92468531,35.14453571],[126.92472523547544,35.14451851047576]]]}},{"type":"Feature","properties":{"clusterId":"동구-75","roadName":"밤실로","managedUnitCount":26,"matchConfidence":1,"matchMethod":"road_name_and_coordinate","estimated":true,"source":"odcloud:15113447","dataAsOf":"2024-04-15","linkedRoadCount":3,"corridorLengthMeters":100,"roadLightingEvidence":0.571,"roadLightingScore":50},"geometry":{"type":"MultiLineString","coordinates":[[[126.93519178,35.16138824],[126.93519227,35.16138551],[126.93520695,35.16108981],[126.93520795,35.16106956]],[[126.93520795,35.16106956],[126.93520881,35.16105234],[126.93521909,35.16084547],[126.93522112,35.16081573],[126.93522781,35.16071756]],[[126.93522781,35.16071756],[126.93523463,35.16061751],[126.93523965,35.16054386],[126.93524385014754,35.16048996105536]]]}},{"type":"Feature","properties":{"clusterId":"동구-76","roadName":"밤실로","managedUnitCount":8,"matchConfidence":1,"matchMethod":"road_name_and_coordinate","estimated":true,"source":"odcloud:15113447","dataAsOf":"2024-04-15","linkedRoadCount":6,"corridorLengthMeters":192,"roadLightingEvidence":0.568,"roadLightingScore":51},"geometry":{"type":"MultiLineString","coordinates":[[[126.93600887,35.15650613],[126.9360333,35.15645171],[126.93605696,35.15639553],[126.93612128,35.1562278]],[[126.93586591,35.15685833],[126.93588015,35.156823],[126.9359212,35.15671796],[126.93597554,35.15658548],[126.93600887,35.15650613]],[[126.93612128,35.1562278],[126.93619142,35.15604487],[126.93622839,35.15594801]],[[126.93622839,35.15594801],[126.93626358,35.15584486],[126.93626803,35.1558318],[126.93629697,35.15576201],[126.93631595,35.15571258]],[[126.93572391,35.1572108],[126.93573335,35.15718739],[126.93586591,35.15685833]],[[126.93631595,35.15571258],[126.9363293,35.1556777],[126.93634557,35.15563523],[126.93637428800544,35.15556582288052]]]}},{"type":"Feature","properties":{"clusterId":"동구-77","roadName":"무등로","managedUnitCount":14,"matchConfidence":1,"matchMethod":"road_name_and_coordinate","estimated":true,"source":"odcloud:15113447","dataAsOf":"2024-04-15","linkedRoadCount":8,"corridorLengthMeters":200,"roadLightingEvidence":0.5705,"roadLightingScore":52},"geometry":{"type":"MultiLineString","coordinates":[[[126.93468347,35.15577012],[126.93474416,35.15561214],[126.93476701,35.15555266]],[[126.93448097,35.15547739],[126.93451183,35.15548519],[126.93453122,35.1554901],[126.93476701,35.15555266]],[[126.93476701,35.15555266],[126.93512717,35.15564843]],[[126.93512717,35.15564843],[126.93520626,35.15567019]],[[126.93438092,35.15574401],[126.93445877,35.15553652],[126.93448097,35.15547739]],[[126.93411665,35.15538226],[126.93419257,35.15540313],[126.93445022,35.1554693],[126.93448097,35.15547739]],[[126.93511895,35.15588499],[126.93518103,35.15573227],[126.93520626,35.15567019]],[[126.93520626,35.15567019],[126.93535617918833,35.15571114095089]]]}},{"type":"Feature","properties":{"clusterId":"동구-78","roadName":"남문로","managedUnitCount":8,"matchConfidence":0.8,"matchMethod":"road_name","estimated":true,"source":"odcloud:15113447","dataAsOf":"2024-04-15","linkedRoadCount":1,"corridorLengthMeters":36,"roadLightingEvidence":0.7072,"roadLightingScore":57},"geometry":{"type":"MultiLineString","coordinates":[[[126.93290212,35.12197693],[126.93310789,35.12202076],[126.93318095,35.12202378],[126.93320618,35.12202379],[126.93329417,35.12201978]]]}},{"type":"Feature","properties":{"clusterId":"동구-79","roadName":"제봉로","managedUnitCount":20,"matchConfidence":1,"matchMethod":"road_name_and_coordinate","estimated":true,"source":"odcloud:15113447","dataAsOf":"2024-04-15","linkedRoadCount":5,"corridorLengthMeters":156,"roadLightingEvidence":0.6839,"roadLightingScore":73},"geometry":{"type":"MultiLineString","coordinates":[[[126.92130921,35.1500569],[126.92139553,35.15000031],[126.92148886,35.14994018],[126.92152182,35.14991792],[126.92157793,35.14988003]],[[126.92104387,35.15023718],[126.92107852,35.1502132],[126.92121583,35.15011813],[126.92130921,35.1500569]],[[126.92157793,35.14988003],[126.9216364,35.14984049],[126.92168038,35.14981078],[126.92185136,35.14969764]],[[126.9208088,35.15038285],[126.92083762,35.15036473],[126.92100225,35.15026188],[126.92102124,35.1502506],[126.92104387,35.15023718]],[[126.92050863713841,35.150573371268266],[126.92072213,35.15043527],[126.9207711,35.15040566],[126.92080878578975,35.15038285859777]]]}},{"type":"Feature","properties":{"clusterId":"동구-80","roadName":"무등로","managedUnitCount":9,"matchConfidence":1,"matchMethod":"road_name_and_coordinate","estimated":true,"source":"odcloud:15113447","dataAsOf":"2024-04-15","linkedRoadCount":5,"corridorLengthMeters":197,"roadLightingEvidence":0.5661,"roadLightingScore":51},"geometry":{"type":"MultiLineString","coordinates":[[[126.93742317,35.15634457],[126.93746114,35.15636343],[126.93760419,35.15643447],[126.93764545,35.1564566],[126.93769955,35.15648587]],[[126.93769955,35.15648587],[126.93780054,35.15656074],[126.93786796,35.15661003],[126.93792838,35.15665592],[126.93807668,35.15677361]],[[126.93701373,35.15619438],[126.9370351,35.15620162],[126.93724945,35.15627283],[126.93734316,35.15630865],[126.93736785,35.15631974],[126.93742317,35.15634457]],[[126.93807668,35.15677361],[126.93809785,35.15679042],[126.93817137,35.15684978],[126.93820598,35.15688967],[126.93823632,35.15693063],[126.93832135,35.15704864],[126.93833313,35.15706406],[126.93837313,35.15711631]],[[126.93668285645813,35.156087516988165],[126.93684529,35.15613818],[126.93687188,35.15614713],[126.93689787,35.15615537],[126.93699536,35.15618833],[126.93701368053985,35.156194363710725]]]}},{"type":"Feature","properties":{"clusterId":"동구-81","roadName":"동명로","managedUnitCount":10,"matchConfidence":1,"matchMethod":"road_name_and_coordinate","estimated":true,"source":"odcloud:15113447","dataAsOf":"2024-04-15","linkedRoadCount":6,"corridorLengthMeters":200,"roadLightingEvidence":0.7908,"roadLightingScore":66},"geometry":{"type":"MultiLineString","coordinates":[[[126.92562194,35.15153844],[126.9256597,35.151532],[126.92612626,35.15144272]],[[126.92612626,35.15144272],[126.92621265,35.15142619],[126.92640915,35.15138076],[126.92662332,35.15132469]],[[126.92552043,35.15155631],[126.9255692,35.15154771],[126.92562194,35.15153844]],[[126.92562194,35.15153844],[126.92562888,35.15162862],[126.92563029,35.1516469],[126.9256866,35.15186614]],[[126.9252004,35.15161638],[126.92552043,35.15155631]],[[126.92662332,35.15132469],[126.92685796,35.15126327],[126.92693327715051,35.1512444367785]]]}},{"type":"Feature","properties":{"clusterId":"동구-83","roadName":"동명로67번길","managedUnitCount":37,"matchConfidence":1,"matchMethod":"road_name_and_coordinate","estimated":true,"source":"odcloud:15113447","dataAsOf":"2024-04-15","linkedRoadCount":4,"corridorLengthMeters":131,"roadLightingEvidence":0.5497,"roadLightingScore":49},"geometry":{"type":"MultiLineString","coordinates":[[[126.9251491,35.15357115],[126.92545437,35.15343464],[126.9254725,35.15342577]],[[126.9254725,35.15342577],[126.92575722,35.15328645],[126.92578917,35.1532707]],[[126.92578917,35.1532707],[126.92583159,35.15324939],[126.92586587,35.15323218],[126.92606953,35.15310509]],[[126.92578917,35.1532707],[126.92579535,35.15328534],[126.92580741,35.15330838],[126.92582602,35.15333586],[126.92583065,35.15334208],[126.92584356,35.1533594],[126.9259632037407,35.15352954576055]]]}},{"type":"Feature","properties":{"clusterId":"동구-85","roadName":"경양로","managedUnitCount":11,"matchConfidence":1,"matchMethod":"road_name_and_coordinate","estimated":true,"source":"odcloud:15113447","dataAsOf":"2024-04-15","linkedRoadCount":9,"corridorLengthMeters":200,"roadLightingEvidence":0.5975,"roadLightingScore":53},"geometry":{"type":"MultiLineString","coordinates":[[[126.92904703,35.15405957],[126.92913931,35.15407116],[126.92929055,35.15409433],[126.92933054,35.15410046]],[[126.92933054,35.15410046],[126.9293685,35.15410412],[126.92941366,35.15410849],[126.92945451,35.15411312],[126.92947145,35.15411504]],[[126.92947145,35.15411504],[126.92949915,35.1541787],[126.9295101,35.15420591],[126.92955676,35.15431076],[126.92956987,35.15433939]],[[126.92947145,35.15411504],[126.92953725,35.15412436],[126.92966205,35.15414203],[126.92980988,35.15416993],[126.92983448,35.15417456]],[[126.92876435,35.15401487],[126.92889252,35.15403539],[126.92895221,35.15404494],[126.9290315,35.15405762],[126.92904703,35.15405957]],[[126.92956987,35.15433939],[126.92958956,35.15438241],[126.92966344,35.15456512]],[[126.92983448,35.15417456],[126.92987829,35.15418204],[126.92990252,35.15418618],[126.93006682,35.15422098]],[[126.92876435,35.15401487],[126.92877714,35.15395666],[126.92881454,35.15378628]],[[126.92831477,35.1539429],[126.92831995133334,35.153943729452244]]]}},{"type":"Feature","properties":{"clusterId":"동구-86","roadName":"동계천로","managedUnitCount":16,"matchConfidence":1,"matchMethod":"road_name_and_coordinate","estimated":true,"source":"odcloud:15113447","dataAsOf":"2024-04-15","linkedRoadCount":6,"corridorLengthMeters":200,"roadLightingEvidence":0.5957,"roadLightingScore":53},"geometry":{"type":"MultiLineString","coordinates":[[[126.92585783,35.14887747],[126.92593278,35.14890382],[126.92627419,35.14902386],[126.92636238,35.14905487]],[[126.92636238,35.14905487],[126.92641075,35.14907053],[126.92659655,35.14913071],[126.9266114,35.14913233],[126.92667326,35.14913903]],[[126.92656681,35.14935367],[126.92657686,35.1493297],[126.92658388,35.14931238],[126.92662255,35.14921689],[126.92663535,35.14919723],[126.92667326,35.14913903]],[[126.92585541,35.14912221],[126.92584201,35.14907341],[126.92583182,35.14899911],[126.92584101,35.1489561],[126.92585783,35.14887747]],[[126.92667326,35.14913903],[126.92674053,35.14914785],[126.92690698,35.14916968],[126.92695367,35.14917161],[126.92707457,35.14916744]],[[126.92546315,35.1487691],[126.92554024,35.14878281],[126.92559833,35.1487951],[126.92567472,35.14881504],[126.92577629060348,35.14884933055793]]]}},{"type":"Feature","properties":{"clusterId":"동구-87","roadName":"서석로","managedUnitCount":14,"matchConfidence":1,"matchMethod":"road_name_and_coordinate","estimated":true,"source":"odcloud:15113447","dataAsOf":"2024-04-15","linkedRoadCount":6,"corridorLengthMeters":200,"roadLightingEvidence":0.7592,"roadLightingScore":69},"geometry":{"type":"MultiLineString","coordinates":[[[126.91535453,35.14535219],[126.91580025,35.14554704]],[[126.9149088,35.14515734],[126.91493309,35.14516796],[126.91535453,35.14535219]],[[126.91580025,35.14554704],[126.91622178,35.14573131],[126.91624599,35.14574188]],[[126.91624599,35.14574188],[126.91627019,35.14575246],[126.91641849,35.14581729],[126.91643427,35.14582418]],[[126.91456773117133,35.14500837901088],[126.91486749,35.14513928],[126.9149088,35.14515734]],[[126.91643427,35.14582418],[126.91645313,35.14583241],[126.91650772282853,35.145856231417]]]}},{"type":"Feature","properties":{"clusterId":"동구-89","roadName":"천변우로","managedUnitCount":30,"matchConfidence":0.6,"matchMethod":"parcel_and_coordinate","estimated":true,"source":"odcloud:15113447","dataAsOf":"2024-04-15","linkedRoadCount":6,"corridorLengthMeters":150,"roadLightingEvidence":0.3417,"roadLightingScore":39},"geometry":{"type":"MultiLineString","coordinates":[[[126.92278038,35.13512844],[126.92286841,35.13502644],[126.92300239,35.13489166]],[[126.92300239,35.13489166],[126.92300744,35.13488658],[126.92322885,35.13468452],[126.92324564,35.13466919]],[[126.92324564,35.13466919],[126.92326291,35.13465342],[126.92334566,35.13457791],[126.92340599,35.13452208],[126.9234206,35.13450856]],[[126.92257152,35.13539948],[126.92272477,35.13519286],[126.92278038,35.13512844]],[[126.9234206,35.13450856],[126.92349799,35.13456132],[126.9235623414347,35.134605182793436]],[[126.9234206,35.13450856],[126.92343974,35.13449084],[126.9234736073668,35.13445949676936]]]}},{"type":"Feature","properties":{"clusterId":"동구-90","roadName":"남문로","managedUnitCount":33,"matchConfidence":1,"matchMethod":"road_name_and_coordinate","estimated":true,"source":"odcloud:15113447","dataAsOf":"2024-04-15","linkedRoadCount":3,"corridorLengthMeters":107,"roadLightingEvidence":0.8265,"roadLightingScore":64},"geometry":{"type":"MultiLineString","coordinates":[[[126.92526957,35.13691406],[126.92542841,35.1370066],[126.92545131,35.13701995],[126.92558051,35.1370824],[126.92558402,35.13708428]],[[126.92558402,35.13708428],[126.92561286,35.13709973],[126.92577814,35.13719069],[126.92587509,35.13724275],[126.92589971,35.1372532]],[[126.92589971,35.1372532],[126.92594233,35.13727128],[126.92600506,35.13730584],[126.92601186,35.13731143],[126.92609833,35.13737999],[126.92619745,35.13745143],[126.92622375,35.13747039]]]}},{"type":"Feature","properties":{"clusterId":"동구-91","roadName":"제봉로","managedUnitCount":13,"matchConfidence":1,"matchMethod":"road_name_and_coordinate","estimated":true,"source":"odcloud:15113447","dataAsOf":"2024-04-15","linkedRoadCount":5,"corridorLengthMeters":200,"roadLightingEvidence":0.5879,"roadLightingScore":52},"geometry":{"type":"MultiLineString","coordinates":[[[126.92189561,35.14749655],[126.92189291,35.14788102]],[[126.92189291,35.14788102],[126.92189087,35.14817371],[126.92189714,35.14824035],[126.92190179,35.148265]],[[126.92189561,35.14749655],[126.92189969,35.14715543],[126.92190022,35.14711206]],[[126.92189561,35.14749655],[126.92202943,35.14750162],[126.92241301,35.14752396]],[[126.92190179,35.148265],[126.92192784,35.14840396],[126.92194371821114,35.14848355794996]]]}},{"type":"Feature","properties":{"clusterId":"동구-92","roadName":"백서로197번길","managedUnitCount":5,"matchConfidence":0.6,"matchMethod":"parcel_and_coordinate","estimated":true,"source":"odcloud:15113447","dataAsOf":"2024-04-15","linkedRoadCount":4,"corridorLengthMeters":150,"roadLightingEvidence":0.3448,"roadLightingScore":39},"geometry":{"type":"MultiLineString","coordinates":[[[126.92442503,35.14641357],[126.92451521,35.14635083],[126.92451628,35.14635009],[126.92451947,35.14634432],[126.92452035,35.14633387],[126.92451653,35.14631286],[126.9245016,35.14626367],[126.92448962,35.14622424],[126.92447441,35.14617745],[126.92446663,35.14615897],[126.92446116,35.14615022],[126.92444296,35.14612771],[126.92442169,35.14610414]],[[126.92408892,35.1466474],[126.92442503,35.14641357]],[[126.92442169,35.14610414],[126.92447052,35.1460786],[126.92475327475175,35.145929856279494]],[[126.92380533341962,35.146844681439276],[126.92408889205554,35.14664741944008]]]}},{"type":"Feature","properties":{"clusterId":"동구-93","roadName":"제봉로","managedUnitCount":12,"matchConfidence":1,"matchMethod":"road_name_and_coordinate","estimated":true,"source":"odcloud:15113447","dataAsOf":"2024-04-15","linkedRoadCount":7,"corridorLengthMeters":200,"roadLightingEvidence":0.8462,"roadLightingScore":68},"geometry":{"type":"MultiLineString","coordinates":[[[126.92134029,35.14138844],[126.92154435,35.14113005]],[[126.92117466,35.14159819],[126.92134029,35.14138844]],[[126.92107123,35.14123058],[126.9212238,35.1413201],[126.92134029,35.14138844]],[[126.92120774,35.14095226],[126.9212308,35.14096463],[126.92143018,35.14106981],[126.92154435,35.14113005]],[[126.92154435,35.14113005],[126.92157155,35.14109561],[126.92159149,35.14107035],[126.92163164,35.1410195],[126.92171099,35.14091901],[126.92176831,35.14084669]],[[126.92100902,35.14180795],[126.92102261,35.14179073],[126.92117466,35.14159819]],[[126.92082454,35.14115799],[126.92085065,35.14111342],[126.92085832368977,35.14111202794763]]]}},{"type":"Feature","properties":{"clusterId":"동구-94","roadName":"제봉로","managedUnitCount":13,"matchConfidence":1,"matchMethod":"road_name_and_coordinate","estimated":true,"source":"odcloud:15113447","dataAsOf":"2024-04-15","linkedRoadCount":5,"corridorLengthMeters":196,"roadLightingEvidence":0.7159,"roadLightingScore":75},"geometry":{"type":"MultiLineString","coordinates":[[[126.92005411,35.15086739],[126.9204304,35.15062398]],[[126.91967782,35.15111079],[126.92005411,35.15086739]],[[126.9204304,35.15062398],[126.92072213,35.15043527],[126.9207711,35.15040566],[126.9208088,35.15038285]],[[126.91930476,35.15135745],[126.91933419,35.15133703],[126.91941798,35.15127887],[126.91967782,35.15111079]],[[126.9208088,35.15038285],[126.92083762,35.15036473],[126.920995850502,35.150265877994606]]]}},{"type":"Feature","properties":{"clusterId":"동구-95","roadName":"제봉로","managedUnitCount":11,"matchConfidence":1,"matchMethod":"road_name_and_coordinate","estimated":true,"source":"odcloud:15113447","dataAsOf":"2024-04-15","linkedRoadCount":5,"corridorLengthMeters":184,"roadLightingEvidence":0.5763,"roadLightingScore":68},"geometry":{"type":"MultiLineString","coordinates":[[[126.9151131,35.15399812],[126.91519824,35.15394421],[126.91544433,35.15378789]],[[126.91544433,35.15378789],[126.91577546,35.15357755]],[[126.9147804,35.15420413],[126.91500048,35.15406802],[126.9151131,35.15399812]],[[126.91577546,35.15357755],[126.91605095,35.15340254],[126.91608477,35.15338023],[126.91610579,35.15336637]],[[126.91450377162124,35.154375194450026],[126.91478037720105,35.15420414409871]]]}},{"type":"Feature","properties":{"clusterId":"동구-96","roadName":"제봉로","managedUnitCount":11,"matchConfidence":1,"matchMethod":"road_name_and_coordinate","estimated":true,"source":"odcloud:15113447","dataAsOf":"2024-04-15","linkedRoadCount":5,"corridorLengthMeters":200,"roadLightingEvidence":0.8278,"roadLightingScore":79},"geometry":{"type":"MultiLineString","coordinates":[[[126.91363443,35.15490743],[126.91371274,35.15486704],[126.91376877,35.15483816],[126.91404704,35.1546656]],[[126.91341668,35.15466528],[126.91355418,35.15477296],[126.91358169,35.15479955],[126.91363443,35.15490743]],[[126.91404704,35.1546656],[126.91430217,35.15450739],[126.91439905,35.15444246],[126.91444753,35.15440996]],[[126.91321827,35.15515778],[126.91341616,35.15503486],[126.9135761,35.15494148],[126.91363443,35.15490743]],[[126.91315535,35.15444554],[126.91335796837953,35.15461724149985]]]}},{"type":"Feature","properties":{"clusterId":"동구-98","roadName":"무등로","managedUnitCount":15,"matchConfidence":1,"matchMethod":"road_name_and_coordinate","estimated":true,"source":"odcloud:15113447","dataAsOf":"2024-04-15","linkedRoadCount":5,"corridorLengthMeters":200,"roadLightingEvidence":0.7246,"roadLightingScore":68},"geometry":{"type":"MultiLineString","coordinates":[[[126.93034427,35.15611626],[126.93062669,35.15585205],[126.93064739,35.15583268]],[[126.93064739,35.15583268],[126.93066259,35.1558181],[126.93088342,35.15560628],[126.93095819,35.15553738]],[[126.93004538,35.15640275],[126.93007693,35.15637048],[126.93012393,35.15632239],[126.93034427,35.15611626]],[[126.93068332,35.15534619],[126.93086148,35.15547529],[126.93087418,35.15548344],[126.93095819,35.15553738]],[[126.93095819,35.15553738],[126.93124957152354,35.15526664419172]]]}},{"type":"Feature","properties":{"clusterId":"동구-99","roadName":"무등로","managedUnitCount":12,"matchConfidence":1,"matchMethod":"road_name_and_coordinate","estimated":true,"source":"odcloud:15113447","dataAsOf":"2024-04-15","linkedRoadCount":6,"corridorLengthMeters":200,"roadLightingEvidence":0.7683,"roadLightingScore":65},"geometry":{"type":"MultiLineString","coordinates":[[[126.91851964,35.16177575],[126.91894518,35.16166052]],[[126.91809273,35.16188727],[126.91812646,35.1618795],[126.91819274,35.16186427],[126.91851964,35.16177575]],[[126.91894518,35.16166052],[126.91933241,35.16155565],[126.91937075,35.16154539]],[[126.91779925,35.16195662],[126.91801122,35.16190757],[126.91806594,35.16189379],[126.91809273,35.16188727]],[[126.91937075,35.16154539],[126.91941694,35.16153412],[126.91953658,35.1615049],[126.919680919667,35.16146742202918]],[[126.91758255765848,35.16200677905515],[126.91758264,35.16200676],[126.91779922037091,35.16195662685844]]]}},{"type":"Feature","properties":{"clusterId":"동구-100","roadName":"무등로","managedUnitCount":12,"matchConfidence":1,"matchMethod":"road_name_and_coordinate","estimated":true,"source":"odcloud:15113447","dataAsOf":"2024-04-15","linkedRoadCount":6,"corridorLengthMeters":200,"roadLightingEvidence":0.776,"roadLightingScore":65},"geometry":{"type":"MultiLineString","coordinates":[[[126.91809273,35.16188727],[126.91812646,35.1618795],[126.91819274,35.16186427],[126.91851964,35.16177575]],[[126.91779925,35.16195662],[126.91801122,35.16190757],[126.91806594,35.16189379],[126.91809273,35.16188727]],[[126.91851964,35.16177575],[126.91894518,35.16166052]],[[126.91750529,35.16202466],[126.91758264,35.16200676],[126.91779925,35.16195662]],[[126.91894518,35.16166052],[126.91933241,35.16155565],[126.91936217949787,35.16154768351593]],[[126.91726412176595,35.162087883524705],[126.91734536,35.16206474],[126.91739216,35.16205301],[126.91750529,35.16202466]]]}},{"type":"Feature","properties":{"clusterId":"동구-101","roadName":"중흥로","managedUnitCount":12,"matchConfidence":1,"matchMethod":"road_name_and_coordinate","estimated":true,"source":"odcloud:15113447","dataAsOf":"2024-04-15","linkedRoadCount":7,"corridorLengthMeters":200,"roadLightingEvidence":0.6212,"roadLightingScore":54},"geometry":{"type":"MultiLineString","coordinates":[[[126.91743927,35.1598233],[126.91752481,35.15978757],[126.91756718,35.15976987],[126.91783985,35.1596576]],[[126.9171908,35.15993212],[126.91731103,35.15987882],[126.91736629,35.1598549],[126.91743927,35.1598233]],[[126.91743927,35.1598233],[126.91747412,35.15988317],[126.9175649,35.16003989]],[[126.91729008,35.15961669],[126.9173369,35.15968873],[126.9173982,35.15976931],[126.91743927,35.1598233]],[[126.9169406,35.16003809],[126.91700937,35.16001091],[126.91704347,35.15999743],[126.9171908,35.15993212]],[[126.9175649,35.16003989],[126.91764633,35.16018047],[126.91766712,35.16022322],[126.91767168,35.16023671],[126.91767955,35.16026003]],[[126.91783985,35.1596576],[126.91811434651044,35.15954457519899]]]}},{"type":"Feature","properties":{"clusterId":"동구-102","roadName":"중앙로","managedUnitCount":18,"matchConfidence":1,"matchMethod":"road_name_and_coordinate","estimated":true,"source":"odcloud:15113447","dataAsOf":"2024-04-15","linkedRoadCount":5,"corridorLengthMeters":200,"roadLightingEvidence":0.5676,"roadLightingScore":51},"geometry":{"type":"MultiLineString","coordinates":[[[126.92061716,35.15670697],[126.92061791,35.15668223],[126.92063179,35.15628721]],[[126.92060346,35.15709655],[126.92061622,35.15673065],[126.92061716,35.15670697]],[[126.92063179,35.15628721],[126.92064206,35.15599481],[126.92064391,35.15590225],[126.9206446,35.15586742]],[[126.92058988,35.15748613],[126.92059045,35.15746956],[126.92060346,35.15709655]],[[126.9206446,35.15586742],[126.92064483,35.15585255],[126.92064629,35.15575512],[126.92064833888071,35.15568875468273]]]}},{"type":"Feature","properties":{"clusterId":"동구-103","roadName":"중앙로","managedUnitCount":15,"matchConfidence":1,"matchMethod":"road_name_and_coordinate","estimated":true,"source":"odcloud:15113447","dataAsOf":"2024-04-15","linkedRoadCount":5,"corridorLengthMeters":200,"roadLightingEvidence":0.7249,"roadLightingScore":68},"geometry":{"type":"MultiLineString","coordinates":[[[126.91295719,35.148005],[126.91324218,35.14823049],[126.91326739,35.14825302],[126.91330325,35.14829203],[126.91332872,35.14831974]],[[126.91257076,35.14770145],[126.91259132,35.14771658],[126.91261054,35.14773072],[126.91295719,35.148005]],[[126.91332872,35.14831974],[126.91334598,35.14834177],[126.91345715,35.1484965],[126.91360711,35.14866381]],[[126.91231464406508,35.14751295601188],[126.91232838,35.14752307],[126.9125424,35.14768058],[126.91257076,35.14770145]],[[126.91236507467123,35.14792742590239],[126.91247636,35.14780517],[126.91253108111194,35.147745046378716]]]}},{"type":"Feature","properties":{"clusterId":"동구-104","roadName":"금남로","managedUnitCount":24,"matchConfidence":1,"matchMethod":"road_name_and_coordinate","estimated":true,"source":"odcloud:15113447","dataAsOf":"2024-04-15","linkedRoadCount":6,"corridorLengthMeters":200,"roadLightingEvidence":0.7664,"roadLightingScore":69},"geometry":{"type":"MultiLineString","coordinates":[[[126.91743603,35.14879041],[126.917768,35.1485671]],[[126.91710449,35.14901414],[126.91714222,35.14898806],[126.91743603,35.14879041]],[[126.917768,35.1485671],[126.91804788,35.14837882],[126.91806695,35.14836687],[126.91810136,35.14834523]],[[126.91677616,35.14924106],[126.91681106,35.14921693],[126.91710449,35.14901414]],[[126.91810136,35.14834523],[126.91821409,35.14842598],[126.91823909,35.1484443],[126.91837577,35.14854489]],[[126.91784379,35.14811331],[126.91791694680619,35.14818356402114]]]}},{"type":"Feature","properties":{"clusterId":"동구-105","roadName":"금남로","managedUnitCount":14,"matchConfidence":1,"matchMethod":"road_name_and_coordinate","estimated":true,"source":"odcloud:15113447","dataAsOf":"2024-04-15","linkedRoadCount":6,"corridorLengthMeters":200,"roadLightingEvidence":0.7736,"roadLightingScore":69},"geometry":{"type":"MultiLineString","coordinates":[[[126.917768,35.1485671],[126.91804788,35.14837882],[126.91806695,35.14836687],[126.91810136,35.14834523]],[[126.91743603,35.14879041],[126.917768,35.1485671]],[[126.91810136,35.14834523],[126.91821409,35.14842598],[126.91823909,35.1484443],[126.91837577,35.14854489]],[[126.91784379,35.14811331],[126.91794359,35.14820915],[126.91795829,35.14822185],[126.91810136,35.14834523]],[[126.91810136,35.14834523],[126.91816921,35.1483004],[126.9184265,35.14813049]],[[126.91710449,35.14901414],[126.91714222,35.14898806],[126.91723648244297,35.14892464854899]]]}},{"type":"Feature","properties":{"clusterId":"동구-106","roadName":"독립로","managedUnitCount":8,"matchConfidence":1,"matchMethod":"road_name_and_coordinate","estimated":true,"source":"odcloud:15113447","dataAsOf":"2024-04-15","linkedRoadCount":2,"corridorLengthMeters":55,"roadLightingEvidence":0.6499,"roadLightingScore":53},"geometry":{"type":"MultiLineString","coordinates":[[[126.91088035,35.15441639],[126.91096746,35.15433829],[126.91108448,35.15423341]],[[126.91108448,35.15423341],[126.91125315,35.15408222],[126.91128739,35.15404954]]]}},{"type":"Feature","properties":{"clusterId":"동구-107","roadName":"구성로","managedUnitCount":8,"matchConfidence":1,"matchMethod":"road_name_and_coordinate","estimated":true,"source":"odcloud:15113447","dataAsOf":"2024-04-15","linkedRoadCount":6,"corridorLengthMeters":190,"roadLightingEvidence":0.8541,"roadLightingScore":79},"geometry":{"type":"MultiLineString","coordinates":[[[126.91416485,35.15317065],[126.91437535,35.15335593],[126.91441622,35.15339189]],[[126.91441622,35.15339189],[126.91444364,35.15341603],[126.91463712,35.15358634],[126.9147107,35.15365108]],[[126.91391257,35.15295011],[126.91396208,35.15299274],[126.91399282,35.15301922],[126.91416485,35.15317065]],[[126.9147107,35.15365108],[126.91475469,35.15369091],[126.91490676,35.15382865]],[[126.91368321,35.15275296],[126.9138283,35.15288332],[126.9138569,35.15290599],[126.91391257,35.15295011]],[[126.91490676,35.15382865],[126.91493223,35.15385171],[126.91498151,35.15389098],[126.91502767,35.15392775],[126.9151131,35.15399812]]]}},{"type":"Feature","properties":{"clusterId":"동구-109","roadName":"제봉로","managedUnitCount":11,"matchConfidence":1,"matchMethod":"road_name_and_coordinate","estimated":true,"source":"odcloud:15113447","dataAsOf":"2024-04-15","linkedRoadCount":7,"corridorLengthMeters":200,"roadLightingEvidence":0.7193,"roadLightingScore":67},"geometry":{"type":"MultiLineString","coordinates":[[[126.92085113,35.14335426],[126.92087539,35.14340667],[126.92100184,35.14368025]],[[126.92100184,35.14368025],[126.92115253,35.14400624]],[[126.92073898,35.14311197],[126.92083709,35.14332394],[126.92085113,35.14335426]],[[126.92085113,35.14335426],[126.92092082,35.14335887],[126.92100224,35.14336875],[126.9210685,35.14337679],[126.92116154,35.14340229]],[[126.92053712,35.14327236],[126.9206203,35.14331235],[126.92067258,35.14334242],[126.92070178,35.14334436],[126.92085113,35.14335426]],[[126.92115253,35.14400624],[126.92124324,35.14420491],[126.92126401,35.14425042]],[[126.92116154,35.14340229],[126.92120227,35.14341345],[126.92121358908128,35.14341621747689]]]}},{"type":"Feature","properties":{"clusterId":"동구-110","roadName":"충장로","managedUnitCount":10,"matchConfidence":1,"matchMethod":"road_name_and_coordinate","estimated":true,"source":"odcloud:15113447","dataAsOf":"2024-04-15","linkedRoadCount":5,"corridorLengthMeters":190,"roadLightingEvidence":0.6137,"roadLightingScore":60},"geometry":{"type":"MultiLineString","coordinates":[[[126.91158455,35.15146204],[126.91180838,35.1513052],[126.91187913,35.15126513],[126.9119454,35.15122759]],[[126.9119454,35.15122759],[126.91201489,35.15118125],[126.91207275,35.15114267],[126.91226325,35.15101159]],[[126.91123013,35.15170358],[126.911277,35.15167424],[126.9113212,35.15164656],[126.91158455,35.15146204]],[[126.91226325,35.15101159],[126.91240769,35.1509122],[126.91254183,35.15082259],[126.91258155,35.15079603]],[[126.9109694401828,35.15187895369412],[126.91113698,35.15176325],[126.91117508,35.15173884],[126.91123013,35.15170358]]]}},{"type":"Feature","properties":{"clusterId":"동구-111","roadName":"독립로","managedUnitCount":10,"matchConfidence":1,"matchMethod":"road_name_and_coordinate","estimated":true,"source":"odcloud:15113447","dataAsOf":"2024-04-15","linkedRoadCount":7,"corridorLengthMeters":200,"roadLightingEvidence":0.5688,"roadLightingScore":51},"geometry":{"type":"MultiLineString","coordinates":[[[126.90892871,35.15276333],[126.90895782,35.15278631],[126.90921483,35.1529892],[126.90922826,35.1530003],[126.90925962,35.15302619]],[[126.90925962,35.15302619],[126.90929511,35.15305337],[126.90930584,35.1530616],[126.90962352,35.15332893]],[[126.90863793,35.15253379],[126.90867047,35.15255948],[126.90889671,35.15273808],[126.90892871,35.15276333]],[[126.90957974,35.15336045],[126.90962352,35.15332893]],[[126.90962352,35.15332893],[126.90983701,35.15350398]],[[126.90840991484482,35.15235404446464],[126.90843763,35.15237567],[126.90854119,35.15245743],[126.90861094,35.15251248],[126.90863793,35.15253379]],[[126.90983701,35.15350398],[126.90987041,35.15353136],[126.90993148073436,35.15358575039318]]]}},{"type":"Feature","properties":{"clusterId":"동구-112","roadName":"충장로","managedUnitCount":26,"matchConfidence":1,"matchMethod":"road_name_and_coordinate","estimated":true,"source":"odcloud:15113447","dataAsOf":"2024-04-15","linkedRoadCount":6,"corridorLengthMeters":200,"roadLightingEvidence":0.6212,"roadLightingScore":54},"geometry":{"type":"MultiLineString","coordinates":[[[126.91699062,35.14783455],[126.91724774,35.14768489],[126.91726328,35.14767585],[126.91734683,35.14763599]],[[126.91734683,35.14763599],[126.91737002,35.14765826],[126.91759531,35.14787465]],[[126.91734683,35.14763599],[126.91739992,35.14761066],[126.91741555,35.1476032],[126.91767347,35.14739789]],[[126.91706206,35.147329],[126.91707608,35.14734415],[126.91731595,35.14760318],[126.91734683,35.14763599]],[[126.91664015,35.14804031],[126.91678826,35.14795234],[126.91699062,35.14783455]],[[126.91767347,35.14739789],[126.91770412687683,35.14737348756764]]]}},{"type":"Feature","properties":{"clusterId":"동구-113","roadName":"동명로","managedUnitCount":12,"matchConfidence":1,"matchMethod":"road_name_and_coordinate","estimated":true,"source":"odcloud:15113447","dataAsOf":"2024-04-15","linkedRoadCount":6,"corridorLengthMeters":200,"roadLightingEvidence":0.7899,"roadLightingScore":66},"geometry":{"type":"MultiLineString","coordinates":[[[126.92562194,35.15153844],[126.9256597,35.151532],[126.92612626,35.15144272]],[[126.92552043,35.15155631],[126.9255692,35.15154771],[126.92562194,35.15153844]],[[126.92562194,35.15153844],[126.92562888,35.15162862],[126.92563029,35.1516469],[126.9256866,35.15186614]],[[126.9252004,35.15161638],[126.92552043,35.15155631]],[[126.92612626,35.15144272],[126.92621265,35.15142619],[126.92640915,35.15138076],[126.92662332,35.15132469]],[[126.92487992,35.1516748],[126.92490722,35.15167007],[126.92499999,35.15165399],[126.92519725604355,35.151616970014295]]]}},{"type":"Feature","properties":{"clusterId":"동구-114","roadName":"무등로","managedUnitCount":12,"matchConfidence":1,"matchMethod":"road_name_and_coordinate","estimated":true,"source":"odcloud:15113447","dataAsOf":"2024-04-15","linkedRoadCount":6,"corridorLengthMeters":200,"roadLightingEvidence":0.7296,"roadLightingScore":67},"geometry":{"type":"MultiLineString","coordinates":[[[126.92775951,35.15858346],[126.92798212,35.15836872],[126.928001,35.15835051]],[[126.928001,35.15835051],[126.92801225,35.15833956],[126.92820162,35.15815525]],[[126.92775997,35.15826667],[126.92781261,35.15821686],[126.9278188,35.15821277],[126.92782378,35.15821187],[126.92782928,35.15821326],[126.92783706,35.15821827],[126.92792896,35.15829307],[126.928001,35.15835051]],[[126.92752112,35.15881855],[126.92754258,35.15879707],[126.92764103,35.15869846],[126.92766289,35.15867666],[126.92768514,35.1586552],[126.92775951,35.15858346]],[[126.92820162,35.15815525],[126.92843176,35.15793123]],[[126.92820162,35.15815525],[126.92827478,35.15821031],[126.92841739,35.15831763],[126.92852943342028,35.15823564571128]]]}},{"type":"Feature","properties":{"clusterId":"동구-115","roadName":"중앙로","managedUnitCount":10,"matchConfidence":1,"matchMethod":"road_name_and_coordinate","estimated":true,"source":"odcloud:15113447","dataAsOf":"2024-04-15","linkedRoadCount":6,"corridorLengthMeters":200,"roadLightingEvidence":0.573,"roadLightingScore":52},"geometry":{"type":"MultiLineString","coordinates":[[[126.9205246,35.16000032],[126.92052807,35.15974429],[126.92052965,35.15966598]],[[126.92052965,35.15966598],[126.92053307,35.15949697],[126.92053986,35.15935589],[126.92054102,35.15933177]],[[126.92051675,35.16033462],[126.92051824,35.16029314],[126.92052207,35.16018672],[126.9205246,35.16000032]],[[126.92022421,35.15932883],[126.92041143,35.15933141],[126.92054102,35.15933177]],[[126.92018978,35.16033682],[126.92038966,35.16033533],[126.92051675,35.16033462]],[[126.92054102,35.15933177],[126.9205415,35.1593061],[126.92054243,35.15925705],[126.92054913380458,35.15906268956681]]]}},{"type":"Feature","properties":{"clusterId":"동구-116","roadName":"필문대로","managedUnitCount":24,"matchConfidence":0.6,"matchMethod":"parcel_and_coordinate","estimated":true,"source":"odcloud:15113447","dataAsOf":"2024-04-15","linkedRoadCount":2,"corridorLengthMeters":83,"roadLightingEvidence":0.3619,"roadLightingScore":39},"geometry":{"type":"MultiLineString","coordinates":[[[126.92033591,35.16304825],[126.92033619,35.16304818],[126.92033802,35.16304771],[126.92035553,35.16304517],[126.92036764,35.1630463],[126.92037048,35.16304716],[126.92038357,35.16305113],[126.92038841,35.16305354],[126.92040503,35.16306183],[126.92043578,35.16308638],[126.92045028,35.16310887],[126.92045818,35.16312876],[126.92053804,35.16335209]],[[126.92053804,35.16335209],[126.92066682,35.16371222]]]}},{"type":"Feature","properties":{"clusterId":"동구-118","roadName":"경양로","managedUnitCount":29,"matchConfidence":1,"matchMethod":"road_name_and_coordinate","estimated":true,"source":"odcloud:15113447","dataAsOf":"2024-04-15","linkedRoadCount":3,"corridorLengthMeters":115,"roadLightingEvidence":0.5806,"roadLightingScore":51},"geometry":{"type":"MultiLineString","coordinates":[[[126.91726809,35.15707422],[126.91732853,35.15702812],[126.91754761,35.15686098],[126.91757588,35.15683942]],[[126.91691859,35.15734059],[126.91700751,35.157273],[126.91721133,35.15711751],[126.91726809,35.15707422]],[[126.91665252578352,35.15754282773708],[126.91691859,35.15734059]]]}},{"type":"Feature","properties":{"clusterId":"동구-119","roadName":"동계로1번길","managedUnitCount":10,"matchConfidence":1,"matchMethod":"road_name_and_coordinate","estimated":true,"source":"odcloud:15113447","dataAsOf":"2024-04-15","linkedRoadCount":3,"corridorLengthMeters":100,"roadLightingEvidence":0.5805,"roadLightingScore":50},"geometry":{"type":"MultiLineString","coordinates":[[[126.92319556,35.15243197],[126.92329423,35.15268728],[126.92332181,35.15275758],[126.92333393,35.15278827]],[[126.92304606,35.15207908],[126.92305703,35.15210032],[126.92309805,35.15217965],[126.92319556,35.15243197]],[[126.92286554852065,35.1521139888599],[126.92295793,35.15209394],[126.92296859,35.15209215],[126.92304605109793,35.15207908150187]]]}},{"type":"Feature","properties":{"clusterId":"동구-120","roadName":"제봉로158번길","managedUnitCount":13,"matchConfidence":1,"matchMethod":"road_name_and_coordinate","estimated":true,"source":"odcloud:15113447","dataAsOf":"2024-04-15","linkedRoadCount":5,"corridorLengthMeters":150,"roadLightingEvidence":0.5624,"roadLightingScore":50},"geometry":{"type":"MultiLineString","coordinates":[[[126.92026181,35.15215273],[126.92039225,35.15225938],[126.92041446,35.15227862],[126.9204521,35.15231126]],[[126.91996202,35.15238426],[126.92022828,35.15217863],[126.92026181,35.15215273]],[[126.91987362,35.15183691],[126.92026181,35.15215273]],[[126.91977959,35.15176038],[126.91979463,35.15177262],[126.91987362,35.15183691]],[[126.91969154981378,35.15199578314299],[126.91968393,35.15198962],[126.91968388,35.15198001],[126.91970132,35.15196532],[126.91983978,35.15186213],[126.91987362,35.15183691]]]}},{"type":"Feature","properties":{"clusterId":"동구-121","roadName":"예술길","managedUnitCount":9,"matchConfidence":1,"matchMethod":"road_name_and_coordinate","estimated":true,"source":"odcloud:15113447","dataAsOf":"2024-04-15","linkedRoadCount":8,"corridorLengthMeters":200,"roadLightingEvidence":0.649,"roadLightingScore":61},"geometry":{"type":"MultiLineString","coordinates":[[[126.91868927,35.14986622],[126.9186987,35.14985756],[126.91901858,35.14956363],[126.91903214,35.14955115]],[[126.91903214,35.14955115],[126.91906553,35.14957444],[126.91919962,35.14966799],[126.91938991,35.14980322],[126.91940244,35.14981248]],[[126.91903214,35.14955115],[126.91904128,35.14954274],[126.91931614,35.14929022],[126.91932615,35.14927824],[126.91935263,35.14924653]],[[126.91868927,35.14986622],[126.91872271,35.14988932],[126.91888597,35.15000047],[126.9189078,35.15001581]],[[126.91848566,35.15006134],[126.91850037,35.15004827],[126.91855394,35.15000049],[126.91867529,35.14987922],[126.91868927,35.14986622]],[[126.91847058,35.15007504],[126.91848566,35.15006134]],[[126.91841659,35.1501243],[126.91842811,35.15011379],[126.91847058,35.15007504]],[[126.91935263,35.14924653],[126.91935300179192,35.149246084191496]]]}},{"type":"Feature","properties":{"clusterId":"동구-122","roadName":"제봉로","managedUnitCount":8,"matchConfidence":1,"matchMethod":"road_name_and_coordinate","estimated":true,"source":"odcloud:15113447","dataAsOf":"2024-04-15","linkedRoadCount":5,"corridorLengthMeters":200,"roadLightingEvidence":0.6121,"roadLightingScore":69},"geometry":{"type":"MultiLineString","coordinates":[[[126.91892215,35.15160184],[126.91919035,35.15143485],[126.91927988,35.15137428],[126.91930476,35.15135745]],[[126.91853583,35.15184238],[126.9185569,35.15182925],[126.91892215,35.15160184]],[[126.91930476,35.15135745],[126.91933419,35.15133703],[126.91941798,35.15127887],[126.91967782,35.15111079]],[[126.91822746,35.15203438],[126.91851457,35.15185562],[126.91853583,35.15184238]],[[126.91853583,35.15184238],[126.91863135,35.15193403],[126.91877012266565,35.15206716205531]]]}},{"type":"Feature","properties":{"clusterId":"동구-123","roadName":"지산로78번길","managedUnitCount":5,"matchConfidence":1,"matchMethod":"road_name_and_coordinate","estimated":true,"source":"odcloud:15113447","dataAsOf":"2024-04-15","linkedRoadCount":3,"corridorLengthMeters":133,"roadLightingEvidence":0.6136,"roadLightingScore":52},"geometry":{"type":"MultiLineString","coordinates":[[[126.93357796,35.1507173],[126.93377027,35.15070462],[126.93379792,35.15070588],[126.93382387,35.1507176],[126.93384455,35.15073317],[126.9338604,35.15075147],[126.93386832,35.15077455],[126.93387182,35.15080347],[126.93387395,35.15086248],[126.93387455,35.15087903]],[[126.93311849,35.15071543],[126.93320129,35.15072804],[126.93324535,35.15073294],[126.93325195,35.15073368],[126.93330538,35.15073527],[126.93357796,35.1507173]],[[126.93387455,35.15087903],[126.93387511,35.15089953],[126.93388601,35.15130362],[126.93388652,35.15131737]]]}},{"type":"Feature","properties":{"clusterId":"동구-124","roadName":"화산로350번길","managedUnitCount":20,"matchConfidence":1,"matchMethod":"road_name_and_coordinate","estimated":true,"source":"odcloud:15113447","dataAsOf":"2024-04-15","linkedRoadCount":6,"corridorLengthMeters":189,"roadLightingEvidence":0.5722,"roadLightingScore":51},"geometry":{"type":"MultiLineString","coordinates":[[[126.93436115,35.1141226],[126.93435829,35.11414866],[126.93434822,35.11424067],[126.93433573,35.1143546],[126.93432776,35.11444103],[126.93432637,35.11445422]],[[126.93432637,35.11445422],[126.93432566,35.11446095],[126.93432058,35.11450854],[126.9343198,35.11451602],[126.93431162,35.11459453],[126.93430981,35.1146642],[126.93431065,35.11471378],[126.93431173,35.11473153],[126.93431631,35.11476696],[126.93432065,35.11478598]],[[126.93436115,35.1141226],[126.93436298,35.11410589],[126.9343649,35.11408835],[126.93437219,35.11402454],[126.93437903,35.11397767],[126.93439356,35.1139217],[126.93441144,35.11386388]],[[126.93432065,35.11478598],[126.93432746,35.11481582],[126.93433479,35.11484287],[126.93434486,35.11487244],[126.93435832,35.11491228],[126.93437594,35.11495745],[126.93438317,35.11497684],[126.93439149,35.11499162],[126.93439609,35.11500001],[126.93442013,35.11504402],[126.93442337,35.11504996],[126.93445053,35.1151]],[[126.93441144,35.11386388],[126.93441797,35.11384275],[126.93444216,35.11377354],[126.93446261,35.11372263],[126.93448986,35.1136618],[126.93449004,35.11366055],[126.9344967,35.11361178]],[[126.93438011337133,35.115270671150235],[126.93441723,35.11517515],[126.93443907,35.11512586],[126.93445051719917,35.11510002888566]]]}},{"type":"Feature","properties":{"clusterId":"동구-125","roadName":"남계길","managedUnitCount":16,"matchConfidence":1,"matchMethod":"road_name_and_coordinate","estimated":true,"source":"odcloud:15113447","dataAsOf":"2024-04-15","linkedRoadCount":1,"corridorLengthMeters":34,"roadLightingEvidence":0.7,"roadLightingScore":55},"geometry":{"type":"MultiLineString","coordinates":[[[126.93939441,35.09430232],[126.93939776,35.09429439],[126.93948692,35.09411277],[126.93953199,35.0940228]]]}},{"type":"Feature","properties":{"clusterId":"동구-129","roadName":"의재로","managedUnitCount":9,"matchConfidence":1,"matchMethod":"road_name_and_coordinate","estimated":true,"source":"odcloud:15113447","dataAsOf":"2024-04-15","linkedRoadCount":6,"corridorLengthMeters":200,"roadLightingEvidence":0.5895,"roadLightingScore":52},"geometry":{"type":"MultiLineString","coordinates":[[[126.94406976,35.13253893],[126.94407044,35.13251241],[126.94407726,35.13232266],[126.94408123,35.13221222]],[[126.94406118,35.13276144],[126.94406851,35.13258776],[126.94406976,35.13253893]],[[126.94408123,35.13221222],[126.94414325,35.13221373],[126.94448708,35.13222212]],[[126.94361064,35.13219915],[126.94365687,35.13220044],[126.94402491,35.13221066],[126.94408123,35.13221222]],[[126.94406118,35.13276144],[126.94405795,35.13284189],[126.94410976,35.13284344],[126.94415869,35.13284492],[126.9443184,35.13285046],[126.94436478,35.13285185]],[[126.94448708,35.13222212],[126.9447319727571,35.132228086965576]]]}},{"type":"Feature","properties":{"clusterId":"동구-131","roadName":"남문로724번길","managedUnitCount":11,"matchConfidence":1,"matchMethod":"road_name_and_coordinate","estimated":true,"source":"odcloud:15113447","dataAsOf":"2024-04-15","linkedRoadCount":7,"corridorLengthMeters":178,"roadLightingEvidence":0.5471,"roadLightingScore":50},"geometry":{"type":"MultiLineString","coordinates":[[[126.92560211,35.13818135],[126.92562057,35.13818778],[126.92564905,35.1381977],[126.92567884,35.13820085],[126.9257033,35.13820584],[126.92573515,35.13821476],[126.92574554,35.13822081],[126.92574834,35.13822614],[126.92574595,35.13823259],[126.92573645,35.13825086],[126.92570774,35.13828757]],[[126.92553197,35.13826563],[126.92557736,35.13821557],[126.92560211,35.13818135]],[[126.92560211,35.13818135],[126.92568968,35.13806261],[126.92575415,35.1379804]],[[126.92528799,35.13855069],[126.92540187,35.13841207],[126.92550854,35.13829199],[126.92553197,35.13826563]],[[126.92575415,35.1379804],[126.92591598,35.13777404],[126.92594381,35.13773716],[126.92598354,35.13768449]],[[126.92507050184688,35.13872340623442],[126.92512115,35.13868808],[126.92524095,35.1385954],[126.92526676,35.13857369],[126.92528774,35.13855099],[126.92528798923372,35.13855069091952]],[[126.92598354,35.13768449],[126.92602758,35.13763414],[126.92603121,35.13762998],[126.92606826032888,35.13759701979932]]]}},{"type":"Feature","properties":{"clusterId":"동구-132","roadName":"화산로351번길","managedUnitCount":7,"matchConfidence":1,"matchMethod":"road_name_and_coordinate","estimated":true,"source":"odcloud:15113447","dataAsOf":"2024-04-15","linkedRoadCount":7,"corridorLengthMeters":200,"roadLightingEvidence":0.5832,"roadLightingScore":52},"geometry":{"type":"MultiLineString","coordinates":[[[126.93177027,35.12118941],[126.93177362,35.12117994],[126.9317926,35.12112605],[126.93180576,35.1210879],[126.93181492,35.12106135],[126.93183527,35.12100313]],[[126.93167712,35.12146806],[126.93168108,35.12145697],[126.93173343,35.12129989],[126.9317529,35.12123978],[126.93176732,35.12119794],[126.93176896,35.12119319],[126.93177027,35.12118941]],[[126.93183527,35.12100313],[126.93188497,35.12101451],[126.93211649,35.12106749]],[[126.93183527,35.12100313],[126.93186623,35.12091447],[126.93190663,35.12079883],[126.93192665,35.12074233],[126.93194574,35.12069002]],[[126.93156219,35.12179481],[126.93159509,35.12170255],[126.93165392,35.12153276],[126.93167712,35.12146806]],[[126.93194574,35.12069002],[126.93200966,35.12051487],[126.93205805,35.12037735]],[[126.93148419792676,35.12202898548245],[126.9315106013897,35.121946324612374]]]}},{"type":"Feature","properties":{"clusterId":"동구-133","roadName":"밤실로4번길","managedUnitCount":4,"matchConfidence":0.6,"matchMethod":"parcel_and_coordinate","estimated":true,"source":"odcloud:15113447","dataAsOf":"2024-04-15","linkedRoadCount":7,"corridorLengthMeters":150,"roadLightingEvidence":0.3627,"roadLightingScore":40},"geometry":{"type":"MultiLineString","coordinates":[[[126.93871743,35.14857879],[126.93872934,35.14851412],[126.93874953,35.14840448],[126.93876536,35.14836555],[126.93878206,35.14833951],[126.93882192,35.14830933],[126.93885727,35.14829105],[126.93892994,35.14826378],[126.93893113,35.14826351]],[[126.93871743,35.14857879],[126.93876569,35.14858288],[126.93889671,35.14859398]],[[126.93889671,35.14859398],[126.93891257,35.14860061],[126.93892002,35.14860944],[126.93898545,35.14872377],[126.9389904,35.1487367]],[[126.93889671,35.14859398],[126.93891848,35.148575],[126.93898467,35.14851723],[126.93906289,35.14856748]],[[126.9389904,35.1487367],[126.93899684,35.14875352]],[[126.93899684,35.14875352],[126.93903379,35.14873992],[126.93913905,35.14864923],[126.93915371,35.14864234]],[[126.93899684,35.14875352],[126.93900283,35.1487783],[126.93903517,35.14886964],[126.93905963,35.14890847],[126.93910159,35.1489869],[126.9391081,35.14900275],[126.93910956547538,35.14900478673018]]]}},{"type":"Feature","properties":{"clusterId":"동구-135","roadName":"학소로86번길","managedUnitCount":11,"matchConfidence":1,"matchMethod":"road_name_and_coordinate","estimated":true,"source":"odcloud:15113447","dataAsOf":"2024-04-15","linkedRoadCount":11,"corridorLengthMeters":200,"roadLightingEvidence":0.5923,"roadLightingScore":53},"geometry":{"type":"MultiLineString","coordinates":[[[126.93428142,35.12770689],[126.93436767,35.12773583],[126.93440357,35.12774788]],[[126.93429965,35.12798082],[126.9343553,35.12785608],[126.93440357,35.12774788]],[[126.93412855,35.1276556],[126.93428142,35.12770689]],[[126.93428142,35.12770689],[126.93429703,35.12766522],[126.93429753,35.12766386],[126.93428732,35.12761751],[126.93428364,35.12755939]],[[126.9339719,35.12760304],[126.93412855,35.1276556]],[[126.93419574,35.12821375],[126.93422041,35.12815845],[126.93429965,35.12798082]],[[126.9339719,35.12760304],[126.93395548,35.12763913],[126.93396491,35.12771877],[126.93397458,35.12782652]],[[126.93369098,35.12749124],[126.93376162,35.12753485],[126.9339719,35.12760304]],[[126.93414715,35.1283189],[126.93415829,35.12829477],[126.93418609,35.12823463],[126.93419574,35.12821375]],[[126.93419574,35.12821375],[126.93425531,35.12819621],[126.93427344,35.12819087],[126.9343533,35.12814063]],[[126.93410043,35.1284393],[126.93410951067172,35.12841589878697]]]}},{"type":"Feature","properties":{"clusterId":"동구-137","roadName":"화산로","managedUnitCount":11,"matchConfidence":0.6,"matchMethod":"parcel_and_coordinate","estimated":true,"source":"odcloud:15113447","dataAsOf":"2024-04-15","linkedRoadCount":6,"corridorLengthMeters":150,"roadLightingEvidence":0.3501,"roadLightingScore":47},"geometry":{"type":"MultiLineString","coordinates":[[[126.93067134,35.11835633],[126.93076781,35.11831145],[126.93104409,35.1181829]],[[126.93062349,35.11825842],[126.93062651,35.11826459],[126.93064032,35.11829277],[126.93064747,35.11830738],[126.93067134,35.11835633]],[[126.93104409,35.1181829],[126.93104535,35.11818231],[126.93114741,35.11813757],[126.93129644,35.11806924],[126.93141486,35.11800703]],[[126.93053708,35.11808143],[126.93056716,35.11814307],[126.93058023,35.11816988],[126.93061122,35.11823332],[126.93062349,35.11825842]],[[126.93024606,35.11832833],[126.93031119,35.11835802],[126.93034322,35.11836092],[126.93034476,35.11836101],[126.93034542,35.11836074],[126.93036693,35.11834552],[126.930425,35.11830391],[126.93051851,35.11828248],[126.93062349,35.11825842]],[[126.93043908890661,35.11789254226278],[126.93044315166053,35.11789892332875]]]}},{"type":"Feature","properties":{"clusterId":"동구-138","roadName":"밤실로20번길","managedUnitCount":9,"matchConfidence":1,"matchMethod":"road_name_and_coordinate","estimated":true,"source":"odcloud:15113447","dataAsOf":"2024-04-15","linkedRoadCount":9,"corridorLengthMeters":200,"roadLightingEvidence":0.609,"roadLightingScore":53},"geometry":{"type":"MultiLineString","coordinates":[[[126.93763564,35.14934028],[126.93768934,35.14932267],[126.9377007,35.14932063],[126.93790096,35.14930827],[126.93790921,35.14930776]],[[126.93736298,35.14936993],[126.93738816,35.14936843],[126.93758572,35.14935665],[126.93760422,35.14935059],[126.93763564,35.14934028]],[[126.93790921,35.14930776],[126.93791089,35.14933074],[126.93791677,35.14942142]],[[126.93790921,35.14930776],[126.93791661,35.1493074],[126.93806883,35.1493001]],[[126.93790921,35.14930776],[126.93790655,35.149282],[126.93790635,35.14928015],[126.93792525,35.14916468]],[[126.93736298,35.14936993],[126.93736419,35.14938816],[126.93737005,35.14947584],[126.93737518,35.14948811]],[[126.936976,35.14938452],[126.93704909,35.14938012],[126.93720801,35.14937053],[126.93734295,35.14937001],[126.93736298,35.14936993]],[[126.93733449,35.14899684],[126.93734276,35.14910502],[126.93735297,35.14924032],[126.93735751,35.14935201],[126.93735799,35.1493536],[126.93736298,35.14936993]],[[126.93806883,35.1493001],[126.93807169,35.14932341],[126.93808658553384,35.14944470321442]]]}},{"type":"Feature","properties":{"clusterId":"동구-139","roadName":"의재로33번길","managedUnitCount":6,"matchConfidence":1,"matchMethod":"road_name_and_coordinate","estimated":true,"source":"odcloud:15113447","dataAsOf":"2024-04-15","linkedRoadCount":8,"corridorLengthMeters":200,"roadLightingEvidence":0.7286,"roadLightingScore":66},"geometry":{"type":"MultiLineString","coordinates":[[[126.93154387,35.13308756],[126.93154899,35.13311034],[126.9316174,35.13341486],[126.93162947,35.13346861]],[[126.93162947,35.13346861],[126.93167325,35.13346414],[126.93173453,35.13345788],[126.93179778,35.13344762]],[[126.93162947,35.13346861],[126.93163942,35.13351146],[126.93166178,35.13360769],[126.93166478,35.1336206]],[[126.9312834,35.1331365],[126.93131047,35.13312222],[126.93131683,35.13312114],[126.93137849,35.13313064],[126.9314046,35.13312714],[126.93150342,35.13309906],[126.93154387,35.13308756]],[[126.93125089,35.13351847],[126.93158809,35.13347406],[126.93162947,35.13346861]],[[126.93147227,35.13278375],[126.93147891,35.1328119],[126.93153861,35.13306527],[126.93154387,35.13308756]],[[126.93179778,35.13344762],[126.93180401,35.13347845],[126.93181738,35.13354456],[126.93183161,35.13362209],[126.93184369,35.13369392]],[[126.93166478,35.1336206],[126.93166851,35.13363436],[126.93167004225586,35.133640003463526]]]}},{"type":"Feature","properties":{"clusterId":"동구-140","roadName":"중앙로","managedUnitCount":14,"matchConfidence":1,"matchMethod":"road_name_and_coordinate","estimated":true,"source":"odcloud:15113447","dataAsOf":"2024-04-15","linkedRoadCount":5,"corridorLengthMeters":200,"roadLightingEvidence":0.7189,"roadLightingScore":68},"geometry":{"type":"MultiLineString","coordinates":[[[126.91332872,35.14831974],[126.91334598,35.14834177],[126.91345715,35.1484965],[126.91360711,35.14866381]],[[126.91360711,35.14866381],[126.91377799,35.14885448],[126.91384563,35.14891708],[126.9139003,35.14896206],[126.91392577,35.14898301]],[[126.91295719,35.148005],[126.91324218,35.14823049],[126.91326739,35.14825302],[126.91330325,35.14829203],[126.91332872,35.14831974]],[[126.91392577,35.14898301],[126.9139463,35.1489999],[126.91417373926194,35.14919402243898]],[[126.91274470352383,35.14783687458801],[126.91295716086356,35.14800497694648]]]}},{"type":"Feature","properties":{"clusterId":"동구-141","roadName":"동계로","managedUnitCount":4,"matchConfidence":0.6,"matchMethod":"parcel_and_coordinate","estimated":true,"source":"odcloud:15113447","dataAsOf":"2024-04-15","linkedRoadCount":4,"corridorLengthMeters":150,"roadLightingEvidence":0.3535,"roadLightingScore":40},"geometry":{"type":"MultiLineString","coordinates":[[[126.9240286,35.15826432],[126.92407455,35.15829432],[126.92416185,35.15835131],[126.92419463,35.15837272],[126.9243356,35.15836481],[126.92440332,35.158361],[126.92448354,35.15836082]],[[126.92448354,35.15836082],[126.92453693,35.15836069],[126.92494869,35.15836255],[126.92498504,35.15836273]],[[126.92377671,35.15837096],[126.92378544,35.15837136],[126.92381639,35.15836569],[126.92390566,35.15835349],[126.9240286,35.15826432]],[[126.9236499,35.15815268],[126.92370156,35.15816934],[126.92388897,35.15822377],[126.92398030090196,35.15825029346376]]]}},{"type":"Feature","properties":{"clusterId":"동구-142","roadName":"학소로42번길","managedUnitCount":4,"matchConfidence":1,"matchMethod":"road_name_and_coordinate","estimated":true,"source":"odcloud:15113447","dataAsOf":"2024-04-15","linkedRoadCount":5,"corridorLengthMeters":142,"roadLightingEvidence":0.5624,"roadLightingScore":50},"geometry":{"type":"MultiLineString","coordinates":[[[126.93514756,35.12380369],[126.93516038,35.123794],[126.93522144,35.12374784],[126.93529641,35.12369669],[126.9353054,35.12369052],[126.93532385,35.12367786]],[[126.93532385,35.12367786],[126.9353459,35.1236799],[126.93539428,35.12368439],[126.93546734,35.12368947],[126.93551167,35.12368625],[126.93559776,35.1236748]],[[126.93559776,35.1236748],[126.93561766,35.12367216],[126.93566616,35.12366326],[126.93568361,35.12364894],[126.93568559,35.12364714],[126.93568734,35.12364488],[126.93568943,35.12363957],[126.93569152,35.12363146],[126.93570253,35.12358603],[126.93570933,35.12354639],[126.93571675,35.12350312]],[[126.93571675,35.12350312],[126.93574179,35.12349864],[126.93587881,35.12347418],[126.93604087,35.12344524]],[[126.9352874,35.12357968],[126.93530452,35.12357688],[126.9353461,35.12357007],[126.93548644,35.12354491],[126.93549675,35.12354293],[126.93553175,35.12353646],[126.9356327,35.12351812],[126.93564565,35.12351581],[126.93571675,35.12350312]]]}},{"type":"Feature","properties":{"clusterId":"동구-143","roadName":"선교로","managedUnitCount":19,"matchConfidence":1,"matchMethod":"road_name_and_coordinate","estimated":true,"source":"odcloud:15113447","dataAsOf":"2024-04-15","linkedRoadCount":6,"corridorLengthMeters":200,"roadLightingEvidence":0.608,"roadLightingScore":62},"geometry":{"type":"MultiLineString","coordinates":[[[126.95151156,35.09040822],[126.951545,35.09042576],[126.95184675,35.0905503],[126.95195511,35.0905953],[126.95199916,35.09061089]],[[126.9513253,35.0903105],[126.9514392,35.09037025],[126.95146969,35.09038626],[126.95151156,35.09040822]],[[126.95199916,35.09061089],[126.95202679,35.09062067],[126.95208994,35.09063815],[126.95214106,35.09064719],[126.9521978,35.09065505],[126.9522369,35.09065918],[126.9523471,35.0906673],[126.9525368,35.09067731]],[[126.9513253,35.0903105],[126.95137973,35.09022542],[126.95139653,35.09019917],[126.95140898,35.0901797]],[[126.95092295,35.09012842],[126.95098529,35.0901543],[126.95117303,35.09023063],[126.9513253,35.0903105]],[[126.95140898,35.0901797],[126.95141815,35.09016538],[126.95152128269788,35.09000417911853]]]}},{"type":"Feature","properties":{"clusterId":"동구-144","roadName":"선교로","managedUnitCount":18,"matchConfidence":0.6,"matchMethod":"parcel_and_coordinate","estimated":true,"source":"odcloud:15113447","dataAsOf":"2024-04-15","linkedRoadCount":5,"corridorLengthMeters":150,"roadLightingEvidence":0.4823,"roadLightingScore":53},"geometry":{"type":"MultiLineString","coordinates":[[[126.9525368,35.09067731],[126.95263656,35.09068257],[126.95277685,35.09069283],[126.95284897,35.09069922],[126.95304161,35.09073279],[126.95307704,35.09073971]],[[126.95307205,35.09086239],[126.95306026,35.0908348],[126.95305856,35.09080373],[126.95307704,35.09073971]],[[126.95307704,35.09073971],[126.9531114,35.09074641],[126.95313984,35.09075196],[126.9532455,35.09077217],[126.95334659,35.09079137]],[[126.95199916,35.09061089],[126.95202679,35.09062067],[126.95208994,35.09063815],[126.95214106,35.09064719],[126.9521978,35.09065505],[126.9522369,35.09065918],[126.9523471,35.0906673],[126.9525368,35.09067731]],[[126.95334659,35.09079137],[126.95344673,35.09081039],[126.9534674961145,35.09081421072209]]]}},{"type":"Feature","properties":{"clusterId":"동구-147","roadName":"운림길","managedUnitCount":4,"matchConfidence":1,"matchMethod":"road_name_and_coordinate","estimated":true,"source":"odcloud:15113447","dataAsOf":"2024-04-15","linkedRoadCount":4,"corridorLengthMeters":135,"roadLightingEvidence":0.5896,"roadLightingScore":52},"geometry":{"type":"MultiLineString","coordinates":[[[126.94280501,35.13270305],[126.94280602,35.13266729],[126.94281383,35.13244016]],[[126.94281383,35.13244016],[126.94281515,35.13240173],[126.94282055,35.13229013],[126.942826,35.13217737]],[[126.94279083,35.13304804],[126.94279124,35.13303889],[126.94279323,35.13299037],[126.94279455,35.1329586],[126.94280448,35.13272169],[126.94280501,35.13270305]],[[126.94277834956767,35.13339191133144],[126.94278109,35.13331097],[126.94278732,35.13312648],[126.94279082842773,35.133048075136976]]]}},{"type":"Feature","properties":{"clusterId":"동구-149","roadName":"의재로51번길","managedUnitCount":5,"matchConfidence":1,"matchMethod":"road_name_and_coordinate","estimated":true,"source":"odcloud:15113447","dataAsOf":"2024-04-15","linkedRoadCount":5,"corridorLengthMeters":161,"roadLightingEvidence":0.5868,"roadLightingScore":52},"geometry":{"type":"MultiLineString","coordinates":[[[126.93343791,35.13278197],[126.93345328,35.13284488],[126.93349929,35.13303307],[126.9335057,35.13306673],[126.93351,35.13308929]],[[126.93351,35.13308929],[126.93351356,35.13310801],[126.93352579,35.13317227],[126.93356509,35.13334398]],[[126.93334048,35.13237189],[126.93335836,35.13245018],[126.93341837,35.13271312],[126.93342119,35.13272307],[126.93343791,35.13278197]],[[126.93350675,35.13351721],[126.93355324,35.13348919],[126.93358361,35.13347088],[126.93359027,35.13345403],[126.93356509,35.13334398]],[[126.93350675,35.13351721],[126.93352233,35.13356407],[126.93353205,35.13359331],[126.93357789,35.1337484],[126.93358406,35.13375955]]]}},{"type":"Feature","properties":{"clusterId":"동구-150","roadName":"천변우로","managedUnitCount":41,"matchConfidence":0.6,"matchMethod":"parcel_and_coordinate","estimated":true,"source":"odcloud:15113447","dataAsOf":"2024-04-15","linkedRoadCount":3,"corridorLengthMeters":125,"roadLightingEvidence":0.3578,"roadLightingScore":40},"geometry":{"type":"MultiLineString","coordinates":[[[126.91778776,35.14142166],[126.91786662,35.14131814],[126.91803273,35.14111646]],[[126.91750671,35.14174513],[126.91765593,35.14157516],[126.91769616,35.14152833],[126.91778776,35.14142166]],[[126.91803273,35.14111646],[126.9180409,35.14110654],[126.91828251,35.14081384]]]}},{"type":"Feature","properties":{"clusterId":"동구-151","roadName":"의재로136번길","managedUnitCount":27,"matchConfidence":0.6,"matchMethod":"parcel_and_coordinate","estimated":true,"source":"odcloud:15113447","dataAsOf":"2024-04-15","linkedRoadCount":4,"corridorLengthMeters":150,"roadLightingEvidence":0.3719,"roadLightingScore":41},"geometry":{"type":"MultiLineString","coordinates":[[[126.94362575,35.13097392],[126.94372402,35.13097429],[126.94377526,35.13097447],[126.94397938,35.13098005],[126.94401762,35.13098093],[126.94410947,35.13098307]],[[126.94410947,35.13098307],[126.94417855,35.13098559],[126.94427725,35.13098918],[126.94445186,35.13099297],[126.94453621,35.13099467],[126.94461465,35.13099627]],[[126.94409629,35.13141124],[126.94410805,35.13102899],[126.94410947,35.13098307]],[[126.94362053,35.13121581],[126.94362293596133,35.13110431163604]]]}},{"type":"Feature","properties":{"clusterId":"동구-153","roadName":"화산로","managedUnitCount":4,"matchConfidence":1,"matchMethod":"road_name_and_coordinate","estimated":true,"source":"odcloud:15113447","dataAsOf":"2024-04-15","linkedRoadCount":6,"corridorLengthMeters":200,"roadLightingEvidence":0.5858,"roadLightingScore":62},"geometry":{"type":"MultiLineString","coordinates":[[[126.93011233,35.11756344],[126.93020024,35.11750976],[126.93024447,35.11748275],[126.93028903,35.11746277],[126.93033578,35.11744612],[126.93038625,35.1174338],[126.93042146,35.11742986],[126.93048509,35.11742503],[126.93050166,35.11742549],[126.93058983,35.11742927]],[[126.93058983,35.11742927],[126.93071677,35.11743471],[126.93077919,35.11743908],[126.9311115,35.11746266]],[[126.92983804,35.11748027],[126.92985982,35.11748547],[126.92991898,35.1174996],[126.93000003,35.11751894],[126.93001681,35.11752301],[126.93004511,35.11753212],[126.93005317,35.11753561],[126.93008711,35.11755027],[126.93011233,35.11756344]],[[126.93011233,35.11756344],[126.93011594,35.11756534],[126.93016133,35.11759628],[126.93019731,35.11763091],[126.93032608,35.11775492],[126.93037781,35.11781012],[126.93039063,35.11782554],[126.9304021,35.11784045],[126.93040575,35.1178452],[126.93041518,35.11785674]],[[126.92950863,35.11741714],[126.92965026,35.11744338],[126.92965805,35.11744474],[126.92977909,35.11746716],[126.92979811,35.11747069],[126.92983804,35.11748027]],[[126.92984663207028,35.11713196196399],[126.92984645,35.11713793],[126.92984192,35.11716641],[126.92984057089556,35.11717116375559]]]}},{"type":"Feature","properties":{"clusterId":"동구-154","roadName":"칠전길","managedUnitCount":13,"matchConfidence":1,"matchMethod":"road_name_and_coordinate","estimated":true,"source":"odcloud:15113447","dataAsOf":"2024-04-15","linkedRoadCount":9,"corridorLengthMeters":200,"roadLightingEvidence":0.6067,"roadLightingScore":53},"geometry":{"type":"MultiLineString","coordinates":[[[126.92711323,35.10519528],[126.92713699,35.10518339],[126.9271543,35.10517207],[126.92715832,35.10516944],[126.92717239,35.10515703],[126.9271801,35.10514779],[126.92718893,35.10513277],[126.92719545,35.10510913],[126.92719805,35.10509205],[126.92719891,35.10505003],[126.92719185,35.10501385],[126.92717953,35.10497671],[126.92715743,35.10492935],[126.92714987,35.10490509]],[[126.92714987,35.10490509],[126.92716182,35.10489265]],[[126.92716182,35.10489265],[126.92718439,35.10486753],[126.92720609,35.10484976],[126.92722877,35.1048363],[126.92725492,35.10482524],[126.92730197,35.10480937],[126.92734535,35.10479895],[126.92740169,35.10478916],[126.92741443,35.10478695],[126.92743743,35.10478124]],[[126.92675999,35.10493099],[126.92678055,35.10492524],[126.92686018,35.10490976],[126.92695109,35.10489454],[126.92698626,35.1048904],[126.92701977,35.10488958],[126.92705636,35.10489182],[126.92710425,35.10489597],[126.9271146,35.10489804],[126.92714987,35.10490509]],[[126.92743743,35.10478124],[126.9274639,35.1047742],[126.92747041,35.10477293],[126.92756043,35.10475537]],[[126.92743743,35.10478124],[126.92745356,35.10480044],[126.92748035,35.10483228],[126.92751943,35.10487668],[126.92753192,35.10488584],[126.92756335,35.10489828]],[[126.92756043,35.10475537],[126.92758838,35.10474939]],[[126.92660515,35.10530055],[126.92663433,35.10528503],[126.926714,35.10524032],[126.92678743,35.1052135],[126.92681548,35.10520547],[126.92685105,35.10519909],[126.92689921,35.10519642],[126.92702724,35.10519611],[126.9270632,35.10519817],[126.92709321,35.10519743],[126.92711323,35.10519528]],[[126.92758838,35.10474939],[126.92761664,35.10474964],[126.92763522,35.10474982],[126.92766345,35.104753],[126.92770746,35.10476197],[126.9277286,35.10476866],[126.92773965,35.10477215],[126.92775363,35.10477807],[126.92775902328445,35.10478161087982]]]}},{"type":"Feature","properties":{"clusterId":"동구-155","roadName":"중앙로","managedUnitCount":12,"matchConfidence":1,"matchMethod":"road_name_and_coordinate","estimated":true,"source":"odcloud:15113447","dataAsOf":"2024-04-15","linkedRoadCount":6,"corridorLengthMeters":200,"roadLightingEvidence":0.5962,"roadLightingScore":53},"geometry":{"type":"MultiLineString","coordinates":[[[126.91997059,35.16283061],[126.91998592,35.16278197],[126.9200831,35.16247313]],[[126.9199118,35.16303515],[126.91992817,35.1629782],[126.91996278,35.16285778],[126.91997059,35.16283061]],[[126.9196343,35.16297304],[126.91967688,35.16298189],[126.91977658,35.16300449],[126.9199118,35.16303515]],[[126.91979258,35.16344131],[126.91980385,35.16340618],[126.91986028,35.16322995],[126.9198685,35.16320431],[126.91987509,35.16318372],[126.91987811,35.16317428],[126.91988557,35.16314347],[126.9199118,35.16303515]],[[126.9200831,35.16247313],[126.92017382,35.16218482],[126.92018721,35.16214934],[126.92019959,35.16211659]],[[126.91935373,35.16293403],[126.91937861,35.16292988],[126.9193954,35.16292881],[126.91940458,35.16292823],[126.91942807,35.16293123],[126.91945522,35.16293653],[126.91954083,35.16295362],[126.91958927904734,35.16296368613294]]]}},{"type":"Feature","properties":{"clusterId":"동구-156","roadName":"금남로","managedUnitCount":12,"matchConfidence":1,"matchMethod":"road_name_and_coordinate","estimated":true,"source":"odcloud:15113447","dataAsOf":"2024-04-15","linkedRoadCount":6,"corridorLengthMeters":200,"roadLightingEvidence":0.6774,"roadLightingScore":66},"geometry":{"type":"MultiLineString","coordinates":[[[126.91405538,35.15104376],[126.91411768,35.15100763],[126.91416599,35.15097961],[126.91438949,35.15082778]],[[126.91438949,35.15082778],[126.91471734,35.15060507]],[[126.91371732,35.15125899],[126.91395598,35.15110539],[126.91400323,35.15107609],[126.91405538,35.15104376]],[[126.91405538,35.15104376],[126.91416989,35.15113978],[126.91422971,35.15118992],[126.91438162,35.15131453]],[[126.91471734,35.15060507],[126.91504519,35.15038236]],[[126.91347432529926,35.15141539080242],[126.91349619094412,35.15140131727084]]]}},{"type":"Feature","properties":{"clusterId":"동구-157","roadName":"금남로","managedUnitCount":12,"matchConfidence":1,"matchMethod":"road_name_and_coordinate","estimated":true,"source":"odcloud:15113447","dataAsOf":"2024-04-15","linkedRoadCount":5,"corridorLengthMeters":197,"roadLightingEvidence":0.6731,"roadLightingScore":67},"geometry":{"type":"MultiLineString","coordinates":[[[126.91504519,35.15038236],[126.91515232,35.15030958],[126.9151981,35.15028056],[126.91526409,35.15023873],[126.91538335,35.15017064]],[[126.91471734,35.15060507],[126.91504519,35.15038236]],[[126.91538335,35.15017064],[126.91558066,35.15003903],[126.91563828,35.1500006],[126.91573115,35.14993783]],[[126.91438949,35.15082778],[126.91471734,35.15060507]],[[126.91573115,35.14993783],[126.9160688771935,35.14970953954783]]]}},{"type":"Feature","properties":{"clusterId":"동구-158","roadName":"금남로","managedUnitCount":12,"matchConfidence":1,"matchMethod":"road_name_and_coordinate","estimated":true,"source":"odcloud:15113447","dataAsOf":"2024-04-15","linkedRoadCount":6,"corridorLengthMeters":200,"roadLightingEvidence":0.5901,"roadLightingScore":52},"geometry":{"type":"MultiLineString","coordinates":[[[126.91130288,35.15287552],[126.91133536,35.15285402],[126.9116658,35.15263536]],[[126.9116658,35.15263536],[126.91202873,35.1523952]],[[126.91202873,35.1523952],[126.9120967,35.15234979],[126.91212373,35.15233167]],[[126.91103403,35.15264901],[126.91119166,35.15278157],[126.91130288,35.15287552]],[[126.91130288,35.15287552],[126.91141362,35.15297084],[126.91148158,35.15302975],[126.91162617,35.15315226]],[[126.91087649,35.15315091],[126.91110341039632,35.15300435986788]]]}},{"type":"Feature","properties":{"clusterId":"동구-159","roadName":"금남로","managedUnitCount":12,"matchConfidence":1,"matchMethod":"road_name_and_coordinate","estimated":true,"source":"odcloud:15113447","dataAsOf":"2024-04-15","linkedRoadCount":3,"corridorLengthMeters":94,"roadLightingEvidence":0.5789,"roadLightingScore":50},"geometry":{"type":"MultiLineString","coordinates":[[[126.91187063,35.15288846],[126.9120898,35.15303629]],[[126.9120898,35.15303629],[126.91227866,35.15316368],[126.91230897,35.15318413]],[[126.91195382,35.15342549],[126.91197626,35.15340955],[126.91200448,35.15338951],[126.91205255,35.15335656],[126.91230897,35.15318413]]]}},{"type":"Feature","properties":{"clusterId":"동구-161","roadName":"충장로","managedUnitCount":24,"matchConfidence":1,"matchMethod":"road_name_and_coordinate","estimated":true,"source":"odcloud:15113447","dataAsOf":"2024-04-15","linkedRoadCount":6,"corridorLengthMeters":200,"roadLightingEvidence":0.6243,"roadLightingScore":61},"geometry":{"type":"MultiLineString","coordinates":[[[126.91049336,35.15219843],[126.91051883,35.1522188],[126.91059213,35.1522774],[126.91076492,35.15242271]],[[126.91029954,35.15202857],[126.91042488,35.15213627],[126.91046938,35.15217667],[126.91049336,35.15219843]],[[126.91049336,35.15219843],[126.91056012,35.1521582],[126.91059885,35.15213486],[126.91086306,35.15195242]],[[126.91009176,35.15246241],[126.9103915,35.15225925],[126.91043203,35.15223505],[126.91049336,35.15219843]],[[126.91010517,35.15185915],[126.91012481,35.15187755],[126.91013638,35.15188838],[126.91029954,35.15202857]],[[126.91086306,35.15195242],[126.91105649364916,35.15181883427827]]]}},{"type":"Feature","properties":{"clusterId":"동구-164","roadName":"대남대로","managedUnitCount":9,"matchConfidence":0.6,"matchMethod":"parcel_and_coordinate","estimated":true,"source":"odcloud:15113447","dataAsOf":"2024-04-15","linkedRoadCount":2,"corridorLengthMeters":75,"roadLightingEvidence":0.3585,"roadLightingScore":39},"geometry":{"type":"MultiLineString","coordinates":[[[126.92205032,35.13854935],[126.92212087,35.13859291],[126.92228147,35.13869692],[126.92241176,35.13880097]],[[126.92177147785523,35.13837711560346],[126.92178935,35.13838821],[126.92205032,35.13854935]]]}},{"type":"Feature","properties":{"clusterId":"동구-166","roadName":"필문대로","managedUnitCount":22,"matchConfidence":1,"matchMethod":"road_name_and_coordinate","estimated":true,"source":"odcloud:15113447","dataAsOf":"2024-04-15","linkedRoadCount":2,"corridorLengthMeters":74,"roadLightingEvidence":0.6334,"roadLightingScore":52},"geometry":{"type":"MultiLineString","coordinates":[[[126.92419637,35.14161326],[126.92424837,35.14156796],[126.92432652,35.14149937],[126.92434484,35.14147988],[126.92437947,35.14144303],[126.92442171,35.14134231]],[[126.92442171,35.14134231],[126.92446481,35.14123952],[126.92448597,35.14114923],[126.92451678,35.14106142],[126.92451958,35.14101962]]]}},{"type":"Feature","properties":{"clusterId":"동구-167","roadName":"필문대로","managedUnitCount":24,"matchConfidence":1,"matchMethod":"road_name_and_coordinate","estimated":true,"source":"odcloud:15113447","dataAsOf":"2024-04-15","linkedRoadCount":1,"corridorLengthMeters":27,"roadLightingEvidence":0.91,"roadLightingScore":66},"geometry":{"type":"MultiLineString","coordinates":[[[126.92887836,35.1488273],[126.92907,35.14874605],[126.92907495,35.14874396],[126.92915393,35.14873611]]]}},{"type":"Feature","properties":{"clusterId":"동구-168","roadName":"필문대로","managedUnitCount":14,"matchConfidence":1,"matchMethod":"road_name_and_coordinate","estimated":true,"source":"odcloud:15113447","dataAsOf":"2024-04-15","linkedRoadCount":3,"corridorLengthMeters":61,"roadLightingEvidence":0.6409,"roadLightingScore":53},"geometry":{"type":"MultiLineString","coordinates":[[[126.92682872,35.14521347],[126.92690046,35.14524683],[126.92706991,35.14534717],[126.92707403,35.14535705],[126.92711088,35.14538567]],[[126.92682872,35.14521347],[126.92684136,35.14520002]],[[126.92664808,35.14540416],[126.92676729,35.14527831],[126.92682872,35.14521347]]]}},{"type":"Feature","properties":{"clusterId":"동구-169","roadName":"필문대로","managedUnitCount":13,"matchConfidence":1,"matchMethod":"road_name_and_coordinate","estimated":true,"source":"odcloud:15113447","dataAsOf":"2024-04-15","linkedRoadCount":1,"corridorLengthMeters":27,"roadLightingEvidence":0.91,"roadLightingScore":66},"geometry":{"type":"MultiLineString","coordinates":[[[126.92887836,35.1488273],[126.92907,35.14874605],[126.92907495,35.14874396],[126.92915393,35.14873611]]]}},{"type":"Feature","properties":{"clusterId":"동구-170","roadName":"필문대로","managedUnitCount":9,"matchConfidence":1,"matchMethod":"road_name_and_coordinate","estimated":true,"source":"odcloud:15113447","dataAsOf":"2024-04-15","linkedRoadCount":5,"corridorLengthMeters":141,"roadLightingEvidence":0.5728,"roadLightingScore":50},"geometry":{"type":"MultiLineString","coordinates":[[[126.92919784,35.14995685],[126.92940926,35.14992377],[126.92941127,35.14992311],[126.92961615,35.14985476]],[[126.92876782,35.15002732],[126.92877226,35.15002656],[126.9289199,35.15000034],[126.92919784,35.14995685]],[[126.92873007,35.15003374],[126.92875828,35.15002944],[126.92876782,35.15002732]],[[126.92854186,35.15004037],[126.92858671,35.15003941],[126.92866734,35.1500377],[126.92868933,35.15003841],[126.92869392,35.15003808],[126.92870726,35.1500371],[126.92873007,35.15003374]],[[126.92876782,35.15002732],[126.92876004,35.15000318],[126.92875912,35.15000033],[126.92876986,35.14997738],[126.92878223,35.14995932],[126.92881188,35.14990706],[126.92882821,35.14987167],[126.92885738,35.14976375],[126.92887827862177,35.14967994222494]]]}},{"type":"Feature","properties":{"clusterId":"동구-171","roadName":"필문대로","managedUnitCount":9,"matchConfidence":1,"matchMethod":"road_name_and_coordinate","estimated":true,"source":"odcloud:15113447","dataAsOf":"2024-04-15","linkedRoadCount":1,"corridorLengthMeters":48,"roadLightingEvidence":0.7,"roadLightingScore":56},"geometry":{"type":"MultiLineString","coordinates":[[[126.92992156,35.15027669],[126.93016044,35.15024843],[126.93045012,35.15022626]]]}},{"type":"Feature","properties":{"clusterId":"동구-172","roadName":"필문대로","managedUnitCount":19,"matchConfidence":1,"matchMethod":"road_name_and_coordinate","estimated":true,"source":"odcloud:15113447","dataAsOf":"2024-04-15","linkedRoadCount":3,"corridorLengthMeters":70,"roadLightingEvidence":0.8707,"roadLightingScore":65},"geometry":{"type":"MultiLineString","coordinates":[[[126.93080997,35.15327402],[126.93082663,35.15326939],[126.93104619,35.15320854],[126.93124939,35.15315223]],[[126.93080997,35.15327402],[126.93081688,35.15328879],[126.93085914,35.15338133]],[[126.93075573,35.15314849],[126.93080457,35.15326118],[126.93080997,35.15327402]]]}},{"type":"Feature","properties":{"clusterId":"동구-173","roadName":"필문대로","managedUnitCount":18,"matchConfidence":1,"matchMethod":"road_name_and_coordinate","estimated":true,"source":"odcloud:15113447","dataAsOf":"2024-04-15","linkedRoadCount":3,"corridorLengthMeters":70,"roadLightingEvidence":0.8707,"roadLightingScore":65},"geometry":{"type":"MultiLineString","coordinates":[[[126.93075573,35.15314849],[126.93080457,35.15326118],[126.93080997,35.15327402]],[[126.93080997,35.15327402],[126.93081688,35.15328879],[126.93085914,35.15338133]],[[126.93080997,35.15327402],[126.93082663,35.15326939],[126.93104619,35.15320854],[126.93124939,35.15315223]]]}},{"type":"Feature","properties":{"clusterId":"동구-174","roadName":"필문대로","managedUnitCount":24,"matchConfidence":1,"matchMethod":"road_name_and_coordinate","estimated":true,"source":"odcloud:15113447","dataAsOf":"2024-04-15","linkedRoadCount":1,"corridorLengthMeters":40,"roadLightingEvidence":0.7,"roadLightingScore":56},"geometry":{"type":"MultiLineString","coordinates":[[[126.93129383,35.15773476],[126.93150384,35.15776133],[126.93172413,35.1577892]]]}},{"type":"Feature","properties":{"clusterId":"동구-175","roadName":"필문대로","managedUnitCount":28,"matchConfidence":1,"matchMethod":"road_name_and_coordinate","estimated":true,"source":"odcloud:15113447","dataAsOf":"2024-04-15","linkedRoadCount":1,"corridorLengthMeters":36,"roadLightingEvidence":0.7,"roadLightingScore":56},"geometry":{"type":"MultiLineString","coordinates":[[[126.93088977,35.15776347],[126.93106923,35.15777997],[126.93127876,35.15780661]]]}},{"type":"Feature","properties":{"clusterId":"동구-176","roadName":"천변좌로604번안길","managedUnitCount":16,"matchConfidence":1,"matchMethod":"road_name_and_coordinate","estimated":true,"source":"odcloud:15113447","dataAsOf":"2024-04-15","linkedRoadCount":2,"corridorLengthMeters":73,"roadLightingEvidence":0.621,"roadLightingScore":52},"geometry":{"type":"MultiLineString","coordinates":[[[126.92767965,35.12773212],[126.92802711,35.12759682]],[[126.92802711,35.12759682],[126.92804795,35.12758871],[126.9282467,35.12750352],[126.92826823,35.12749258],[126.92839295,35.12742913]]]}},{"type":"Feature","properties":{"clusterId":"동구-178","roadName":"문화전당로26번길","managedUnitCount":14,"matchConfidence":0.6,"matchMethod":"parcel_and_coordinate","estimated":true,"source":"odcloud:15113447","dataAsOf":"2024-04-15","linkedRoadCount":4,"corridorLengthMeters":150,"roadLightingEvidence":0.3693,"roadLightingScore":41},"geometry":{"type":"MultiLineString","coordinates":[[[126.92030952,35.14518463],[126.92061945,35.14530166],[126.92069516,35.14533027]],[[126.92069516,35.14533027],[126.92077133,35.14535904],[126.92100276,35.1454464],[126.92109478,35.14548317]],[[126.92069516,35.14533027],[126.92069862,35.14528017],[126.92072383,35.14521129],[126.92072437,35.1452097],[126.92075722,35.14516348],[126.92092438,35.14501953]],[[126.91994393017477,35.14504659774912],[126.92023829316736,35.14515773768944]]]}},{"type":"Feature","properties":{"clusterId":"동구-180","roadName":"예술길","managedUnitCount":17,"matchConfidence":1,"matchMethod":"road_name_and_coordinate","estimated":true,"source":"odcloud:15113447","dataAsOf":"2024-04-15","linkedRoadCount":3,"corridorLengthMeters":100,"roadLightingEvidence":0.7439,"roadLightingScore":65},"geometry":{"type":"MultiLineString","coordinates":[[[126.91957002,35.148951],[126.91966932,35.14881202],[126.91970894,35.148768],[126.91980261,35.1486638]],[[126.91935263,35.14924653],[126.91937222,35.14922304],[126.91939569,35.149195],[126.91957002,35.148951]],[[126.91918890711594,35.1494071119546],[126.91931614,35.14929022],[126.91932615,35.14927824],[126.91935261238041,35.149246551099615]]]}},{"type":"Feature","properties":{"clusterId":"동구-181","roadName":"동명로","managedUnitCount":10,"matchConfidence":1,"matchMethod":"road_name_and_coordinate","estimated":true,"source":"odcloud:15113447","dataAsOf":"2024-04-15","linkedRoadCount":7,"corridorLengthMeters":200,"roadLightingEvidence":0.6061,"roadLightingScore":53},"geometry":{"type":"MultiLineString","coordinates":[[[126.92340587,35.15079932],[126.92342072,35.15082587],[126.92343074,35.15084377],[126.92356799,35.15105856]],[[126.92309173,35.15087718],[126.92310189,35.15087462],[126.92325479,35.15083606],[126.92330052,35.15082307],[126.92330753,35.15082107],[126.92340587,35.15079932]],[[126.92323968,35.15056757],[126.92337855,35.15075671],[126.92338937,35.1507736],[126.92340587,35.15079932]],[[126.92356799,35.15105856],[126.92368759,35.15124572],[126.92372142,35.15130027],[126.92373186,35.15131711]],[[126.92308218,35.15033215],[126.92311918,35.15038938],[126.92312848,35.15040761],[126.92314269,35.15043546],[126.92323968,35.15056757]],[[126.92275112,35.15096275],[126.92276852,35.15095837],[126.9230813,35.15087981],[126.92309173,35.15087718]],[[126.92290146,35.15015595],[126.92290853,35.15016154],[126.92297802,35.15021798],[126.92300220403106,35.150241545390855]]]}},{"type":"Feature","properties":{"clusterId":"동구-182","roadName":"구성로","managedUnitCount":10,"matchConfidence":1,"matchMethod":"road_name_and_coordinate","estimated":true,"source":"odcloud:15113447","dataAsOf":"2024-04-15","linkedRoadCount":6,"corridorLengthMeters":200,"roadLightingEvidence":0.5684,"roadLightingScore":51},"geometry":{"type":"MultiLineString","coordinates":[[[126.91135993,35.15072153],[126.91145515,35.15080322],[126.91165543,35.15097253]],[[126.91165543,35.15097253],[126.91187289,35.15115636],[126.91190482,35.15118773],[126.9119454,35.15122759]],[[126.91106597,35.1504693],[126.91135993,35.15072153]],[[126.9119454,35.15122759],[126.9119798,35.15126177],[126.91201948,35.15130117],[126.91219755,35.15146085]],[[126.91106597,35.1504693],[126.91113258,35.1504203],[126.91115664,35.1504026],[126.91125618,35.15032443],[126.91133277,35.15026986]],[[126.91082433,35.15024862],[126.91086322,35.15028899],[126.91089531,35.15032232],[126.91093960393107,35.150360467982054]]]}},{"type":"Feature","properties":{"clusterId":"동구-183","roadName":"구성로","managedUnitCount":8,"matchConfidence":1,"matchMethod":"road_name_and_coordinate","estimated":true,"source":"odcloud:15113447","dataAsOf":"2024-04-15","linkedRoadCount":6,"corridorLengthMeters":188,"roadLightingEvidence":0.8095,"roadLightingScore":77},"geometry":{"type":"MultiLineString","coordinates":[[[126.91416485,35.15317065],[126.91437535,35.15335593],[126.91441622,35.15339189]],[[126.91391257,35.15295011],[126.91396208,35.15299274],[126.91399282,35.15301922],[126.91416485,35.15317065]],[[126.91441622,35.15339189],[126.91444364,35.15341603],[126.91463712,35.15358634],[126.9147107,35.15365108]],[[126.91368321,35.15275296],[126.9138283,35.15288332],[126.9138569,35.15290599],[126.91391257,35.15295011]],[[126.9147107,35.15365108],[126.91475469,35.15369091],[126.91490676,35.15382865]],[[126.91350151272053,35.152589719699655],[126.9136831879643,35.15275294020276]]]}},{"type":"Feature","properties":{"clusterId":"동구-184","roadName":"중앙로","managedUnitCount":9,"matchConfidence":1,"matchMethod":"road_name_and_coordinate","estimated":true,"source":"odcloud:15113447","dataAsOf":"2024-04-15","linkedRoadCount":6,"corridorLengthMeters":200,"roadLightingEvidence":0.5875,"roadLightingScore":52},"geometry":{"type":"MultiLineString","coordinates":[[[126.91727186,35.15169972],[126.91754043,35.15190856]],[[126.91700412,35.15149018],[126.91703265,35.15151293],[126.91707171,35.15154408],[126.91727186,35.15169972]],[[126.91685271,35.15136088],[126.9169437,35.15143733],[126.916967,35.15145771],[126.91700412,35.15149018]],[[126.91754043,35.15190856],[126.91770366,35.15203549],[126.91773766,35.15206571],[126.91792251,35.15223001]],[[126.91714945,35.15222441],[126.91744755,35.1519836],[126.91754043,35.15190856]],[[126.91658946,35.15115018],[126.9166176,35.15117223],[126.91669156459285,35.15123021677727]]]}},{"type":"Feature","properties":{"clusterId":"동구-185","roadName":"천변좌로","managedUnitCount":11,"matchConfidence":1,"matchMethod":"road_name_and_coordinate","estimated":true,"source":"odcloud:15113447","dataAsOf":"2024-04-15","linkedRoadCount":7,"corridorLengthMeters":200,"roadLightingEvidence":0.5791,"roadLightingScore":52},"geometry":{"type":"MultiLineString","coordinates":[[[126.92930634,35.12869186],[126.92936932,35.1286291],[126.92942095,35.12856972],[126.92948813,35.12847199],[126.92949034,35.12846715]],[[126.92898523,35.12888304],[126.92910441,35.12882939],[126.92921784,35.12876361],[126.92930634,35.12869186]],[[126.92949034,35.12846715],[126.92953053,35.12837885],[126.92954807,35.12832757],[126.92956254,35.12825926],[126.92957397,35.12820523]],[[126.92883562,35.12876128],[126.92889586,35.12879595],[126.92893058,35.12882316],[126.92893129,35.12882393],[126.92898523,35.12888304]],[[126.92864394,35.12894791],[126.92873626,35.12894577],[126.92880214,35.12893579],[126.92892644,35.1289058],[126.92898523,35.12888304]],[[126.92957397,35.12820523],[126.92958019,35.12813395],[126.92959758,35.12793449]],[[126.92849866,35.12863349],[126.92860555,35.12866998],[126.92871302358411,35.128715099754665]]]}},{"type":"Feature","properties":{"clusterId":"동구-186","roadName":"독립로","managedUnitCount":22,"matchConfidence":1,"matchMethod":"road_name_and_coordinate","estimated":true,"source":"odcloud:15113447","dataAsOf":"2024-04-15","linkedRoadCount":3,"corridorLengthMeters":100,"roadLightingEvidence":0.5945,"roadLightingScore":51},"geometry":{"type":"MultiLineString","coordinates":[[[126.91384862,35.15925326],[126.91389103,35.1593589],[126.91401982,35.15967721]],[[126.91401982,35.15967721],[126.91417885,35.16007029],[126.91419131,35.16010108]],[[126.91418389342046,35.16010301085012],[126.91419131,35.16010108]]]}},{"type":"Feature","properties":{"clusterId":"동구-187","roadName":"독립로","managedUnitCount":14,"matchConfidence":1,"matchMethod":"road_name_and_coordinate","estimated":true,"source":"odcloud:15113447","dataAsOf":"2024-04-15","linkedRoadCount":5,"corridorLengthMeters":200,"roadLightingEvidence":0.5609,"roadLightingScore":51},"geometry":{"type":"MultiLineString","coordinates":[[[126.91531669,35.16293284],[126.91533855,35.16298953],[126.91540383,35.16315301],[126.91542957,35.16321437]],[[126.91542957,35.16321437],[126.91545051,35.16327238],[126.91545115,35.16327414],[126.91545491,35.16328456],[126.91555698,35.16355016],[126.91556965,35.16358237],[126.91558397,35.1636188]],[[126.9152077,35.16265028],[126.91531655,35.16293249],[126.91531669,35.16293284]],[[126.91504087689222,35.16226861979033],[126.9150417,35.1622708],[126.91508823,35.16237717],[126.9152077,35.16265028]],[[126.91558397,35.1636188],[126.91559608,35.16365185],[126.91571636514426,35.163980018041684]]]}},{"type":"Feature","properties":{"clusterId":"동구-188","roadName":"서암대로","managedUnitCount":11,"matchConfidence":1,"matchMethod":"road_name_and_coordinate","estimated":true,"source":"odcloud:15113447","dataAsOf":"2024-04-15","linkedRoadCount":4,"corridorLengthMeters":122,"roadLightingEvidence":0.5856,"roadLightingScore":51},"geometry":{"type":"MultiLineString","coordinates":[[[126.9172254,35.1652822],[126.91757727,35.16520248]],[[126.91703731,35.16532485],[126.9170782,35.16531557],[126.9172254,35.1652822]],[[126.91710343,35.16497541],[126.91716763,35.16513691],[126.9172254,35.1652822]],[[126.91666624,35.16541027],[126.91693118,35.16534899],[126.91699641,35.16533415],[126.91703731,35.16532485]]]}},{"type":"Feature","properties":{"clusterId":"동구-189","roadName":"필문대로","managedUnitCount":29,"matchConfidence":1,"matchMethod":"road_name_and_coordinate","estimated":true,"source":"odcloud:15113447","dataAsOf":"2024-04-15","linkedRoadCount":1,"corridorLengthMeters":20,"roadLightingEvidence":0.7,"roadLightingScore":55},"geometry":{"type":"MultiLineString","coordinates":[[[126.92473407,35.16298191],[126.92491862,35.16293055],[126.92494156,35.16292417]]]}},{"type":"Feature","properties":{"clusterId":"동구-190","roadName":"남문로693번길","managedUnitCount":24,"matchConfidence":0.6,"matchMethod":"parcel_and_coordinate","estimated":true,"source":"odcloud:15113447","dataAsOf":"2024-04-15","linkedRoadCount":4,"corridorLengthMeters":138,"roadLightingEvidence":0.35,"roadLightingScore":39},"geometry":{"type":"MultiLineString","coordinates":[[[126.92756943,35.13218218],[126.92757698,35.13218458],[126.92791715,35.13229994],[126.9279867,35.13233999]],[[126.9279867,35.13233999],[126.92804567,35.13237182],[126.92808486,35.13239299],[126.92820876,35.13242991],[126.9282523,35.13244303]],[[126.92714028,35.13204376],[126.927244,35.1320784],[126.92756943,35.13218218]],[[126.9282523,35.13244303],[126.92833466,35.13246783],[126.92852988,35.13252661]]]}},{"type":"Feature","properties":{"clusterId":"동구-191","roadName":"필문대로","managedUnitCount":5,"matchConfidence":1,"matchMethod":"road_name_and_coordinate","estimated":true,"source":"odcloud:15113447","dataAsOf":"2024-04-15","linkedRoadCount":2,"corridorLengthMeters":42,"roadLightingEvidence":0.6819,"roadLightingScore":55},"geometry":{"type":"MultiLineString","coordinates":[[[126.9282836,35.16210459],[126.92830188,35.16211653],[126.92840388,35.16219427],[126.92853355,35.16233263]],[[126.92822007,35.16205997],[126.92826846,35.16209407],[126.9282836,35.16210459]]]}},{"type":"Feature","properties":{"clusterId":"동구-192","roadName":"필문대로106번길","managedUnitCount":6,"matchConfidence":1,"matchMethod":"road_name_and_coordinate","estimated":true,"source":"odcloud:15113447","dataAsOf":"2024-04-15","linkedRoadCount":3,"corridorLengthMeters":109,"roadLightingEvidence":0.593,"roadLightingScore":51},"geometry":{"type":"MultiLineString","coordinates":[[[126.92984712,35.16094778],[126.9299661,35.16101997],[126.93000131,35.16103989],[126.93018002,35.16114089]],[[126.92951412,35.16075511],[126.9295716,35.16078434],[126.92960939,35.16080355],[126.92984712,35.16094778]],[[126.92919445,35.1605758],[126.92940254,35.16069836],[126.92943268,35.1607137],[126.92951412,35.16075511]]]}},{"type":"Feature","properties":{"clusterId":"동구-193","roadName":"무등로","managedUnitCount":28,"matchConfidence":1,"matchMethod":"road_name_and_coordinate","estimated":true,"source":"odcloud:15113447","dataAsOf":"2024-04-15","linkedRoadCount":4,"corridorLengthMeters":178,"roadLightingEvidence":0.8234,"roadLightingScore":66},"geometry":{"type":"MultiLineString","coordinates":[[[126.9228293,35.16074317],[126.92309113,35.1606866],[126.92330266,35.16063454]],[[126.92330266,35.16063454],[126.92370805,35.16053477],[126.92377354,35.16051865]],[[126.9223539,35.16084587],[126.9228293,35.16074317]],[[126.92377354,35.16051865],[126.92377408,35.16051851],[126.92381077,35.16051177],[126.92421707,35.16043705],[126.92424139,35.1604327]]]}},{"type":"Feature","properties":{"clusterId":"동구-195","roadName":"경양로277번길","managedUnitCount":15,"matchConfidence":1,"matchMethod":"road_name_and_coordinate","estimated":true,"source":"odcloud:15113447","dataAsOf":"2024-04-15","linkedRoadCount":6,"corridorLengthMeters":200,"roadLightingEvidence":0.5636,"roadLightingScore":51},"geometry":{"type":"MultiLineString","coordinates":[[[126.9200195,35.15669026],[126.92002148,35.15667169],[126.92002451,35.15664322],[126.92004083,35.15631353]],[[126.9200147,35.15678212],[126.92001564,35.15675771],[126.92001704,35.15672166],[126.92001755,35.15671523],[126.9200195,35.15669026]],[[126.92000253,35.15712843],[126.9200122,35.1568486],[126.9200147,35.15678212]],[[126.92004083,35.15631353],[126.92004222,35.15628554],[126.9200465,35.15614591],[126.92004892,35.15593641]],[[126.91999439468248,35.157449791229304],[126.91999271,35.15742859],[126.91999262,35.15742157],[126.91999217,35.15738654],[126.91999693,35.15729083],[126.92000252845504,35.15712847480361]],[[126.92004892,35.15593641],[126.92005219822886,35.15565214746845]]]}},{"type":"Feature","properties":{"clusterId":"동구-196","roadName":"중앙로","managedUnitCount":13,"matchConfidence":1,"matchMethod":"road_name_and_coordinate","estimated":true,"source":"odcloud:15113447","dataAsOf":"2024-04-15","linkedRoadCount":8,"corridorLengthMeters":200,"roadLightingEvidence":0.6471,"roadLightingScore":64},"geometry":{"type":"MultiLineString","coordinates":[[[126.91940416,35.15342292],[126.91959803,35.15358524],[126.91963037,35.15361232]],[[126.91917672,35.15323451],[126.91927397,35.15331447],[126.91931184,35.15334562],[126.91940416,35.15342292]],[[126.91963037,35.15361232],[126.91965959,35.15363678],[126.91974604,35.15370918],[126.9198458,35.1537917],[126.9198649,35.15380751]],[[126.91935502,35.15384355],[126.91951966,35.15370529],[126.91963037,35.15361232]],[[126.91897692,35.1530755],[126.91909258,35.15316754],[126.91917672,35.15323451]],[[126.9198649,35.15380751],[126.91988612,35.15382389],[126.91991944,35.15384958],[126.91994053,35.15386584]],[[126.918776,35.15291743],[126.91879271,35.15293042],[126.91888115,35.15299928],[126.91897692,35.1530755]],[[126.91994053,35.15386584],[126.91995964,35.15388127],[126.92005531591555,35.153958564301334]]]}},{"type":"Feature","properties":{"clusterId":"동구-199","roadName":"육판서길","managedUnitCount":8,"matchConfidence":1,"matchMethod":"road_name_and_coordinate","estimated":true,"source":"odcloud:15113447","dataAsOf":"2024-04-15","linkedRoadCount":3,"corridorLengthMeters":99,"roadLightingEvidence":0.8026,"roadLightingScore":64},"geometry":{"type":"MultiLineString","coordinates":[[[126.94224486,35.09158962],[126.94229207,35.09168377],[126.94246088,35.09184888]],[[126.94208915,35.09129933],[126.94210749,35.0913282],[126.94213728,35.09137508],[126.94216612,35.0914326],[126.94222131,35.09154266],[126.94224486,35.09158962]],[[126.94193796,35.09107244],[126.9419483,35.09108644],[126.94201295,35.0911794],[126.94203601,35.09121569],[126.94208915,35.09129933]]]}},{"type":"Feature","properties":{"clusterId":"동구-201","roadName":"남계길","managedUnitCount":26,"matchConfidence":0.6,"matchMethod":"parcel_and_coordinate","estimated":true,"source":"odcloud:15113447","dataAsOf":"2024-04-15","linkedRoadCount":2,"corridorLengthMeters":79,"roadLightingEvidence":0.3731,"roadLightingScore":40},"geometry":{"type":"MultiLineString","coordinates":[[[126.94067062,35.09358214],[126.94078005,35.09361089],[126.94084636,35.09362512],[126.94091393,35.09363962],[126.94098053,35.09365391],[126.94100567,35.0936593],[126.94110342,35.09368028]],[[126.94030409,35.09341321],[126.94033496,35.09343075],[126.94048292,35.0935004],[126.94058807,35.09354618],[126.94067062,35.09358214]]]}},{"type":"Feature","properties":{"clusterId":"동구-204","roadName":"동명로","managedUnitCount":16,"matchConfidence":1,"matchMethod":"road_name_and_coordinate","estimated":true,"source":"odcloud:15113447","dataAsOf":"2024-04-15","linkedRoadCount":8,"corridorLengthMeters":200,"roadLightingEvidence":0.5814,"roadLightingScore":52},"geometry":{"type":"MultiLineString","coordinates":[[[126.928485,35.15099926],[126.92849049,35.15107537],[126.92849742,35.15117154],[126.9285041,35.1512178],[126.92851358,35.15134559]],[[126.92820419,35.15101522],[126.92828949,35.1510095],[126.92832373,35.1510072],[126.928485,35.15099926]],[[126.928485,35.15099926],[126.92878824,35.15098435]],[[126.92789952,35.15103595],[126.92794101,35.15103274],[126.92796554,35.15103084],[126.92815655,35.15101837],[126.92820419,35.15101522]],[[126.92878824,35.15098435],[126.92888971,35.15097936],[126.92908821,35.15096699]],[[126.92878824,35.15098435],[126.92879536,35.15106092],[126.92880539,35.15116876],[126.92881288,35.15130984]],[[126.92776193,35.1510583],[126.92787188,35.1510381],[126.92789952,35.15103595]],[[126.92908821,35.15096699],[126.92913218861763,35.15096425105217]]]}},{"type":"Feature","properties":{"clusterId":"동구-206","roadName":"남문로","managedUnitCount":10,"matchConfidence":0.6,"matchMethod":"parcel_and_coordinate","estimated":true,"source":"odcloud:15113447","dataAsOf":"2024-04-15","linkedRoadCount":2,"corridorLengthMeters":44,"roadLightingEvidence":0.4197,"roadLightingScore":42},"geometry":{"type":"MultiLineString","coordinates":[[[126.93557249,35.11582809],[126.93561241,35.11583677],[126.93563464,35.11584275],[126.9356497,35.11584679],[126.93567087,35.11585194],[126.93571178,35.11585971],[126.93575379,35.11586415],[126.93577749,35.11586372],[126.93580919,35.11585968],[126.93587525,35.11584051],[126.93594613,35.11581333],[126.93599968,35.1157956]],[[126.93557249,35.11582809],[126.9355795,35.11584648],[126.935583,35.11585352],[126.93558469,35.11585518]]]}},{"type":"Feature","properties":{"clusterId":"동구-208","roadName":"칠전길","managedUnitCount":16,"matchConfidence":0.6,"matchMethod":"parcel_and_coordinate","estimated":true,"source":"odcloud:15113447","dataAsOf":"2024-04-15","linkedRoadCount":5,"corridorLengthMeters":150,"roadLightingEvidence":0.3381,"roadLightingScore":39},"geometry":{"type":"MultiLineString","coordinates":[[[126.93092958,35.10603967],[126.93095205,35.106043],[126.93099392,35.10604748],[126.93102389,35.10604853],[126.93105757,35.10604875],[126.93108815,35.10604749],[126.93112199,35.10604336],[126.93113466,35.10604162],[126.93118149,35.10602665],[126.93120058,35.10601969],[126.93121779,35.10601078],[126.93124087,35.1059941],[126.93127272,35.10597108]],[[126.93127272,35.10597108],[126.93128663,35.10596102],[126.93129889,35.10595354],[126.93130227,35.10595205],[126.93131447,35.10594666],[126.93133155,35.1059418],[126.93137859,35.10593846],[126.93138948,35.10593883],[126.93144726,35.1059468],[126.93152025,35.10596157],[126.93161865,35.10599021]],[[126.93056742,35.10597405],[126.93068607,35.10599179],[126.93074745,35.10600347],[126.93090257,35.10603568],[126.93092958,35.10603967]],[[126.93161865,35.10599021],[126.93162701,35.10599264],[126.93165734,35.10600631],[126.93177332,35.10606376],[126.93185185,35.10610166],[126.93187203,35.10611947],[126.93189019,35.10613549],[126.93189471240782,35.10614324387396]],[[126.93036480511633,35.10596366564493],[126.93036628,35.10596364],[126.93043255,35.10596361],[126.9304956,35.10596574],[126.93054541,35.10597075],[126.93056737926614,35.1059740438927]]]}},{"type":"Feature","properties":{"clusterId":"동구-212","roadName":"무등로","managedUnitCount":16,"matchConfidence":1,"matchMethod":"road_name_and_coordinate","estimated":true,"source":"odcloud:15113447","dataAsOf":"2024-04-15","linkedRoadCount":4,"corridorLengthMeters":178,"roadLightingEvidence":0.8234,"roadLightingScore":66},"geometry":{"type":"MultiLineString","coordinates":[[[126.9228293,35.16074317],[126.92309113,35.1606866],[126.92330266,35.16063454]],[[126.92330266,35.16063454],[126.92370805,35.16053477],[126.92377354,35.16051865]],[[126.9223539,35.16084587],[126.9228293,35.16074317]],[[126.92377354,35.16051865],[126.92377408,35.16051851],[126.92381077,35.16051177],[126.92421707,35.16043705],[126.92424139,35.1604327]]]}},{"type":"Feature","properties":{"clusterId":"동구-213","roadName":"무등로","managedUnitCount":12,"matchConfidence":1,"matchMethod":"road_name_and_coordinate","estimated":true,"source":"odcloud:15113447","dataAsOf":"2024-04-15","linkedRoadCount":6,"corridorLengthMeters":200,"roadLightingEvidence":0.7391,"roadLightingScore":68},"geometry":{"type":"MultiLineString","coordinates":[[[126.92752112,35.15881855],[126.92754258,35.15879707],[126.92764103,35.15869846],[126.92766289,35.15867666],[126.92768514,35.1586552],[126.92775951,35.15858346]],[[126.92775951,35.15858346],[126.92798212,35.15836872],[126.928001,35.15835051]],[[126.92724814,35.1590795],[126.9274351,35.1589046],[126.92749141,35.15884828],[126.92752112,35.15881855]],[[126.928001,35.15835051],[126.92801225,35.15833956],[126.92820162,35.15815525]],[[126.92775997,35.15826667],[126.92781261,35.15821686],[126.9278188,35.15821277],[126.92782378,35.15821187],[126.92782928,35.15821326],[126.92783706,35.15821827],[126.92792896,35.15829307],[126.928001,35.15835051]],[[126.92697175,35.15933807],[126.92722277995951,35.15910322506903]]]}},{"type":"Feature","properties":{"clusterId":"동구-214","roadName":"무등로","managedUnitCount":13,"matchConfidence":1,"matchMethod":"road_name_and_coordinate","estimated":true,"source":"odcloud:15113447","dataAsOf":"2024-04-15","linkedRoadCount":6,"corridorLengthMeters":200,"roadLightingEvidence":0.7178,"roadLightingScore":68},"geometry":{"type":"MultiLineString","coordinates":[[[126.93004538,35.15640275],[126.93007693,35.15637048],[126.93012393,35.15632239],[126.93034427,35.15611626]],[[126.9298352,35.15662121],[126.92983645,35.15661989],[126.92996942,35.15648498],[126.93001605,35.1564345],[126.93004538,35.15640275]],[[126.93034427,35.15611626],[126.93062669,35.15585205],[126.93064739,35.15583268]],[[126.92961556,35.15683302],[126.9296264,35.15682342],[126.9297295,35.1567321],[126.9298352,35.15662121]],[[126.93064739,35.15583268],[126.93066259,35.1558181],[126.93088342,35.15560628],[126.93089722662116,35.15559355731333]],[[126.92961556,35.15683302],[126.92969608,35.15689095],[126.92977624948261,35.15694864003288]]]}},{"type":"Feature","properties":{"clusterId":"동구-215","roadName":"갈마로","managedUnitCount":8,"matchConfidence":1,"matchMethod":"road_name_and_coordinate","estimated":true,"source":"odcloud:15113447","dataAsOf":"2024-04-15","linkedRoadCount":4,"corridorLengthMeters":101,"roadLightingEvidence":0.5686,"roadLightingScore":50},"geometry":{"type":"MultiLineString","coordinates":[[[126.93506676,35.16168772],[126.93519487,35.16173791]],[[126.93505557,35.16171549],[126.93506676,35.16168772]],[[126.93464237,35.16152992],[126.9348282,35.16159425],[126.93489147,35.16161903],[126.93506676,35.16168772]],[[126.93421297,35.16138128],[126.93464237,35.16152992]]]}},{"type":"Feature","properties":{"clusterId":"동구-216","roadName":"무등로557번길","managedUnitCount":10,"matchConfidence":0.6,"matchMethod":"parcel_and_coordinate","estimated":true,"source":"odcloud:15113447","dataAsOf":"2024-04-15","linkedRoadCount":4,"corridorLengthMeters":146,"roadLightingEvidence":0.3427,"roadLightingScore":39},"geometry":{"type":"MultiLineString","coordinates":[[[126.9413713,35.15768585],[126.94139804,35.15769429],[126.94143052,35.15769305],[126.94154599,35.15766321],[126.9416846,35.15763207],[126.94180698,35.15760723]],[[126.94094908,35.15757153],[126.94100601,35.15758337],[126.94108926,35.15759882],[126.94120423,35.15761104],[126.94125483,35.15762436],[126.94135598,35.15768101],[126.9413713,35.15768585]],[[126.94180698,35.15760723],[126.94182222,35.15760413],[126.94186382,35.15760105],[126.94193511,35.15761169],[126.9420625,35.15763893],[126.94210465,35.15763865],[126.94218047,35.15762778],[126.9422488,35.15761104]],[[126.940764437829,35.15743168185072],[126.94080796,35.15747275],[126.94086573,35.1575243],[126.94090256,35.15755111],[126.94094856,35.15757142],[126.94094906872401,35.15757152761469]]]}},{"type":"Feature","properties":{"clusterId":"동구-217","roadName":"문화전당로35번길","managedUnitCount":6,"matchConfidence":1,"matchMethod":"road_name_and_coordinate","estimated":true,"source":"odcloud:15113447","dataAsOf":"2024-04-15","linkedRoadCount":6,"corridorLengthMeters":200,"roadLightingEvidence":0.6211,"roadLightingScore":54},"geometry":{"type":"MultiLineString","coordinates":[[[126.91739726,35.14578421],[126.917494,35.145414],[126.91750021,35.14539016],[126.91750874,35.14535492]],[[126.91721986,35.14525477],[126.91732533,35.14530249],[126.9173426,35.14531028],[126.91742082,35.14533422],[126.91748297,35.14534886],[126.91750874,35.14535492]],[[126.91750874,35.14535492],[126.9175346,35.14536102],[126.91786487,35.14544007],[126.9178815,35.14544387]],[[126.91695817,35.1450977],[126.91716483,35.14522716],[126.91718114,35.14523734],[126.91721986,35.14525477]],[[126.91780875,35.14567164],[126.91787314,35.14547001],[126.9178815,35.14544387]],[[126.9178815,35.14544387],[126.91789834,35.14544773],[126.91821135,35.14551932],[126.91821513623418,35.14552018848107]]]}},{"type":"Feature","properties":{"clusterId":"동구-219","roadName":"예술길","managedUnitCount":8,"matchConfidence":0.6,"matchMethod":"parcel_and_coordinate","estimated":true,"source":"odcloud:15113447","dataAsOf":"2024-04-15","linkedRoadCount":4,"corridorLengthMeters":150,"roadLightingEvidence":0.3447,"roadLightingScore":39},"geometry":{"type":"MultiLineString","coordinates":[[[126.91757245,35.15093625],[126.91786002,35.15066158]],[[126.91728487,35.15121091],[126.91732531,35.15117228],[126.91734777,35.15115084],[126.91737747,35.15112247],[126.91757245,35.15093625]],[[126.91786002,35.15066158],[126.91804908,35.150481],[126.91808403,35.15044318],[126.91811086586324,35.15041414113641]],[[126.91704722248494,35.15144501621305],[126.91708546,35.15140495],[126.91712411,35.15136445],[126.91728487,35.15121091]]]}},{"type":"Feature","properties":{"clusterId":"동구-222","roadName":"남문로","managedUnitCount":30,"matchConfidence":0.6,"matchMethod":"parcel_and_coordinate","estimated":true,"source":"odcloud:15113447","dataAsOf":"2024-04-15","linkedRoadCount":2,"corridorLengthMeters":75,"roadLightingEvidence":0.3637,"roadLightingScore":39},"geometry":{"type":"MultiLineString","coordinates":[[[126.94952532,35.0876461],[126.94953103,35.08766363],[126.94956784,35.08775786],[126.94957716,35.08777303],[126.9496199,35.0878363],[126.94965527,35.08788588]],[[126.94965527,35.08788588],[126.94969064,35.08793547],[126.94978783,35.08798371],[126.94982749,35.08801005],[126.94991433,35.08806707],[126.94995125,35.0880896],[126.94999999,35.08811892],[126.95004076,35.08814187]]]}},{"type":"Feature","properties":{"clusterId":"동구-226","roadName":"남계길","managedUnitCount":9,"matchConfidence":0.6,"matchMethod":"parcel_and_coordinate","estimated":true,"source":"odcloud:15113447","dataAsOf":"2024-04-15","linkedRoadCount":1,"corridorLengthMeters":39,"roadLightingEvidence":0.42,"roadLightingScore":42},"geometry":{"type":"MultiLineString","coordinates":[[[126.93886739,35.09520005],[126.93889067,35.09516334],[126.9389424,35.09508173],[126.93897917,35.0950401],[126.93901721,35.09500004],[126.93904119,35.09497405],[126.93907479,35.09493782],[126.93908668,35.09491812],[126.93909406,35.09490507]]]}},{"type":"Feature","properties":{"clusterId":"동구-229","roadName":"육판서길","managedUnitCount":9,"matchConfidence":0.6,"matchMethod":"parcel_and_coordinate","estimated":true,"source":"odcloud:15113447","dataAsOf":"2024-04-15","linkedRoadCount":2,"corridorLengthMeters":64,"roadLightingEvidence":0.814,"roadLightingScore":55},"geometry":{"type":"MultiLineString","coordinates":[[[126.94193796,35.09107244],[126.9419483,35.09108644],[126.94201295,35.0911794],[126.94203601,35.09121569],[126.94208915,35.09129933]],[[126.94208915,35.09129933],[126.94210749,35.0913282],[126.94213728,35.09137508],[126.94216612,35.0914326],[126.94222131,35.09154266],[126.94224486,35.09158962]]]}},{"type":"Feature","properties":{"clusterId":"동구-230","roadName":"육판서길","managedUnitCount":19,"matchConfidence":0.6,"matchMethod":"parcel_and_coordinate","estimated":true,"source":"odcloud:15113447","dataAsOf":"2024-04-15","linkedRoadCount":3,"corridorLengthMeters":91,"roadLightingEvidence":0.8045,"roadLightingScore":55},"geometry":{"type":"MultiLineString","coordinates":[[[126.94193796,35.09107244],[126.9419483,35.09108644],[126.94201295,35.0911794],[126.94203601,35.09121569],[126.94208915,35.09129933]],[[126.94208915,35.09129933],[126.94210749,35.0913282],[126.94213728,35.09137508],[126.94216612,35.0914326],[126.94222131,35.09154266],[126.94224486,35.09158962]],[[126.94224486,35.09158962],[126.94229207,35.09168377],[126.94240119862492,35.091790506832375]]]}},{"type":"Feature","properties":{"clusterId":"동구-234","roadName":"용산4길","managedUnitCount":15,"matchConfidence":0.6,"matchMethod":"parcel_and_coordinate","estimated":true,"source":"odcloud:15113447","dataAsOf":"2024-04-15","linkedRoadCount":3,"corridorLengthMeters":133,"roadLightingEvidence":0.3538,"roadLightingScore":40},"geometry":{"type":"MultiLineString","coordinates":[[[126.92500499,35.11780576],[126.92517473,35.11778475],[126.92517934,35.11778431],[126.92526316,35.11777336],[126.92534742,35.11776206],[126.92551691,35.11773577]],[[126.92551691,35.11773577],[126.92560449,35.11772219],[126.92599421,35.11766207],[126.926027,35.11765701]],[[126.92488959145024,35.118053609064674],[126.92487437,35.11790274],[126.92486841,35.1178226],[126.925,35.11780638],[126.92500495245098,35.11780576466541]]]}},{"type":"Feature","properties":{"clusterId":"동구-240","roadName":"의재로33번길","managedUnitCount":6,"matchConfidence":1,"matchMethod":"road_name_and_coordinate","estimated":true,"source":"odcloud:15113447","dataAsOf":"2024-04-15","linkedRoadCount":8,"corridorLengthMeters":200,"roadLightingEvidence":0.712,"roadLightingScore":65},"geometry":{"type":"MultiLineString","coordinates":[[[126.93096084,35.13348641],[126.93100061,35.13354287],[126.93104004,35.13354593],[126.93125089,35.13351847]],[[126.93107103,35.13326491],[126.93116113,35.13338858],[126.93123543,35.13349609],[126.93125089,35.13351847]],[[126.93125089,35.13351847],[126.93158809,35.13347406],[126.93162947,35.13346861]],[[126.93079433,35.13324998],[126.93096084,35.13348641]],[[126.93162947,35.13346861],[126.93167325,35.13346414],[126.93173453,35.13345788],[126.93179778,35.13344762]],[[126.93162947,35.13346861],[126.93163942,35.13351146],[126.93166178,35.13360769],[126.93166478,35.1336206]],[[126.93107103,35.13326491],[126.93106281,35.13325362],[126.9310638,35.13325016],[126.9311616,35.13320076],[126.9312834,35.1331365]],[[126.93154387,35.13308756],[126.93154899,35.13311034],[126.9315711943608,35.133209180656664]]]}},{"type":"Feature","properties":{"clusterId":"동구-241","roadName":"중앙로290번길","managedUnitCount":6,"matchConfidence":0.6,"matchMethod":"parcel_and_coordinate","estimated":true,"source":"odcloud:15113447","dataAsOf":"2024-04-15","linkedRoadCount":4,"corridorLengthMeters":143,"roadLightingEvidence":0.511,"roadLightingScore":50},"geometry":{"type":"MultiLineString","coordinates":[[[126.9224154,35.15783676],[126.92274276,35.15788837],[126.92285176,35.15791539]],[[126.92197541,35.15777119],[126.922176,35.15779901],[126.9224154,35.15783676]],[[126.92285176,35.15791539],[126.92315424,35.15799036],[126.9231587,35.15799185],[126.92327572,35.15803113]],[[126.92174984976924,35.157739899061916],[126.92197541,35.15777119]]]}},{"type":"Feature","properties":{"clusterId":"동구-242","roadName":"중앙로290번길","managedUnitCount":8,"matchConfidence":0.6,"matchMethod":"parcel_and_coordinate","estimated":true,"source":"odcloud:15113447","dataAsOf":"2024-04-15","linkedRoadCount":4,"corridorLengthMeters":147,"roadLightingEvidence":0.5246,"roadLightingScore":51},"geometry":{"type":"MultiLineString","coordinates":[[[126.92197541,35.15777119],[126.922176,35.15779901],[126.9224154,35.15783676]],[[126.92153447,35.15771002],[126.92197541,35.15777119]],[[126.9224154,35.15783676],[126.92274276,35.15788837],[126.92285176,35.15791539]],[[126.92126736240694,35.15767148553529],[126.92142588,35.15769496],[126.92153447,35.15771002]]]}},{"type":"Feature","properties":{"clusterId":"동구-247","roadName":"남문로","managedUnitCount":12,"matchConfidence":0.6,"matchMethod":"parcel_and_coordinate","estimated":true,"source":"odcloud:15113447","dataAsOf":"2024-04-15","linkedRoadCount":5,"corridorLengthMeters":115,"roadLightingEvidence":0.3313,"roadLightingScore":38},"geometry":{"type":"MultiLineString","coordinates":[[[126.9321574,35.12399999],[126.93233389,35.12403975],[126.93235577,35.12404467],[126.93251038,35.12407951]],[[126.93251038,35.12407951],[126.93259352,35.1240983],[126.93263527,35.12410777],[126.93264891,35.12411086]],[[126.9326025,35.12424595],[126.93262857,35.12416746],[126.9326427,35.12412816],[126.93264891,35.12411086]],[[126.93264891,35.12411086],[126.93265361,35.12409787],[126.93266739,35.12405968],[126.93271985,35.12390061]],[[126.93264891,35.12411086],[126.93266313,35.1241141],[126.93280972,35.12414746],[126.93291365,35.12417107],[126.93295220495628,35.12417982570077]]]}},{"type":"Feature","properties":{"clusterId":"동구-249","roadName":"남문로567번길","managedUnitCount":17,"matchConfidence":0.6,"matchMethod":"parcel_and_coordinate","estimated":true,"source":"odcloud:15113447","dataAsOf":"2024-04-15","linkedRoadCount":2,"corridorLengthMeters":88,"roadLightingEvidence":0.364,"roadLightingScore":39},"geometry":{"type":"MultiLineString","coordinates":[[[126.93027502,35.12540351],[126.93028431,35.12549507],[126.93031075,35.12571882],[126.93032149,35.12572906],[126.93033027,35.1257303],[126.93043351,35.12568627]],[[126.93043351,35.12568627],[126.93058507,35.12562165],[126.93069656,35.12555181],[126.9307898441831,35.12548544675909]]]}},{"type":"Feature","properties":{"clusterId":"동구-250","roadName":"광주천자전거길","managedUnitCount":15,"matchConfidence":0.6,"matchMethod":"parcel_and_coordinate","estimated":true,"source":"odcloud:15113447","dataAsOf":"2024-04-15","linkedRoadCount":1,"corridorLengthMeters":44,"roadLightingEvidence":0.42,"roadLightingScore":42},"geometry":{"type":"MultiLineString","coordinates":[[[126.93616762,35.10520561],[126.93615215,35.10511708],[126.93614626,35.10508564],[126.9361265,35.10500004],[126.93608525,35.10484707],[126.93607638,35.10481417]]]}},{"type":"Feature","properties":{"clusterId":"동구-251","roadName":"구성로152번길","managedUnitCount":7,"matchConfidence":1,"matchMethod":"road_name_and_coordinate","estimated":true,"source":"odcloud:15113447","dataAsOf":"2024-04-15","linkedRoadCount":6,"corridorLengthMeters":200,"roadLightingEvidence":0.5652,"roadLightingScore":51},"geometry":{"type":"MultiLineString","coordinates":[[[126.91161847,35.1495848],[126.91188299,35.14935659],[126.91191498,35.14933357],[126.91194909,35.1493042]],[[126.91194909,35.1493042],[126.91199127,35.14927871],[126.91222491,35.14907985]],[[126.91129026,35.14986748],[126.91131097,35.14985011],[126.91161847,35.1495848]],[[126.91222491,35.14907985],[126.9124259,35.14890879],[126.91244268,35.1488945],[126.91246866,35.14887653],[126.91250356,35.14885845]],[[126.91112342823828,35.15000696659903],[126.91113145,35.15000064],[126.91126579,35.14988801],[126.91129022435457,35.149867509906024]],[[126.91129026,35.14986748],[126.91134588,35.14990748],[126.91146170576465,35.14999079014812]]]}},{"type":"Feature","properties":{"clusterId":"동구-255","roadName":"무등로383번길","managedUnitCount":5,"matchConfidence":0.6,"matchMethod":"parcel_and_coordinate","estimated":true,"source":"odcloud:15113447","dataAsOf":"2024-04-15","linkedRoadCount":3,"corridorLengthMeters":120,"roadLightingEvidence":0.3603,"roadLightingScore":40},"geometry":{"type":"MultiLineString","coordinates":[[[126.9243845,35.16100409],[126.92439611,35.16099049],[126.92446339,35.16091254],[126.92452991,35.1608041],[126.92459385,35.1606893]],[[126.92412481,35.16129386],[126.92432679,35.16107163],[126.9243845,35.16100409]],[[126.92459385,35.1606893],[126.92462785,35.16062826],[126.92470469,35.16047742],[126.92471209,35.16045177],[126.92471267,35.16044972],[126.92470986,35.16034903]]]}},{"type":"Feature","properties":{"clusterId":"동구-258","roadName":"지원로","managedUnitCount":12,"matchConfidence":0.6,"matchMethod":"parcel_and_coordinate","estimated":true,"source":"odcloud:15113447","dataAsOf":"2024-04-15","linkedRoadCount":4,"corridorLengthMeters":75,"roadLightingEvidence":0.3414,"roadLightingScore":38},"geometry":{"type":"MultiLineString","coordinates":[[[126.93649211,35.12437209],[126.93660385,35.12435572],[126.93668766,35.12434526],[126.93673036,35.12434004]],[[126.93646691,35.12437504],[126.93649211,35.12437209]],[[126.93616126,35.124411],[126.9362007,35.12440636],[126.93643845,35.12437839],[126.93646691,35.12437504]],[[126.93591332627905,35.12442924588443],[126.93593061,35.12442812],[126.93602429,35.12442256],[126.93610363,35.12441592],[126.93615866,35.12441131],[126.93616123218054,35.12441100331693]]]}},{"type":"Feature","properties":{"clusterId":"동구-261","roadName":"지호로52번길","managedUnitCount":21,"matchConfidence":0.6,"matchMethod":"parcel_and_coordinate","estimated":true,"source":"odcloud:15113447","dataAsOf":"2024-04-15","linkedRoadCount":2,"corridorLengthMeters":75,"roadLightingEvidence":0.3555,"roadLightingScore":39},"geometry":{"type":"MultiLineString","coordinates":[[[126.93619116,35.14626065],[126.93618324,35.14626827],[126.93617094,35.1462818],[126.93616836,35.14628787],[126.93616736,35.14629267],[126.93616881,35.14633268],[126.93617133,35.14634836],[126.93619679,35.14650669],[126.93622179,35.14661151]],[[126.93588156131388,35.14670629194203],[126.93594466,35.14669297],[126.93599506,35.14668184],[126.93611962,35.14664766],[126.93622205,35.1466368],[126.93622584,35.14662851],[126.93622179,35.14661151]]]}},{"type":"Feature","properties":{"clusterId":"동구-262","roadName":"남문로","managedUnitCount":20,"matchConfidence":0.6,"matchMethod":"parcel_and_coordinate","estimated":true,"source":"odcloud:15113447","dataAsOf":"2024-04-15","linkedRoadCount":3,"corridorLengthMeters":129,"roadLightingEvidence":0.3561,"roadLightingScore":52},"geometry":{"type":"MultiLineString","coordinates":[[[126.94856404,35.08803849],[126.94859164,35.0880211],[126.94879792,35.08788677],[126.94893765,35.08779005],[126.94895107,35.0877792]],[[126.94895107,35.0877792],[126.94904416,35.08770392],[126.94919382,35.08756661],[126.94930175,35.08748756]],[[126.94823374712396,35.08824325712375],[126.94840462,35.08813893],[126.9485639965576,35.08803851737026]]]}},{"type":"Feature","properties":{"clusterId":"동구-263","roadName":"선교로","managedUnitCount":12,"matchConfidence":0.6,"matchMethod":"parcel_and_coordinate","estimated":true,"source":"odcloud:15113447","dataAsOf":"2024-04-15","linkedRoadCount":4,"corridorLengthMeters":113,"roadLightingEvidence":0.4951,"roadLightingScore":47},"geometry":{"type":"MultiLineString","coordinates":[[[126.94927882,35.08944999],[126.94923073,35.08952839],[126.9492208,35.08954457],[126.94927055,35.08963253],[126.94928417,35.08969128],[126.94928907,35.08971013],[126.94930508,35.08975479],[126.94931008,35.08976579]],[[126.9492534,35.09009609],[126.94924915,35.09008645],[126.94925094,35.09007656],[126.94926388,35.09002992],[126.9492698,35.09001078],[126.94927468,35.08999999],[126.94929823,35.08994938],[126.94933988,35.08986646],[126.94934335,35.08985074],[126.94933962,35.08981106],[126.94933649,35.08979363],[126.94933005,35.08978428],[126.94931008,35.08976579]],[[126.9492534,35.09009609],[126.94925966,35.09011025],[126.94929536,35.09015419],[126.94930233,35.09016209],[126.94931941,35.09018495],[126.94932057,35.09018829],[126.94932098,35.09020367]],[[126.94917531250516,35.09027543561197],[126.94917142,35.09026477],[126.94917093,35.09025972],[126.94917425,35.09022131],[126.94921079,35.09014136],[126.94922159,35.0901211],[126.94922788,35.0901102],[126.94923786,35.09010074],[126.9492534,35.09009609]]]}},{"type":"Feature","properties":{"clusterId":"동구-264","roadName":"선교로","managedUnitCount":13,"matchConfidence":0.6,"matchMethod":"parcel_and_coordinate","estimated":true,"source":"odcloud:15113447","dataAsOf":"2024-04-15","linkedRoadCount":2,"corridorLengthMeters":75,"roadLightingEvidence":0.6005,"roadLightingScore":53},"geometry":{"type":"MultiLineString","coordinates":[[[126.94927882,35.08944999],[126.94923073,35.08952839],[126.9492208,35.08954457],[126.94927055,35.08963253],[126.94928417,35.08969128],[126.94928907,35.08971013],[126.94930508,35.08975479],[126.94931008,35.08976579]],[[126.94925045495091,35.09007923996426],[126.94925094,35.09007656],[126.94926388,35.09002992],[126.9492698,35.09001078],[126.94927468,35.08999999],[126.94929823,35.08994938],[126.94933988,35.08986646],[126.94934335,35.08985074],[126.94933962,35.08981106],[126.94933649,35.08979363],[126.94933005,35.08978428],[126.94931009548061,35.08976580433335]]]}},{"type":"Feature","properties":{"clusterId":"동구-268","roadName":"선교로","managedUnitCount":17,"matchConfidence":0.6,"matchMethod":"parcel_and_coordinate","estimated":true,"source":"odcloud:15113447","dataAsOf":"2024-04-15","linkedRoadCount":3,"corridorLengthMeters":126,"roadLightingEvidence":0.3564,"roadLightingScore":40},"geometry":{"type":"MultiLineString","coordinates":[[[126.95255796,35.08905984],[126.9527499,35.08890226],[126.95289808,35.08879883],[126.95294423,35.08877461]],[[126.95294423,35.08877461],[126.95315904,35.08866191],[126.95321632,35.08861717],[126.95327879,35.08856916]],[[126.95224534254965,35.089319625672395],[126.95242258,35.08917098],[126.95255795404545,35.08905984488839]]]}}]}
