보안등위치명,설치개수,소재지도로명주소,소재지지번주소,위도,경도,설치연도,설치형태,관리기관전화번호,관리기관명,데이터기준일자
계림동271,1,,광주광역시 동구 계림동 539-29,35.15890092,126.9159198,,한전주,062-608-2894,광주광역시 동구청,2025-12-23
계림동272,1,,광주광역시 동구 계림동 539-28,35.15895805,126.9159851,,건축물,062-608-2894,광주광역시 동구청,2025-12-23
계림동273,1,,광주광역시 동구 계림동 587-21,35.15877914,126.9161224,,한전주,062-608-2894,광주광역시 동구청,2025-12-23
계림동274,1,,광주광역시 동구 계림동 540-8,35.15894318,126.9162216,,전용주,062-608-2894,광주광역시 동구청,2025-12-23
계림동275,1,,광주광역시 동구 계림동 540-1,35.15916061,126.9164346,,한전주,062-608-2894,광주광역시 동구청,2025-12-23
계림동276,1,,광주광역시 동구 계림동 540-4,35.15894699,126.9165083,,전용주,062-608-2894,광주광역시 동구청,2025-12-23
계림동277,1,,광주광역시 동구 계림동 586-16,35.15876007,126.9166336,,한전주,062-608-2894,광주광역시 동구청,2025-12-23
계림동278,1,,광주광역시 동구 계림동 586-13,35.15852737,126.9169235,,한전주,062-608-2894,광주광역시 동구청,2025-12-23
계림동279,1,,광주광역시 동구 계림동 586-9,35.15837176,126.9172363,,한전주,062-608-2894,광주광역시 동구청,2025-12-23
계림동280,1,,광주광역시 동구 계림동 489-1,35.15821457,126.9174411,,한전주,062-608-2894,광주광역시 동구청,2025-12-23
계림동281,1,,광주광역시 동구 계림동 487-30,35.15837097,126.9175034,,건축물,062-608-2894,광주광역시 동구청,2025-12-23
계림동282,1,,광주광역시 동구 계림동 489-19,35.15800476,126.9174805,,전용주,062-608-2894,광주광역시 동구청,2025-12-23
계림동283,1,,광주광역시 동구 계림동 488-6,35.15784836,126.9178255,,한전주,062-608-2894,광주광역시 동구청,2025-12-23
계림동284,1,,광주광역시 동구 계림동 485-47,35.15766144,126.9181057,,한전주,062-608-2894,광주광역시 동구청,2025-12-23
계림동285,1,,광주광역시 동구 계림동 487-2,35.15795899,126.9181824,,한전주,062-608-2894,광주광역시 동구청,2025-12-23
계림동286,1,,광주광역시 동구 계림동 485-49,35.15757751,126.9179001,,전용주,062-608-2894,광주광역시 동구청,2025-12-23
계림동287,1,,광주광역시 동구 계림동 485-57,35.15741996,126.9181137,,한전주,062-608-2894,광주광역시 동구청,2025-12-23
계림동288,1,,광주광역시 동구 계림동 485-46,35.15767526,126.9182978,,한전주,062-608-2894,광주광역시 동구청,2025-12-23
계림동289,1,,광주광역시 동구 계림동 485-10,35.15719604,126.9183411,,전용주,062-608-2894,광주광역시 동구청,2025-12-23
계림동290,1,,광주광역시 동구 계림동 486-6,35.15709305,126.9183731,,건축물,062-608-2894,광주광역시 동구청,2025-12-23
계림동291,1,,광주광역시 동구 계림동 486-9,35.15677345,126.918037,,한전주,062-608-2894,광주광역시 동구청,2025-12-23
계림동292,1,,광주광역시 동구 계림동 484-13,35.15697954,126.9177585,,한전주,062-608-2894,광주광역시 동구청,2025-12-23
계림동293,1,,광주광역시 동구 계림동 485-32,35.15714645,126.9179001,,한전주,062-608-2894,광주광역시 동구청,2025-12-23
계림동294,1,,광주광역시 동구 계림동 486-12,35.15717697,126.9180145,,한전주,062-608-2894,광주광역시 동구청,2025-12-23
계림동295,1,,광주광역시 동구 계림동 484-23,35.15723408,126.9175645,,한전주,062-608-2894,광주광역시 동구청,2025-12-23
계림동296,1,,광주광역시 동구 계림동 484-26,35.15746689,126.917511,,전용주,062-608-2894,광주광역시 동구청,2025-12-23
계림동297,1,,광주광역시 동구 계림동 489-14,35.15755463,126.9172514,,한전주,062-608-2894,광주광역시 동구청,2025-12-23
계림동298,1,,광주광역시 동구 계림동 489-23,35.15764236,126.9172974,,한전주,062-608-2894,광주광역시 동구청,2025-12-23
계림동299,1,,광주광역시 동구 계림동 489-25,35.15780258,126.9169813,,한전주,062-608-2894,광주광역시 동구청,2025-12-23
계림동300,1,,광주광역시 동구 계림동 587-13,35.15815093,126.9168829,,한전주,062-608-2894,광주광역시 동구청,2025-12-23
계림동301,1,,광주광역시 동구 계림동 587-14,35.15822638,126.9167631,,전용주,062-608-2894,광주광역시 동구청,2025-12-23
계림동302,1,,광주광역시 동구 계림동 588-5,35.15828323,126.9163343,,한전주,062-608-2894,광주광역시 동구청,2025-12-23
계림동303,1,,광주광역시 동구 계림동 588-3,35.15838242,126.9161819,,한전주,062-608-2894,광주광역시 동구청,2025-12-23
계림동304,1,,광주광역시 동구 계림동 587-19,35.15863904,126.9162551,,전용주,062-608-2894,광주광역시 동구청,2025-12-23
계림동305,1,,광주광역시 동구 계림동 589-5,35.15864944,126.9159622,,한전주,062-608-2894,광주광역시 동구청,2025-12-23
계림동306,1,,광주광역시 동구 계림동 284-5,35.15755291,126.920105,,한전주,062-608-2894,광주광역시 동구청,2025-12-23
계림동307,1,,광주광역시 동구 계림동 284-6,35.15760422,126.9198993,,한전주,062-608-2894,광주광역시 동구청,2025-12-23
계림동308,1,,광주광역시 동구 계림동 284-1,35.15794164,126.9200211,,한전주,062-608-2894,광주광역시 동구청,2025-12-23
계림동309,1,,광주광역시 동구 계림동 288-2,35.15804291,126.9200134,,한전주,062-608-2894,광주광역시 동구청,2025-12-23
계림동310,1,,광주광역시 동구 계림동 284-13,35.15736008,126.919901,,한전주,062-608-2894,광주광역시 동구청,2025-12-23
계림동311,1,,광주광역시 동구 계림동 284-11,35.15732479,126.9196625,,한전주,062-608-2894,광주광역시 동구청,2025-12-23
계림동312,1,,광주광역시 동구 계림동 294-4,35.15696022,126.9192749,,한전주,062-608-2894,광주광역시 동구청,2025-12-23
계림동313,1,,광주광역시 동구 계림동 293-14,35.15742228,126.9191571,,한전주,062-608-2894,광주광역시 동구청,2025-12-23
계림동314,1,,광주광역시 동구 계림동 465-37,35.15668488,126.9182834,,건축물,062-608-2894,광주광역시 동구청,2025-12-23
계림동315,1,,광주광역시 동구 계림동 295-3,35.15676117,126.9190826,,한전주,062-608-2894,광주광역시 동구청,2025-12-23
계림동316,1,,광주광역시 동구 계림동 295-22,35.15662384,126.9192162,,전용주,062-608-2894,광주광역시 동구청,2025-12-23
계림동317,1,,광주광역시 동구 계림동 295-8,35.15682279,126.9194412,,한전주,062-608-2894,광주광역시 동구청,2025-12-23
계림동318,1,,광주광역시 동구 계림동 280-1,35.15699244,126.9196443,,한전주,062-608-2894,광주광역시 동구청,2025-12-23
계림동319,1,,광주광역시 동구 계림동 277-1,35.15671899,126.919815,,전용주,062-608-2894,광주광역시 동구청,2025-12-23
계림동320,1,,광주광역시 동구 계림동 271-24,35.15631213,126.9197083,,한전주,062-608-2894,광주광역시 동구청,2025-12-23
계림동321,1,,광주광역시 동구 계림동 295-16,35.15650177,126.9194717,,전용주,062-608-2894,광주광역시 동구청,2025-12-23
계림동322,1,,광주광역시 동구 계림동 297-35,35.15618379,126.919281,,한전주,062-608-2894,광주광역시 동구청,2025-12-23
계림동323,1,,광주광역시 동구 계림동 295-19,35.15623875,126.9193726,,전용주,062-608-2894,광주광역시 동구청,2025-12-23
계림동324,1,,광주광역시 동구 계림동 510-32,35.15531636,126.9194801,,한전주,062-608-2894,광주광역시 동구청,2025-12-23
계림동325,1,,광주광역시 동구 계림동 268-6,35.15590286,126.9198301,,한전주,062-608-2894,광주광역시 동구청,2025-12-23
계림동326,1,,광주광역시 동구 계림동 297-12,35.15611649,126.9198455,,한전주,062-608-2894,광주광역시 동구청,2025-12-23
계림동327,1,,광주광역시 동구 계림동 262-4,35.15568144,126.9199753,,전용주,062-608-2894,광주광역시 동구청,2025-12-23
계림동328,1,,광주광역시 동구 계림동 267-1,35.1555174,126.9196513,,전용주,062-608-2894,광주광역시 동구청,2025-12-23
계림동329,1,,광주광역시 동구 계림동 299-19,35.15567398,126.9195055,,건축물,062-608-2894,광주광역시 동구청,2025-12-23
계림동330,1,,광주광역시 동구 계림동 297-32,35.15603865,126.9192123,,한전주,062-608-2894,광주광역시 동구청,2025-12-23
계림동331,1,,광주광역시 동구 계림동 296-20,35.15649796,126.918808,,한전주,062-608-2894,광주광역시 동구청,2025-12-23
계림동332,1,,광주광역시 동구 계림동 296-4,35.15642241,126.9190292,,전용주,062-608-2894,광주광역시 동구청,2025-12-23
계림동333,1,,광주광역시 동구 계림동 296-16,35.15644723,126.9186172,,한전주,062-608-2894,광주광역시 동구청,2025-12-23
계림동334,1,,광주광역시 동구 계림동 294-17,35.15691273,126.9188004,,전용주,062-608-2894,광주광역시 동구청,2025-12-23
계림동335,1,,광주광역시 동구 계림동 264-5,35.15532419,126.9199753,,한전주,062-608-2894,광주광역시 동구청,2025-12-23
계림동336,1,,광주광역시 동구 계림동 266-4,35.1554532,126.9198837,,건축물,062-608-2894,광주광역시 동구청,2025-12-23
계림동337,1,,광주광역시 동구 계림동 262-3,35.1556015,126.9199996,,한전주,062-608-2894,광주광역시 동구청,2025-12-23
계림동338,1,,광주광역시 동구 계림동 268-4,35.15597209,126.9198732,,한전주,062-608-2894,광주광역시 동구청,2025-12-23
계림동339,1,,광주광역시 동구 계림동 271-27,35.15651747,126.919995,,한전주,062-608-2894,광주광역시 동구청,2025-12-23
계림동340,1,,광주광역시 동구 계림동 284-40,35.15666962,126.9201813,,한전주,062-608-2894,광주광역시 동구청,2025-12-23
계림동341,1,,광주광역시 동구 계림동 279-3,35.15694904,126.9200439,,한전주,062-608-2894,광주광역시 동구청,2025-12-23
계림동342,1,,광주광역시 동구 계림동 270-20,35.15692672,126.9200063,,한전주,062-608-2894,광주광역시 동구청,2025-12-23
계림동343,1,,광주광역시 동구 계림동 255,35.15526581,126.9203568,,한전주,062-608-2894,광주광역시 동구청,2025-12-23
계림동344,1,,광주광역시 동구 계림동 95-6,35.15587947,126.9205627,,한전주,062-608-2894,광주광역시 동구청,2025-12-23
계림동345,1,,광주광역시 동구 계림동 258-2,35.15558412,126.920364,,건축물,062-608-2894,광주광역시 동구청,2025-12-23
계림동346,1,,광주광역시 동구 계림동 1369-34,35.16045761,126.9246368,,한전주,062-608-2894,광주광역시 동구청,2025-12-23
계림동347,1,,광주광역시 동구 계림동 1369-34,35.16088486,126.924408,,한전주,062-608-2894,광주광역시 동구청,2025-12-23
계림동348,1,,광주광역시 동구 계림동 526-11,35.16113663,126.924202,,한전주,062-608-2894,광주광역시 동구청,2025-12-23
계림동349,1,,광주광역시 동구 계림동 524-9,35.16160712,126.9237585,,한전주,062-608-2894,광주광역시 동구청,2025-12-23
계림동351,1,,광주광역시 동구 계림동 524-1,35.16176605,126.9236026,,건축물,062-608-2894,광주광역시 동구청,2025-12-23
계림동352,1,,광주광역시 동구 계림동 116-25,35.16201108,126.9236603,,한전주,062-608-2894,광주광역시 동구청,2025-12-23
계림동353,1,,광주광역시 동구 계림동 524-5,35.16199635,126.9232276,,한전주,062-608-2894,광주광역시 동구청,2025-12-23
계림동354,1,,광주광역시 동구 계림동 116-7,35.16208678,126.9236291,,전용주,062-608-2894,광주광역시 동구청,2025-12-23
계림동355,1,,광주광역시 동구 계림동 116-7,35.16208678,126.9236679,,한전주,062-608-2894,광주광역시 동구청,2025-12-23
계림동356,1,,광주광역시 동구 계림동 116-7,35.16208678,126.9236291,,건축물,062-608-2894,광주광역시 동구청,2025-12-23
계림동358,1,,광주광역시 동구 계림동 116-2,35.16235974,126.9240646,,한전주,062-608-2894,광주광역시 동구청,2025-12-23
계림동359,1,,광주광역시 동구 계림동 116-15,35.16220856,126.9237895,,건축물,062-608-2894,광주광역시 동구청,2025-12-23
계림동360,1,,광주광역시 동구 계림동 1220,35.16225815,126.9242477,,전용주,062-608-2894,광주광역시 동구청,2025-12-23
계림동361,1,,광주광역시 동구 계림동 100-13,35.16245851,126.9241307,,전용주,062-608-2894,광주광역시 동구청,2025-12-23
계림동362,1,,광주광역시 동구 계림동 1221,35.16240118,126.9242626,,전용주,062-608-2894,광주광역시 동구청,2025-12-23
계림동363,1,,광주광역시 동구 계림동 508-10,35.16295755,126.9239479,,한전주,062-608-2894,광주광역시 동구청,2025-12-23
계림동364,1,,광주광역시 동구 계림동 100-1,35.16400383,126.9210861,,한전주,062-608-2894,광주광역시 동구청,2025-12-23
계림동365,1,,광주광역시 동구 계림동 1063,35.1634784,126.9236603,,전용주,062-608-2894,광주광역시 동구청,2025-12-23
계림동366,1,,광주광역시 동구 계림동 1065,35.16359329,126.9236145,,전용주,062-608-2894,광주광역시 동구청,2025-12-23
계림동370,1,,광주광역시 동구 계림동 1115,35.16280365,126.9247131,,한전주,062-608-2894,광주광역시 동구청,2025-12-23
계림동372,1,,광주광역시 동구 계림동 1074,35.1632145,126.9243774,,한전주,062-608-2894,광주광역시 동구청,2025-12-23
계림동373,1,,광주광역시 동구 계림동 1076,35.16334804,126.9240341,,한전주,062-608-2894,광주광역시 동구청,2025-12-23
계림동374,1,,광주광역시 동구 계림동 66-1,35.16052228,126.9237687,,한전주,062-608-2894,광주광역시 동구청,2025-12-23
계림동375,1,,광주광역시 동구 계림동 38-2,35.15930897,126.9249778,,한전주,062-608-2894,광주광역시 동구청,2025-12-23
계림동376,1,,광주광역시 동구 계림동 522-10,35.15982437,126.9250645,,한전주,062-608-2894,광주광역시 동구청,2025-12-23
계림동377,1,,광주광역시 동구 계림동 522-14,35.16001592,126.9250031,,건축물,062-608-2894,광주광역시 동구청,2025-12-23
계림동378,1,,광주광역시 동구 계림동 522-7,35.15990067,126.9253159,,건축물,062-608-2894,광주광역시 동구청,2025-12-23
계림동379,1,,광주광역시 동구 계림동 522-32,35.16015625,126.9252157,,한전주,062-608-2894,광주광역시 동구청,2025-12-23
계림동380,1,,광주광역시 동구 계림동 522-7,35.15997662,126.9253016,,한전주,062-608-2894,광주광역시 동구청,2025-12-23
계림동381,1,,광주광역시 동구 계림동 522-7,35.15991211,126.925354,,건축물,062-608-2894,광주광역시 동구청,2025-12-23
계림동382,1,,광주광역시 동구 계림동 522-1,35.15986633,126.9258859,,한전주,062-608-2894,광주광역시 동구청,2025-12-23
계림동383,1,,광주광역시 동구 계림동 522-17,35.15975379,126.9257202,,한전주,062-608-2894,광주광역시 동구청,2025-12-23
계림동384,1,,광주광역시 동구 계림동 522-22,35.15967422,126.9256011,,한전주,062-608-2894,광주광역시 동구청,2025-12-23
계림동385,1,,광주광역시 동구 계림동 522-21,35.15974483,126.9255095,,건축물,062-608-2894,광주광역시 동구청,2025-12-23
계림동386,1,,광주광역시 동구 계림동 522-28,35.15938187,126.9252231,,한전주,062-608-2894,광주광역시 동구청,2025-12-23
계림동387,1,,광주광역시 동구 계림동 522-19,35.15964508,126.9252472,,건축물,062-608-2894,광주광역시 동구청,2025-12-23
계림동388,1,,광주광역시 동구 계림동 522-5,35.15965787,126.9251126,,한전주,062-608-2894,광주광역시 동구청,2025-12-23
계림동389,1,,광주광역시 동구 계림동 521-1,35.15913354,126.9253869,,한전주,062-608-2894,광주광역시 동구청,2025-12-23
계림동390,1,,광주광역시 동구 계림동 521-1,35.15913354,126.925354,,전용주,062-608-2894,광주광역시 동구청,2025-12-23
계림동391,1,,광주광역시 동구 계림동 520-11,35.15920612,126.9255447,,건축물,062-608-2894,광주광역시 동구청,2025-12-23
계림동392,1,,광주광역시 동구 계림동 520-34,35.15912541,126.9256668,,한전주,062-608-2894,광주광역시 동구청,2025-12-23
계림동393,1,,광주광역시 동구 계림동 521-55,35.15877533,126.925719,,한전주,062-608-2894,광주광역시 동구청,2025-12-23
계림동394,1,,광주광역시 동구 계림동 520-31,35.1587886,126.9259858,,한전주,062-608-2894,광주광역시 동구청,2025-12-23
계림동395,1,,광주광역시 동구 계림동 520-44,35.15845108,126.9264127,,한전주,062-608-2894,광주광역시 동구청,2025-12-23
계림동396,1,,광주광역시 동구 계림동 521-42,35.15831909,126.9261017,,건축물,062-608-2894,광주광역시 동구청,2025-12-23
계림동397,1,,광주광역시 동구 계림동 521-45,35.15840936,126.9259338,,건축물,062-608-2894,광주광역시 동구청,2025-12-23
계림동398,1,,광주광역시 동구 계림동 520-5,35.15884172,126.9263302,,한전주,062-608-2894,광주광역시 동구청,2025-12-23
계림동399,1,,광주광역시 동구 계림동 521-6,35.15814527,126.9263894,,한전주,062-608-2894,광주광역시 동구청,2025-12-23
계림동400,1,,광주광역시 동구 계림동 521-35,35.15782166,126.9259395,,한전주,062-608-2894,광주광역시 동구청,2025-12-23
계림동401,1,,광주광역시 동구 계림동 521-22,35.15794754,126.9262085,,건축물,062-608-2894,광주광역시 동구청,2025-12-23
계림동402,1,,광주광역시 동구 계림동 521-32,35.15795898,126.9260887,,건축물,062-608-2894,광주광역시 동구청,2025-12-23
계림동403,1,,광주광역시 동구 계림동 521-23,35.15807343,126.9260635,,건축물,062-608-2894,광주광역시 동구청,2025-12-23
계림동404,1,,광주광역시 동구 계림동 521-36,35.15782442,126.9258423,,한전주,062-608-2894,광주광역시 동구청,2025-12-23
계림동405,1,,광주광역시 동구 계림동 521-33,35.15793991,126.9259033,,건축물,062-608-2894,광주광역시 동구청,2025-12-23
계림동406,1,,광주광역시 동구 계림동 521-29,35.15803652,126.9258107,,건축물,062-608-2894,광주광역시 동구청,2025-12-23
계림동407,1,,광주광역시 동구 계림동 521-28,35.15809432,126.9257634,,한전주,062-608-2894,광주광역시 동구청,2025-12-23
계림동408,1,,광주광역시 동구 계림동 521-11,35.15840794,126.9256668,,한전주,062-608-2894,광주광역시 동구청,2025-12-23
계림동409,1,,광주광역시 동구 계림동 52,35.15878304,126.9239979,,한전주,062-608-2894,광주광역시 동구청,2025-12-23
계림동410,1,,광주광역시 동구 계림동 191-2,35.15850137,126.9230939,,한전주,062-608-2894,광주광역시 동구청,2025-12-23
계림동411,1,,광주광역시 동구 계림동 191-4,35.15830994,126.9235687,,전용주,062-608-2894,광주광역시 동구청,2025-12-23
계림동412,1,,광주광역시 동구 계림동 191-1,35.15830542,126.9234431,,한전주,062-608-2894,광주광역시 동구청,2025-12-23
계림동413,1,,광주광역시 동구 계림동 191-2,35.15850137,126.9230939,,한전주,062-608-2894,광주광역시 동구청,2025-12-23
계림동414,1,,광주광역시 동구 계림동 191-2,35.15853882,126.9230939,,전용주,062-608-2894,광주광역시 동구청,2025-12-23
계림동415,1,,광주광역시 동구 계림동 191,35.15937428,126.9231945,,전용주,062-608-2894,광주광역시 동구청,2025-12-23
계림동416,1,,광주광역시 동구 계림동 215-27,35.15639877,126.9236645,,한전주,062-608-2894,광주광역시 동구청,2025-12-23
계림동417,1,,광주광역시 동구 계림동 215-56,35.15651145,126.924264,,한전주,062-608-2894,광주광역시 동구청,2025-12-23
계림동418,1,,광주광역시 동구 계림동 215-56,35.15651145,126.924264,,한전주,062-608-2894,광주광역시 동구청,2025-12-23
계림동419,1,,광주광역시 동구 계림동 218-8,35.15642929,126.9230426,,한전주,062-608-2894,광주광역시 동구청,2025-12-23
계림동420,1,,광주광역시 동구 계림동 218,35.15624535,126.9228511,,전용주,062-608-2894,광주광역시 동구청,2025-12-23
계림동421,1,,광주광역시 동구 계림동 217-18,35.15621185,126.9229361,,건축물,062-608-2894,광주광역시 동구청,2025-12-23
계림동422,1,,광주광역시 동구 계림동 217-4,35.15593338,126.9230654,,한전주,062-608-2894,광주광역시 동구청,2025-12-23
계림동423,1,,광주광역시 동구 계림동 217-16,35.15612793,126.9230448,,건축물,062-608-2894,광주광역시 동구청,2025-12-23
계림동424,1,,광주광역시 동구 계림동 215-5,35.15623856,126.9234296,,한전주,062-608-2894,광주광역시 동구청,2025-12-23
계림동425,1,,광주광역시 동구 계림동 521-10,35.15858459,126.9256592,,건축물,062-608-2894,광주광역시 동구청,2025-12-23
계림동426,1,,광주광역시 동구 계림동 519-17,35.15961451,126.9259796,,건축물,062-608-2894,광주광역시 동구청,2025-12-23
계림동427,1,,광주광역시 동구 계림동 520-18,35.1593399,126.9258707,,한전주,062-608-2894,광주광역시 동구청,2025-12-23
계림동428,1,,광주광역시 동구 계림동 520-25,35.15920639,126.9258552,,건축물,062-608-2894,광주광역시 동구청,2025-12-23
계림동429,1,,광주광역시 동구 계림동 520-22,35.15923029,126.9260294,,한전주,062-608-2894,광주광역시 동구청,2025-12-23
계림동430,1,,광주광역시 동구 계림동 520-9,35.15903854,126.926171,,한전주,062-608-2894,광주광역시 동구청,2025-12-23
계림동431,1,,광주광역시 동구 계림동 520-14,35.15895081,126.9262757,,한전주,062-608-2894,광주광역시 동구청,2025-12-23
계림동432,1,,광주광역시 동구 계림동 519-51,35.15912247,126.926712,,건축물,062-608-2894,광주광역시 동구청,2025-12-23
계림동433,1,,광주광역시 동구 계림동 519-19,35.15901184,126.9264984,,건축물,062-608-2894,광주광역시 동구청,2025-12-23
계림동434,1,,광주광역시 동구 계림동 520-40,35.1586312,126.9265823,,한전주,062-608-2894,광주광역시 동구청,2025-12-23
계림동435,1,,광주광역시 동구 계림동 519-32,35.15880585,126.9266586,,전용주,062-608-2894,광주광역시 동구청,2025-12-23
계림동436,1,,광주광역시 동구 계림동 520-40,35.15866089,126.926550,,한전주,062-608-2894,광주광역시 동구청,2025-12-23
계림동437,1,,광주광역시 동구 계림동 519-49,35.15875626,126.9267883,,건축물,062-608-2894,광주광역시 동구청,2025-12-23
계림동438,1,,광주광역시 동구 계림동 519-55,35.15856259,126.9269711,,한전주,062-608-2894,광주광역시 동구청,2025-12-23
계림동439,1,,광주광역시 동구 계림동 519-56,35.15861511,126.9270898,,한전주,062-608-2894,광주광역시 동구청,2025-12-23
계림동440,1,,광주광역시 동구 계림동 519-18,35.15974045,126.9260254,,한전주,062-608-2894,광주광역시 동구청,2025-12-23
계림동441,1,,광주광역시 동구 계림동 518-2,35.16017151,126.9268875,,한전주,062-608-2894,광주광역시 동구청,2025-12-23
계림동442,1,,광주광역시 동구 계림동 1747,35.16020584,126.9269562,,한전주,062-608-2894,광주광역시 동구청,2025-12-23
계림동443,1,,광주광역시 동구 계림동 1749,35.1600914,126.9271684,,한전주,062-608-2894,광주광역시 동구청,2025-12-23
계림동444,1,,광주광역시 동구 계림동 1750,35.16020192,126.9271672,,건축물,062-608-2894,광주광역시 동구청,2025-12-23
계림동445,1,,광주광역시 동구 계림동 1754,35.1602108,126.9273906,,전용주,062-608-2894,광주광역시 동구청,2025-12-23
계림동446,1,,광주광역시 동구 계림동 1758,35.16036224,126.9275729,,한전주,062-608-2894,광주광역시 동구청,2025-12-23
계림동447,1,,광주광역시 동구 계림동 1807,35.16015244,126.9278341,,전용주,062-608-2894,광주광역시 동구청,2025-12-23
계림동448,1,,광주광역시 동구 계림동 1763,35.16052246,126.9277683,,한전주,062-608-2894,광주광역시 동구청,2025-12-23
계림동449,1,,광주광역시 동구 계림동 1810,35.16051313,126.9281616,,전용주,062-608-2894,광주광역시 동구청,2025-12-23
계림동450,1,,광주광역시 동구 계림동 1731,35.16070175,126.927963,,한전주,062-608-2894,광주광역시 동구청,2025-12-23
계림동451,1,,광주광역시 동구 계림동 518-7,35.15987778,126.9272156,,한전주,062-608-2894,광주광역시 동구청,2025-12-23
계림동452,1,,광주광역시 동구 계림동 1797,35.15991039,126.9274013,,한전주,062-608-2894,광주광역시 동구청,2025-12-23
계림동453,1,,광주광역시 동구 계림동 518-8,35.15973165,126.9271545,,건축물,062-608-2894,광주광역시 동구청,2025-12-23
계림동454,1,,광주광역시 동구 계림동 518-9,35.15966034,126.9273587,,한전주,062-608-2894,광주광역시 동구청,2025-12-23
계림동455,1,,광주광역시 동구 계림동 518-59,35.15946198,126.927271,,전용주,062-608-2894,광주광역시 동구청,2025-12-23
계림동456,1,,광주광역시 동구 계림동 518-60,35.15938187,126.9272461,,전용주,062-608-2894,광주광역시 동구청,2025-12-23
계림동457,1,,광주광역시 동구 계림동 1800,35.15989304,126.9276027,,전용주,062-608-2894,광주광역시 동구청,2025-12-23
계림동458,1,,광주광역시 동구 계림동 1793,35.15995131,126.9279119,,한전주,062-608-2894,광주광역시 동구청,2025-12-23
계림동459,1,,광주광역시 동구 계림동 1780,35.16043365,126.9281928,,한전주,062-608-2894,광주광역시 동구청,2025-12-23
계림동460,1,,광주광역시 동구 계림동 1775,35.16031015,126.9284809,,한전주,062-608-2894,광주광역시 동구청,2025-12-23
계림동461,1,,광주광역시 동구 계림동 545-15,35.15925598,126.9278793,,전용주,062-608-2894,광주광역시 동구청,2025-12-23
계림동462,1,,광주광역시 동구 계림동 518-13,35.15920697,126.9278659,,한전주,062-608-2894,광주광역시 동구청,2025-12-23
계림동463,1,,광주광역시 동구 계림동 518-15,35.15904617,126.9276279,,한전주,062-608-2894,광주광역시 동구청,2025-12-23
계림동464,1,,광주광역시 동구 계림동 518-64,35.15990829,126.9266281,,전용주,062-608-2894,광주광역시 동구청,2025-12-23
계림동465,1,,광주광역시 동구 계림동 1743,35.16032028,126.9272537,,한전주,062-608-2894,광주광역시 동구청,2025-12-23
계림동466,1,,광주광역시 동구 계림동 1736,35.16056735,126.9274597,,전용주,062-608-2894,광주광역시 동구청,2025-12-23
계림동467,1,,광주광역시 동구 계림동 1720,35.16098554,126.9283278,,한전주,062-608-2894,광주광역시 동구청,2025-12-23
계림동468,1,,광주광역시 동구 계림동 1719,35.16106879,126.9284286,,한전주,062-608-2894,광주광역시 동구청,2025-12-23
계림동469,1,,광주광역시 동구 계림동 1714,35.16075134,126.9285355,,한전주,062-608-2894,광주광역시 동구청,2025-12-23
계림동470,1,,광주광역시 동구 계림동 1711,35.1608429,126.9287574,,건축물,062-608-2894,광주광역시 동구청,2025-12-23
계림동471,1,,광주광역시 동구 계림동 1706,35.16064529,126.928831,,한전주,062-608-2894,광주광역시 동구청,2025-12-23
계림동472,1,,광주광역시 동구 계림동 1707,35.16089355,126.9288547,,한전주,062-608-2894,광주광역시 동구청,2025-12-23
계림동473,1,,광주광역시 동구 계림동 1704,35.16051357,126.9289193,,한전주,062-608-2894,광주광역시 동구청,2025-12-23
계림동474,1,,광주광역시 동구 계림동 1699,35.16064453,126.929039,,건축물,062-608-2894,광주광역시 동구청,2025-12-23
계림동475,1,,광주광역시 동구 계림동 1695,35.16078949,126.9293567,,한전주,062-608-2894,광주광역시 동구청,2025-12-23
계림동476,1,,광주광역시 동구 계림동 1689,35.16098785,126.9291303,,한전주,062-608-2894,광주광역시 동구청,2025-12-23
계림동477,1,,광주광역시 동구 계림동 1680,35.1611824,126.928913,,한전주,062-608-2894,광주광역시 동구청,2025-12-23
계림동478,1,,광주광역시 동구 계림동 1682,35.16112969,126.9288559,,한전주,062-608-2894,광주광역시 동구청,2025-12-23
계림동479,1,,광주광역시 동구 계림동 1678,35.16127777,126.928894,,한전주,062-608-2894,광주광역시 동구청,2025-12-23
계림동480,1,,광주광역시 동구 계림동 1669,35.16143799,126.9285854,,한전주,062-608-2894,광주광역시 동구청,2025-12-23
계림동481,1,,광주광역시 동구 계림동 1674,35.16123581,126.9285049,,건축물,062-608-2894,광주광역시 동구청,2025-12-23
계림동482,1,,광주광역시 동구 계림동 1340,35.16175079,126.928009,,한전주,062-608-2894,광주광역시 동구청,2025-12-23
계림동483,1,,광주광역시 동구 계림동 1604,35.16202257,126.9284602,,한전주,062-608-2894,광주광역시 동구청,2025-12-23
계림동484,1,,광주광역시 동구 계림동 1604,35.16208267,126.9284602,,전용주,062-608-2894,광주광역시 동구청,2025-12-23
계림동485,1,,광주광역시 동구 계림동 1624,35.16161156,126.9292679,,전용주,062-608-2894,광주광역시 동구청,2025-12-23
계림동486,1,,광주광역시 동구 계림동 1631,35.16147995,126.9294052,,전용주,062-608-2894,광주광역시 동구청,2025-12-23
계림동487,1,,광주광역시 동구 계림동 1634,35.1613098,126.9296315,,전용주,062-608-2894,광주광역시 동구청,2025-12-23
계림동488,1,,광주광역시 동구 계림동 241-1,35.1582756,126.9208722,,건축물,062-608-2894,광주광역시 동구청,2025-12-23
계림동489,1,,광주광역시 동구 계림동 250-104,35.15668869,126.9209488,,전용주,062-608-2894,광주광역시 동구청,2025-12-23
계림동490,1,,광주광역시 동구 계림동 233,35.15585327,126.9211967,,전용주,062-608-2894,광주광역시 동구청,2025-12-23
계림동491,1,,광주광역시 동구 계림동 233,35.15583552,126.9211967,,한전주,062-608-2894,광주광역시 동구청,2025-12-23
계림동492,1,,광주광역시 동구 계림동 252-17,35.15596892,126.9209442,,전용주,062-608-2894,광주광역시 동구청,2025-12-23
계림동493,1,,광주광역시 동구 계림동 236-7,35.15574646,126.9211731,,전용주,062-608-2894,광주광역시 동구청,2025-12-23
계림동494,1,,광주광역시 동구 계림동 234-13,35.15533447,126.9212189,,한전주,062-608-2894,광주광역시 동구청,2025-12-23
계림동495,1,,광주광역시 동구 계림동 253-12,35.15530014,126.9208413,,전용주,062-608-2894,광주광역시 동구청,2025-12-23
계림동496,1,,광주광역시 동구 계림동 253-12,35.15531014,126.9208145,,전용주,062-608-2894,광주광역시 동구청,2025-12-23
계림동497,1,,광주광역시 동구 계림동 253-17,35.15506744,126.9209595,,전용주,062-608-2894,광주광역시 동구청,2025-12-23
계림동498,1,,광주광역시 동구 계림동 253-26,35.15497971,126.9210052,,한전주,062-608-2894,광주광역시 동구청,2025-12-23
계림동499,1,,광주광역시 동구 계림동 253-4,35.15505754,126.9211578,,전용주,062-608-2894,광주광역시 동구청,2025-12-23
계림동500,1,,광주광역시 동구 계림동 233-19,35.15519333,126.9213486,,전용주,062-608-2894,광주광역시 동구청,2025-12-23
계림동501,1,,광주광역시 동구 계림동 299-8,35.15530339,126.9194107,,건축물,062-608-2894,광주광역시 동구청,2025-12-23
계림동502,1,,광주광역시 동구 계림동 299-16,35.15514374,126.919292,,전용주,062-608-2894,광주광역시 동구청,2025-12-23
계림동503,1,,광주광역시 동구 계림동 300-1,35.15509415,126.9192657,,건축물,062-608-2894,광주광역시 동구청,2025-12-23
계림동504,1,,광주광역시 동구 계림동 320-1,35.15499878,126.9191557,,한전주,062-608-2894,광주광역시 동구청,2025-12-23
계림동001,1,,광주광역시 동구 계림동 555-3,35.16323433,126.9176734,,한전주,062-608-2894,광주광역시 동구청,2025-12-23
계림동002,1,,광주광역시 동구 계림동 555-6,35.16314545,126.9180664,,한전주,062-608-2894,광주광역시 동구청,2025-12-23
계림동003,1,,광주광역시 동구 계림동 555-12,35.16307406,126.9184884,,한전주,062-608-2894,광주광역시 동구청,2025-12-23
계림동004,1,,광주광역시 동구 계림동 554-5,35.16298921,126.9188729,,한전주,062-608-2894,광주광역시 동구청,2025-12-23
계림동005,1,,광주광역시 동구 계림동 554-8,35.16276703,126.9192953,,한전주,062-608-2894,광주광역시 동구청,2025-12-23
계림동006,1,,광주광역시 동구 계림동 554-8,35.16271231,126.9192352,,한전주,062-608-2894,광주광역시 동구청,2025-12-23
계림동007,1,,광주광역시 동구 계림동 557-9,35.16243292,126.9194056,,한전주,062-608-2894,광주광역시 동구청,2025-12-23
계림동008,1,,광주광역시 동구 계림동 557-4,35.16249093,126.9189719,,한전주,062-608-2894,광주광역시 동구청,2025-12-23
계림동009,1,,광주광역시 동구 계림동 557-2,35.16254285,126.9186779,,한전주,062-608-2894,광주광역시 동구청,2025-12-23
계림동010,1,,광주광역시 동구 계림동 557-1,35.16267342,126.9185074,,한전주,062-608-2894,광주광역시 동구청,2025-12-23
계림동011,1,,광주광역시 동구 계림동 556-7,35.16266317,126.9182558,,한전주,062-608-2894,광주광역시 동구청,2025-12-23
계림동012,1,,광주광역시 동구 계림동 556-6,35.16271099,126.9180277,,한전주,062-608-2894,광주광역시 동구청,2025-12-23
계림동013,1,,광주광역시 동구 계림동 555-23,35.16298318,126.9177052,,한전주,062-608-2894,광주광역시 동구청,2025-12-23
계림동014,1,,광주광역시 동구 계림동 556-1,35.16289906,126.9173498,,한전주,062-608-2894,광주광역시 동구청,2025-12-23
계림동015,1,,광주광역시 동구 계림동 555-25,35.16307507,126.9174311,,한전주,062-608-2894,광주광역시 동구청,2025-12-23
계림동016,1,,광주광역시 동구 계림동 560-1,35.16257675,126.9170908,,한전주,062-608-2894,광주광역시 동구청,2025-12-23
계림동017,1,,광주광역시 동구 계림동 560-2,35.16258922,126.9172733,,한전주,062-608-2894,광주광역시 동구청,2025-12-23
계림동018,1,,광주광역시 동구 계림동 560-3,35.16245636,126.9174956,,한전주,062-608-2894,광주광역시 동구청,2025-12-23
계림동019,1,,광주광역시 동구 계림동 560-5,35.16239293,126.9177096,,한전주,062-608-2894,광주광역시 동구청,2025-12-23
계림동020,1,,광주광역시 동구 계림동 560-8,35.16233747,126.9181956,,한전주,062-608-2894,광주광역시 동구청,2025-12-23
계림동021,1,,광주광역시 동구 계림동 557-20,35.16237813,126.9184705,,한전주,062-608-2894,광주광역시 동구청,2025-12-23
계림동022,1,,광주광역시 동구 계림동 559-1,35.1621489,126.9184582,,한전주,062-608-2894,광주광역시 동구청,2025-12-23
계림동023,1,,광주광역시 동구 계림동 559-2,35.16209696,126.9190958,,한전주,062-608-2894,광주광역시 동구청,2025-12-23
계림동024,1,,광주광역시 동구 계림동 559-6,35.16194757,126.9194444,,한전주,062-608-2894,광주광역시 동구청,2025-12-23
계림동025,1,,광주광역시 동구 계림동 557-11,35.16218007,126.9194634,,한전주,062-608-2894,광주광역시 동구청,2025-12-23
계림동026,1,,광주광역시 동구 계림동 558-2,35.1618539,126.9196611,,한전주,062-608-2894,광주광역시 동구청,2025-12-23
계림동027,1,,광주광역시 동구 계림동 820,35.16271484,126.9166987,,한전주,062-608-2894,광주광역시 동구청,2025-12-23
계림동028,1,,광주광역시 동구 계림동 821,35.16269537,126.916832,,전용주,062-608-2894,광주광역시 동구청,2025-12-23
계림동029,1,,광주광역시 동구 계림동 818,35.16279398,126.9164338,,전용주,062-608-2894,광주광역시 동구청,2025-12-23
계림동030,1,,광주광역시 동구 계림동 801,35.16312149,126.9163817,,한전주,062-608-2894,광주광역시 동구청,2025-12-23
계림동031,1,,광주광역시 동구 계림동 831,35.16292336,126.9159317,,전용주,062-608-2894,광주광역시 동구청,2025-12-23
계림동032,1,,광주광역시 동구 계림동 804,35.16316605,126.9159088,,한전주,062-608-2894,광주광역시 동구청,2025-12-23
계림동033,1,,광주광역시 동구 계림동 810,35.16295665,126.9162609,,전용주,062-608-2894,광주광역시 동구청,2025-12-23
계림동034,1,,광주광역시 동구 계림동 731,35.16367531,126.9156777,,한전주,062-608-2894,광주광역시 동구청,2025-12-23
계림동035,1,,광주광역시 동구 계림동 731,35.16367531,126.9156799,,한전주,062-608-2894,광주광역시 동구청,2025-12-23
계림동036,1,,광주광역시 동구 계림동 778,35.16344833,126.9160233,,한전주,062-608-2894,광주광역시 동구청,2025-12-23
계림동037,1,,광주광역시 동구 계림동 774,35.16338291,126.9164574,,한전주,062-608-2894,광주광역시 동구청,2025-12-23
계림동038,1,,광주광역시 동구 계림동 786,35.1632843,126.9166565,,한전주,062-608-2894,광주광역시 동구청,2025-12-23
계림동039,1,,광주광역시 동구 계림동 789,35.16319275,126.9170142,,한전주,062-608-2894,광주광역시 동구청,2025-12-23
계림동040,1,,광주광역시 동구 계림동 551-2,35.16346002,126.9176331,,한전주,062-608-2894,광주광역시 동구청,2025-12-23
계림동041,1,,광주광역시 동구 계림동 544-2,35.16347204,126.9174423,,한전주,062-608-2894,광주광역시 동구청,2025-12-23
계림동042,1,,광주광역시 동구 계림동 747,35.16358462,126.917038,,한전주,062-608-2894,광주광역시 동구청,2025-12-23
계림동043,1,,광주광역시 동구 계림동 742,35.16366959,126.9167368,,한전주,062-608-2894,광주광역시 동구청,2025-12-23
계림동044,1,,광주광역시 동구 계림동 739,35.16373825,126.9166412,,한전주,062-608-2894,광주광역시 동구청,2025-12-23
계림동045,1,,광주광역시 동구 계림동 735,35.16386032,126.9160953,,한전주,062-608-2894,광주광역시 동구청,2025-12-23
계림동046,1,,광주광역시 동구 계림동 594-1,35.16442396,126.9159927,,한전주,062-608-2894,광주광역시 동구청,2025-12-23
계림동047,1,,광주광역시 동구 계림동 721,35.16424942,126.9162445,,전용주,062-608-2894,광주광역시 동구청,2025-12-23
계림동048,1,,광주광역시 동구 계림동 730,35.16393122,126.9168657,,전용주,062-608-2894,광주광역시 동구청,2025-12-23
계림동049,1,,광주광역시 동구 계림동 730,35.16393122,126.9168657,,전용주,062-608-2894,광주광역시 동구청,2025-12-23
계림동050,1,,광주광역시 동구 계림동 730,35.16393122,126.9168657,,전용주,062-608-2894,광주광역시 동구청,2025-12-23
계림동051,1,,광주광역시 동구 계림동 730,35.16393122,126.9168657,,한전주,062-608-2894,광주광역시 동구청,2025-12-23
계림동052,1,,광주광역시 동구 계림동 730,35.16393122,126.9168657,,한전주,062-608-2894,광주광역시 동구청,2025-12-23
계림동053,1,,광주광역시 동구 계림동 730,35.1639328,126.9168657,,한전주,062-608-2894,광주광역시 동구청,2025-12-23
계림동054,1,,광주광역시 동구 계림동 505-1014,35.16332409,126.9174553,,한전주,062-608-2894,광주광역시 동구청,2025-12-23
계림동055,1,,광주광역시 동구 계림동 545-3,35.16397095,126.9177933,,한전주,062-608-2894,광주광역시 동구청,2025-12-23
계림동056,1,,광주광역시 동구 계림동 549-2,35.16376087,126.9181366,,한전주,062-608-2894,광주광역시 동구청,2025-12-23
계림동057,1,,광주광역시 동구 계림동 546-32,35.16404343,126.9182587,,한전주,062-608-2894,광주광역시 동구청,2025-12-23
계림동058,1,,광주광역시 동구 계림동 549-16,35.16358988,126.918190,,건축물,062-608-2894,광주광역시 동구청,2025-12-23
계림동059,1,,광주광역시 동구 계림동 549-4,35.16373062,126.9183235,,한전주,062-608-2894,광주광역시 동구청,2025-12-23
계림동060,1,,광주광역시 동구 계림동 549-5,35.16365051,126.9182896,,한전주,062-608-2894,광주광역시 동구청,2025-12-23
계림동061,1,,광주광역시 동구 계림동 546-19,35.16397095,126.9186142,,한전주,062-608-2894,광주광역시 동구청,2025-12-23
계림동062,1,,광주광역시 동구 계림동 546-21,35.16409066,126.9186172,,한전주,062-608-2894,광주광역시 동구청,2025-12-23
계림동063,1,,광주광역시 동구 계림동 546-42,35.16399382,126.9185255,,한전주,062-608-2894,광주광역시 동구청,2025-12-23
계림동064,1,,광주광역시 동구 계림동 547-20,35.16370145,126.918940,,건축물,062-608-2894,광주광역시 동구청,2025-12-23
계림동065,1,,광주광역시 동구 계림동 547-18,35.16384888,126.9190005,,한전주,062-608-2894,광주광역시 동구청,2025-12-23
계림동066,1,,광주광역시 동구 계림동 547-3,35.16396732,126.9190169,,한전주,062-608-2894,광주광역시 동구청,2025-12-23
계림동067,1,,광주광역시 동구 계림동 548-1,35.16351318,126.9188368,,한전주,062-608-2894,광주광역시 동구청,2025-12-23
계림동068,1,,광주광역시 동구 계림동 548-23,35.16340926,126.9188442,,한전주,062-608-2894,광주광역시 동구청,2025-12-23
계림동069,1,,광주광역시 동구 계림동 548-1,35.16356339,126.9188995,,한전주,062-608-2894,광주광역시 동구청,2025-12-23
계림동070,1,,광주광역시 동구 계림동 548-10,35.16341773,126.919342,,한전주,062-608-2894,광주광역시 동구청,2025-12-23
계림동071,1,,광주광역시 동구 계림동 548-12,35.16320023,126.9196534,,건축물,062-608-2894,광주광역시 동구청,2025-12-23
계림동072,1,,광주광역시 동구 계림동 548-19,35.16335914,126.9191437,,건축물,062-608-2894,광주광역시 동구청,2025-12-23
계림동073,1,,광주광역시 동구 계림동 545-2,35.16405608,126.9177704,,한전주,062-608-2894,광주광역시 동구청,2025-12-23
계림동074,1,,광주광역시 동구 계림동 653,35.16435145,126.9175186,,건축물,062-608-2894,광주광역시 동구청,2025-12-23
계림동075,1,,광주광역시 동구 계림동 697,35.16429901,126.9171167,,한전주,062-608-2894,광주광역시 동구청,2025-12-23
계림동076,1,,광주광역시 동구 계림동 662,35.1646347,126.9171559,,한전주,062-608-2894,광주광역시 동구청,2025-12-23
계림동077,1,,광주광역시 동구 계림동 656,35.1645718,126.917366,,건축물,062-608-2894,광주광역시 동구청,2025-12-23
계림동078,1,,광주광역시 동구 계림동 635,35.16466141,126.917716,,건축물,062-608-2894,광주광역시 동구청,2025-12-23
계림동079,1,,광주광역시 동구 계림동 634,35.16479111,126.9177856,,한전주,062-608-2894,광주광역시 동구청,2025-12-23
계림동080,1,,광주광역시 동구 계림동 631,35.16460004,126.9174473,,한전주,062-608-2894,광주광역시 동구청,2025-12-23
계림동081,1,,광주광역시 동구 계림동 651,35.16446686,126.9176178,,한전주,062-608-2894,광주광역시 동구청,2025-12-23
계림동082,1,,광주광역시 동구 계림동 649,35.16429125,126.9178391,,한전주,062-608-2894,광주광역시 동구청,2025-12-23
계림동083,1,,광주광역시 동구 계림동 646,35.16452026,126.9179306,,한전주,062-608-2894,광주광역시 동구청,2025-12-23
계림동084,1,,광주광역시 동구 계림동 674,35.16461752,126.9169138,,한전주,062-608-2894,광주광역시 동구청,2025-12-23
계림동085,1,,광주광역시 동구 계림동 673,35.16465759,126.9169388,,건축물,062-608-2894,광주광역시 동구청,2025-12-23
계림동086,1,,광주광역시 동구 계림동 692,35.16436446,126.9166336,,한전주,062-608-2894,광주광역시 동구청,2025-12-23
계림동087,1,,광주광역시 동구 계림동 693,35.1642952,126.916584,,한전주,062-608-2894,광주광역시 동구청,2025-12-23
계림동088,1,,광주광역시 동구 계림동 715,35.16414261,126.9165567,,한전주,062-608-2894,광주광역시 동구청,2025-12-23
계림동089,1,,광주광역시 동구 계림동 682,35.16466445,126.9167252,,전용주,062-608-2894,광주광역시 동구청,2025-12-23
계림동090,1,,광주광역시 동구 계림동 689,35.16446425,126.9163876,,한전주,062-608-2894,광주광역시 동구청,2025-12-23
계림동091,1,,광주광역시 동구 계림동 607,35.16512114,126.9166112,,한전주,062-608-2894,광주광역시 동구청,2025-12-23
계림동092,1,,광주광역시 동구 계림동 608,35.16511688,126.9168549,,건축물,062-608-2894,광주광역시 동구청,2025-12-23
계림동093,1,,광주광역시 동구 계림동 620,35.16498044,126.9171448,,한전주,062-608-2894,광주광역시 동구청,2025-12-23
계림동094,1,,광주광역시 동구 계림동 622,35.16502765,126.9173279,,한전주,062-608-2894,광주광역시 동구청,2025-12-23
계림동095,1,,광주광역시 동구 계림동 630,35.16484925,126.9181824,,한전주,062-608-2894,광주광역시 동구청,2025-12-23
계림동096,1,,광주광역시 동구 계림동 647,35.16448591,126.9180832,,한전주,062-608-2894,광주광역시 동구청,2025-12-23
계림동097,1,,광주광역시 동구 계림동 649,35.1642952,126.917827,,한전주,062-608-2894,광주광역시 동구청,2025-12-23
계림동098,1,,광주광역시 동구 계림동 1025,35.16444778,126.9186213,,한전주,062-608-2894,광주광역시 동구청,2025-12-23
계림동099,1,,광주광역시 동구 계림동 546-8,35.16434479,126.918541,,건축물,062-608-2894,광주광역시 동구청,2025-12-23
계림동100,1,,광주광역시 동구 계림동 1031,35.16446844,126.9183825,,한전주,062-608-2894,광주광역시 동구청,2025-12-23
계림동101,1,,광주광역시 동구 계림동 1021,35.16458511,126.9190132,,한전주,062-608-2894,광주광역시 동구청,2025-12-23
계림동102,1,,광주광역시 동구 계림동 1018,35.16432861,126.9190678,,한전주,062-608-2894,광주광역시 동구청,2025-12-23
계림동103,1,,광주광역시 동구 계림동 1017,35.16428375,126.919342,,건축물,062-608-2894,광주광역시 동구청,2025-12-23
계림동104,1,,광주광역시 동구 계림동 834,35.16221922,126.9159393,,전용주,062-608-2894,광주광역시 동구청,2025-12-23
계림동105,1,,광주광역시 동구 계림동 842,35.16178822,126.915366,,전용주,062-608-2894,광주광역시 동구청,2025-12-23
계림동106,1,,광주광역시 동구 계림동 842,35.16172409,126.9153671,,한전주,062-608-2894,광주광역시 동구청,2025-12-23
계림동107,1,,광주광역시 동구 계림동 872,35.16159989,126.9153176,,한전주,062-608-2894,광주광역시 동구청,2025-12-23
계림동108,1,,광주광역시 동구 계림동 851,35.16160202,126.9159211,,한전주,062-608-2894,광주광역시 동구청,2025-12-23
계림동109,1,,광주광역시 동구 계림동 895,35.16146469,126.9159927,,한전주,062-608-2894,광주광역시 동구청,2025-12-23
계림동110,1,,광주광역시 동구 계림동 857,35.1620713,126.9163513,,한전주,062-608-2894,광주광역시 동구청,2025-12-23
계림동111,1,,광주광역시 동구 계림동 856,35.16171265,126.9161911,,한전주,062-608-2894,광주광역시 동구청,2025-12-23
계림동112,1,,광주광역시 동구 계림동 554-16,35.16285335,126.9186552,,건축물,062-608-2894,광주광역시 동구청,2025-12-23
계림동113,1,,광주광역시 동구 계림동 895,35.16142654,126.9159367,,한전주,062-608-2894,광주광역시 동구청,2025-12-23
계림동114,1,,광주광역시 동구 계림동 892,35.1612035,126.9157475,,한전주,062-608-2894,광주광역시 동구청,2025-12-23
계림동115,1,,광주광역시 동구 계림동 885,35.16081258,126.9154802,,한전주,062-608-2894,광주광역시 동구청,2025-12-23
계림동116,1,,광주광역시 동구 계림동 923,35.16056556,126.9154434,,한전주,062-608-2894,광주광역시 동구청,2025-12-23
계림동117,1,,광주광역시 동구 계림동 866,35.16108704,126.9150452,,한전주,062-608-2894,광주광역시 동구청,2025-12-23
계림동118,1,,광주광역시 동구 계림동 869,35.16134107,126.9152914,,한전주,062-608-2894,광주광역시 동구청,2025-12-23
계림동119,1,,광주광역시 동구 계림동 872,35.16156387,126.9153976,,한전주,062-608-2894,광주광역시 동구청,2025-12-23
계림동120,1,,광주광역시 동구 계림동 898,35.16068261,126.9147186,,한전주,062-608-2894,광주광역시 동구청,2025-12-23
계림동121,1,,광주광역시 동구 계림동 898,35.16068261,126.9147165,,한전주,062-608-2894,광주광역시 동구청,2025-12-23
계림동122,1,,광주광역시 동구 계림동 924,35.15989043,126.9143692,,전용주,062-608-2894,광주광역시 동구청,2025-12-23
계림동123,1,,광주광역시 동구 계림동 905,35.16001511,126.9147873,,한전주,062-608-2894,광주광역시 동구청,2025-12-23
계림동124,1,,광주광역시 동구 계림동 907,35.1602134,126.9147685,,한전주,062-608-2894,광주광역시 동구청,2025-12-23
계림동125,1,,광주광역시 동구 계림동 909,35.16038895,126.9148315,,한전주,062-608-2894,광주광역시 동구청,2025-12-23
계림동126,1,,광주광역시 동구 계림동 898,35.16068261,126.9147165,,한전주,062-608-2894,광주광역시 동구청,2025-12-23
계림동127,1,,광주광역시 동구 계림동 537-1,35.16003036,126.9152807,,한전주,062-608-2894,광주광역시 동구청,2025-12-23
계림동128,1,,광주광역시 동구 계림동 919,35.16025602,126.9151854,,한전주,062-608-2894,광주광역시 동구청,2025-12-23
계림동129,1,,광주광역시 동구 계림동 923,35.16052246,126.9154282,,한전주,062-608-2894,광주광역시 동구청,2025-12-23
계림동130,1,,광주광역시 동구 계림동 534-6,35.16044235,126.9157421,,한전주,062-608-2894,광주광역시 동구청,2025-12-23
계림동131,1,,광주광역시 동구 계림동 534-7,35.16037369,126.9159305,,한전주,062-608-2894,광주광역시 동구청,2025-12-23
계림동132,1,,광주광역시 동구 계림동 534-11,35.16021729,126.9162774,,한전주,062-608-2894,광주광역시 동구청,2025-12-23
계림동133,1,,광주광역시 동구 계림동 533-18,35.16050271,126.916415,,한전주,062-608-2894,광주광역시 동구청,2025-12-23
계림동134,1,,광주광역시 동구 계림동 505-900,35.16143883,126.9166718,,한전주,062-608-2894,광주광역시 동구청,2025-12-23
계림동135,1,,광주광역시 동구 계림동 533-14,35.16069214,126.9164975,,전용주,062-608-2894,광주광역시 동구청,2025-12-23
계림동136,1,,광주광역시 동구 계림동 505-900,35.16143883,126.9166397,,한전주,062-608-2894,광주광역시 동구청,2025-12-23
계림동137,1,,광주광역시 동구 계림동 505-900,35.16143883,126.9166397,,한전주,062-608-2894,광주광역시 동구청,2025-12-23
계림동139,1,,광주광역시 동구 계림동 528-14,35.16133118,126.9172054,,전용주,062-608-2894,광주광역시 동구청,2025-12-23
계림동140,1,,광주광역시 동구 계림동 528-1,35.16146645,126.9173526,,전용주,062-608-2894,광주광역시 동구청,2025-12-23
계림동141,1,,광주광역시 동구 계림동 561-12,35.16162872,126.9173508,,전용주,062-608-2894,광주광역시 동구청,2025-12-23
계림동142,1,,광주광역시 동구 계림동 561-9,35.1616319,126.9175482,,전용주,062-608-2894,광주광역시 동구청,2025-12-23
계림동143,1,,광주광역시 동구 계림동 561-11,35.16178513,126.9175187,,전용주,062-608-2894,광주광역시 동구청,2025-12-23
계림동144,1,,광주광역시 동구 계림동 562-18,35.16146469,126.9180231,,한전주,062-608-2894,광주광역시 동구청,2025-12-23
계림동145,1,,광주광역시 동구 계림동 562-17,35.16144916,126.9181976,,전용주,062-608-2894,광주광역시 동구청,2025-12-23
계림동146,1,,광주광역시 동구 계림동 568-5,35.16115549,126.9184799,,전용주,062-608-2894,광주광역시 동구청,2025-12-23
계림동147,1,,광주광역시 동구 계림동 570-8,35.16077805,126.9185262,,한전주,062-608-2894,광주광역시 동구청,2025-12-23
계림동148,1,,광주광역시 동구 계림동 568-20,35.16109385,126.918190,,한전주,062-608-2894,광주광역시 동구청,2025-12-23
계림동149,1,,광주광역시 동구 계림동 568-21,35.16117221,126.9179539,,한전주,062-608-2894,광주광역시 동구청,2025-12-23
계림동150,1,,광주광역시 동구 계림동 528-5,35.16110611,126.9175381,,한전주,062-608-2894,광주광역시 동구청,2025-12-23
계림동151,1,,광주광역시 동구 계림동 569-2,35.1613121,126.917699,,전용주,062-608-2894,광주광역시 동구청,2025-12-23
계림동152,1,,광주광역시 동구 계림동 528-1,35.16142273,126.9173526,,한전주,062-608-2894,광주광역시 동구청,2025-12-23
계림동153,1,,광주광역시 동구 계림동 528-8,35.16094345,126.9174324,,전용주,062-608-2894,광주광역시 동구청,2025-12-23
계림동154,1,,광주광역시 동구 계림동 539-1,35.15945431,126.915732,,한전주,062-608-2894,광주광역시 동구청,2025-12-23
계림동155,1,,광주광역시 동구 계림동 570-21,35.16078677,126.9179326,,전용주,062-608-2894,광주광역시 동구청,2025-12-23
계림동156,1,,광주광역시 동구 계림동 529-6,35.16075134,126.9172985,,전용주,062-608-2894,광주광역시 동구청,2025-12-23
계림동157,1,,광주광역시 동구 계림동 529-11,35.16070456,126.916857,,전용주,062-608-2894,광주광역시 동구청,2025-12-23
계림동158,1,,광주광역시 동구 계림동 532-4,35.16045761,126.9170751,,한전주,062-608-2894,광주광역시 동구청,2025-12-23
계림동159,1,,광주광역시 동구 계림동 531-10,35.16016769,126.917149,,한전주,062-608-2894,광주광역시 동구청,2025-12-23
계림동160,1,,광주광역시 동구 계림동 534-14,35.16008377,126.9165724,,한전주,062-608-2894,광주광역시 동구청,2025-12-23
계림동161,1,,광주광역시 동구 계림동 534-16,35.15999573,126.916728,,한전주,062-608-2894,광주광역시 동구청,2025-12-23
계림동162,1,,광주광역시 동구 계림동 535-2,35.15987396,126.9171906,,한전주,062-608-2894,광주광역시 동구청,2025-12-23
계림동163,1,,광주광역시 동구 계림동 531-6,35.16013057,126.9175415,,건축물,062-608-2894,광주광역시 동구청,2025-12-23
계림동164,1,,광주광역시 동구 계림동 531-5,35.16025925,126.9175688,,한전주,062-608-2894,광주광역시 동구청,2025-12-23
계림동165,1,,광주광역시 동구 계림동 531-1,35.16035461,126.9172747,,한전주,062-608-2894,광주광역시 동구청,2025-12-23
계림동166,1,,광주광역시 동구 계림동 530-4,35.16044998,126.9176311,,한전주,062-608-2894,광주광역시 동구청,2025-12-23
계림동167,1,,광주광역시 동구 계림동 530-2,35.16066742,126.917676,,한전주,062-608-2894,광주광역시 동구청,2025-12-23
계림동168,1,,광주광역시 동구 계림동 570-20,35.16067505,126.9179083,,한전주,062-608-2894,광주광역시 동구청,2025-12-23
계림동169,1,,광주광역시 동구 계림동 570-20,35.16062164,126.917984,,한전주,062-608-2894,광주광역시 동구청,2025-12-23
계림동170,1,,광주광역시 동구 계림동 575-4,35.16032436,126.9181794,,한전주,062-608-2894,광주광역시 동구청,2025-12-23
계림동171,1,,광주광역시 동구 계림동 571-1,35.16051201,126.9189682,,한전주,062-608-2894,광주광역시 동구청,2025-12-23
계림동172,1,,광주광역시 동구 계림동 563-1,35.16122484,126.9194205,,한전주,062-608-2894,광주광역시 동구청,2025-12-23
계림동173,1,,광주광역시 동구 계림동 567-3,35.16081155,126.9192583,,한전주,062-608-2894,광주광역시 동구청,2025-12-23
계림동174,1,,광주광역시 동구 계림동 566-2,35.16086492,126.9195528,,한전주,062-608-2894,광주광역시 동구청,2025-12-23
계림동175,1,,광주광역시 동구 계림동 566-3,35.16076295,126.919548,,한전주,062-608-2894,광주광역시 동구청,2025-12-23
계림동176,1,,광주광역시 동구 계림동 563-2,35.16120642,126.9196408,,한전주,062-608-2894,광주광역시 동구청,2025-12-23
계림동177,1,,광주광역시 동구 계림동 565-3,35.16067505,126.9197998,,건축물,062-608-2894,광주광역시 동구청,2025-12-23
계림동178,1,,광주광역시 동구 계림동 565-6,35.16038513,126.9197657,,건축물,062-608-2894,광주광역시 동구청,2025-12-23
계림동179,1,,광주광역시 동구 계림동 572-2,35.16026795,126.9200896,,한전주,062-608-2894,광주광역시 동구청,2025-12-23
계림동180,1,,광주광역시 동구 계림동 573-1,35.16020193,126.9197606,,한전주,062-608-2894,광주광역시 동구청,2025-12-23
계림동181,1,,광주광역시 동구 계림동 572-23,35.1600013,126.9200496,,한전주,062-608-2894,광주광역시 동구청,2025-12-23
계림동182,1,,광주광역시 동구 계림동 168-18,35.15965823,126.9198685,,한전주,062-608-2894,광주광역시 동구청,2025-12-23
계림동183,1,,광주광역시 동구 계림동 573-9,35.15947259,126.9198837,,한전주,062-608-2894,광주광역시 동구청,2025-12-23
계림동184,1,,광주광역시 동구 계림동 95-2,35.15861584,126.9204178,,한전주,062-608-2894,광주광역시 동구청,2025-12-23
계림동185,1,,광주광역시 동구 계림동 578-5,35.15928268,126.9194736,,건축물,062-608-2894,광주광역시 동구청,2025-12-23
계림동186,1,,광주광역시 동구 계림동 573-14,35.15965285,126.9193497,,한전주,062-608-2894,광주광역시 동구청,2025-12-23
계림동187,1,,광주광역시 동구 계림동 573-14,35.15969849,126.9193802,,건축물,062-608-2894,광주광역시 동구청,2025-12-23
계림동188,1,,광주광역시 동구 계림동 574-7,35.15989563,126.9193162,,한전주,062-608-2894,광주광역시 동구청,2025-12-23
계림동189,1,,광주광역시 동구 계림동 573-1,35.16020193,126.9197606,,건축물,062-608-2894,광주광역시 동구청,2025-12-23
계림동190,1,,광주광역시 동구 계림동 571-9,35.16033554,126.9195363,,한전주,062-608-2894,광주광역시 동구청,2025-12-23
계림동191,1,,광주광역시 동구 계림동 571-4,35.16041869,126.9191871,,한전주,062-608-2894,광주광역시 동구청,2025-12-23
계림동192,1,,광주광역시 동구 계림동 571-15,35.16034709,126.9188773,,한전주,062-608-2894,광주광역시 동구청,2025-12-23
계림동193,1,,광주광역시 동구 계림동 574-4,35.16009521,126.9190297,,한전주,062-608-2894,광주광역시 동구청,2025-12-23
계림동194,1,,광주광역시 동구 계림동 574-7,35.15989563,126.9193162,,한전주,062-608-2894,광주광역시 동구청,2025-12-23
계림동195,1,,광주광역시 동구 계림동 578-8,35.15911015,126.9196802,,건축물,062-608-2894,광주광역시 동구청,2025-12-23
계림동196,1,,광주광역시 동구 계림동 177-6,35.15936661,126.9191589,,한전주,062-608-2894,광주광역시 동구청,2025-12-23
계림동197,1,,광주광역시 동구 계림동 577-3,35.15968323,126.9189142,,한전주,062-608-2894,광주광역시 동구청,2025-12-23
계림동198,1,,광주광역시 동구 계림동 577-1,35.15986252,126.9185333,,한전주,062-608-2894,광주광역시 동구청,2025-12-23
계림동199,1,,광주광역시 동구 계림동 577-11,35.15970612,126.9185397,,건축물,062-608-2894,광주광역시 동구청,2025-12-23
계림동200,1,,광주광역시 동구 계림동 574-1,35.16017047,126.9188014,,한전주,062-608-2894,광주광역시 동구청,2025-12-23
계림동201,1,,광주광역시 동구 계림동 576-4,35.16005325,126.918002,,한전주,062-608-2894,광주광역시 동구청,2025-12-23
계림동202,1,,광주광역시 동구 계림동 576-15,35.15997129,126.9178986,,전용주,062-608-2894,광주광역시 동구청,2025-12-23
계림동203,1,,광주광역시 동구 계림동 576-2,35.16012192,126.9178266,,한전주,062-608-2894,광주광역시 동구청,2025-12-23
계림동204,1,,광주광역시 동구 계림동 537-2,35.16008277,126.9153671,,한전주,062-608-2894,광주광역시 동구청,2025-12-23
계림동205,1,,광주광역시 동구 계림동 537-5,35.15997575,126.9154793,,한전주,062-608-2894,광주광역시 동구청,2025-12-23
계림동206,1,,광주광역시 동구 계림동 537-22,35.15991974,126.9156486,,건축물,062-608-2894,광주광역시 동구청,2025-12-23
계림동207,1,,광주광역시 동구 계림동 537-23,35.15985489,126.9158128,,건축물,062-608-2894,광주광역시 동구청,2025-12-23
계림동208,1,,광주광역시 동구 계림동 537-23,35.15987778,126.9158128,,한전주,062-608-2894,광주광역시 동구청,2025-12-23
계림동209,1,,광주광역시 동구 계림동 537-7,35.15976838,126.9160386,,한전주,062-608-2894,광주광역시 동구청,2025-12-23
계림동210,1,,광주광역시 동구 계림동 534-28,35.15994644,126.9163513,,한전주,062-608-2894,광주광역시 동구청,2025-12-23
계림동211,1,,광주광역시 동구 계림동 537-9,35.15973282,126.9162598,,건축물,062-608-2894,광주광역시 동구청,2025-12-23
계림동212,1,,광주광역시 동구 계림동 534-23,35.15983963,126.9165164,,건축물,062-608-2894,광주광역시 동구청,2025-12-23
계림동213,1,,광주광역시 동구 계림동 537-12,35.15961838,126.9164851,,한전주,062-608-2894,광주광역시 동구청,2025-12-23
계림동214,1,,광주광역시 동구 계림동 534-17,35.15993881,126.9168011,,한전주,062-608-2894,광주광역시 동구청,2025-12-23
계림동215,1,,광주광역시 동구 계림동 535-15,35.15963748,126.9167709,,한전주,062-608-2894,광주광역시 동구청,2025-12-23
계림동216,1,,광주광역시 동구 계림동 535-14,35.15951157,126.9168985,,한전주,062-608-2894,광주광역시 동구청,2025-12-23
계림동217,1,,광주광역시 동구 계림동 536-3,35.15937419,126.9169093,,한전주,062-608-2894,광주광역시 동구청,2025-12-23
계림동218,1,,광주광역시 동구 계림동 535-8,35.15958405,126.9171576,,한전주,062-608-2894,광주광역시 동구청,2025-12-23
계림동219,1,,광주광역시 동구 계림동 581-17,35.15940909,126.9173421,,전용주,062-608-2894,광주광역시 동구청,2025-12-23
계림동220,1,,광주광역시 동구 계림동 582-2,35.15916115,126.9173711,,한전주,062-608-2894,광주광역시 동구청,2025-12-23
계림동221,1,,광주광역시 동구 계림동 583-1,35.15909209,126.9176164,,한전주,062-608-2894,광주광역시 동구청,2025-12-23
계림동222,1,,광주광역시 동구 계림동 581-7,35.15925598,126.9180527,,전용주,062-608-2894,광주광역시 동구청,2025-12-23
계림동223,1,,광주광역시 동구 계림동 584-3,35.15883271,126.9181844,,한전주,062-608-2894,광주광역시 동구청,2025-12-23
계림동224,1,,광주광역시 동구 계림동 178-16,35.15869522,126.9190464,,한전주,062-608-2894,광주광역시 동구청,2025-12-23
계림동225,1,,광주광역시 동구 계림동 177-13,35.15892029,126.9188385,,전용주,062-608-2894,광주광역시 동구청,2025-12-23
계림동226,1,,광주광역시 동구 계림동 178-11,35.15888881,126.919183,,한전주,062-608-2894,광주광역시 동구청,2025-12-23
계림동227,1,,광주광역시 동구 계림동 178-38,35.15853136,126.9196354,,전용주,062-608-2894,광주광역시 동구청,2025-12-23
계림동228,1,,광주광역시 동구 계림동 178-38,35.15853136,126.919632,,전용주,062-608-2894,광주광역시 동구청,2025-12-23
계림동229,1,,광주광역시 동구 계림동 292-11,35.15835884,126.9196564,,한전주,062-608-2894,광주광역시 동구청,2025-12-23
계림동230,1,,광주광역시 동구 계림동 485-30,35.15808868,126.9189598,,한전주,062-608-2894,광주광역시 동구청,2025-12-23
계림동231,1,,광주광역시 동구 계림동 485-30,35.15804502,126.9189598,,전용주,062-608-2894,광주광역시 동구청,2025-12-23
계림동232,1,,광주광역시 동구 계림동 485-13,35.15772629,126.9186683,,한전주,062-608-2894,광주광역시 동구청,2025-12-23
계림동233,1,,광주광역시 동구 계림동 485-5,35.15786832,126.9182814,,한전주,062-608-2894,광주광역시 동구청,2025-12-23
계림동234,1,,광주광역시 동구 계림동 291-7,35.15824234,126.9184396,,전용주,062-608-2894,광주광역시 동구청,2025-12-23
계림동235,1,,광주광역시 동구 계림동 291-7,35.15824234,126.9184396,,한전주,062-608-2894,광주광역시 동구청,2025-12-23
계림동236,1,,광주광역시 동구 계림동 585-3,35.15853882,126.9180132,,한전주,062-608-2894,광주광역시 동구청,2025-12-23
계림동237,1,,광주광역시 동구 계림동 178-55,35.15860554,126.9188247,,전용주,062-608-2894,광주광역시 동구청,2025-12-23
계림동238,1,,광주광역시 동구 계림동 487-18,35.15819827,126.9180218,,한전주,062-608-2894,광주광역시 동구청,2025-12-23
계림동239,1,,광주광역시 동구 계림동 487-29,35.15836716,126.9176582,,건축물,062-608-2894,광주광역시 동구청,2025-12-23
계림동240,1,,광주광역시 동구 계림동 585-1,35.15852737,126.9178236,,한전주,062-608-2894,광주광역시 동구청,2025-12-23
계림동241,1,,광주광역시 동구 계림동 584-12,35.15873337,126.9179302,,한전주,062-608-2894,광주광역시 동구청,2025-12-23
계림동242,1,,광주광역시 동구 계림동 584-1,35.15898895,126.9180031,,한전주,062-608-2894,광주광역시 동구청,2025-12-23
계림동243,1,,광주광역시 동구 계림동 586-7,35.15854263,126.9173547,,한전주,062-608-2894,광주광역시 동구청,2025-12-23
계림동244,1,,광주광역시 동구 계림동 586-4,35.15874481,126.9171431,,한전주,062-608-2894,광주광역시 동구청,2025-12-23
계림동245,1,,광주광역시 동구 계림동 582-4,35.15903473,126.9173167,,한전주,062-608-2894,광주광역시 동구청,2025-12-23
계림동246,1,,광주광역시 동구 계림동 586-3,35.15878391,126.9170758,,한전주,062-608-2894,광주광역시 동구청,2025-12-23
계림동247,1,,광주광역시 동구 계림동 536-5,35.15920461,126.9168701,,한전주,062-608-2894,광주광역시 동구청,2025-12-23
계림동248,1,,광주광역시 동구 계림동 582-8,35.1591984,126.9171481,,한전주,062-608-2894,광주광역시 동구청,2025-12-23
계림동249,1,,광주광역시 동구 계림동 539-8,35.15927505,126.9162949,,한전주,062-608-2894,광주광역시 동구청,2025-12-23
계림동250,1,,광주광역시 동구 계림동 537-13,35.15952301,126.9164529,,한전주,062-608-2894,광주광역시 동구청,2025-12-23
계림동251,1,,광주광역시 동구 계림동 539-4,35.1593272,126.9159562,,한전주,062-608-2894,광주광역시 동구청,2025-12-23
계림동252,1,,광주광역시 동구 계림동 537-21,35.15960312,126.9158863,,한전주,062-608-2894,광주광역시 동구청,2025-12-23
계림동253,1,,광주광역시 동구 계림동 537-25,35.15977832,126.9155731,,한전주,062-608-2894,광주광역시 동구청,2025-12-23
계림동254,1,,광주광역시 동구 계림동 537-24,35.15981674,126.9154059,,한전주,062-608-2894,광주광역시 동구청,2025-12-23
계림동255,1,,광주광역시 동구 계림동 538-1,35.15971424,126.9150546,,한전주,062-608-2894,광주광역시 동구청,2025-12-23
계림동256,1,,광주광역시 동구 계림동 939,35.15983582,126.9149551,,한전주,062-608-2894,광주광역시 동구청,2025-12-23
계림동257,1,,광주광역시 동구 계림동 937,35.15971173,126.9148636,,한전주,062-608-2894,광주광역시 동구청,2025-12-23
계림동258,1,,광주광역시 동구 계림동 929,35.15950918,126.9146805,,한전주,062-608-2894,광주광역시 동구청,2025-12-23
계림동259,1,,광주광역시 동구 계림동 928,35.1593377,126.914343,,한전주,062-608-2894,광주광역시 동구청,2025-12-23
계림동260,1,,광주광역시 동구 계림동 928,35.1593377,126.914343,,한전주,062-608-2894,광주광역시 동구청,2025-12-23
계림동261,1,,광주광역시 동구 계림동 928,35.1593377,126.914343,,한전주,062-608-2894,광주광역시 동구청,2025-12-23
계림동262,1,,광주광역시 동구 계림동 538-35,35.15925175,126.9149323,,전용주,062-608-2894,광주광역시 동구청,2025-12-23
계림동263,1,,광주광역시 동구 계림동 538-31,35.1589277,126.9151607,,한전주,062-608-2894,광주광역시 동구청,2025-12-23
계림동264,1,,광주광역시 동구 계림동 539-21,35.15910548,126.9155933,,한전주,062-608-2894,광주광역시 동구청,2025-12-23
계림동265,1,,광주광역시 동구 계림동 538-21,35.15935516,126.9151713,,전용주,062-608-2894,광주광역시 동구청,2025-12-23
계림동266,1,,광주광역시 동구 계림동 538-22,35.15932846,126.9150772,,건축물,062-608-2894,광주광역시 동구청,2025-12-23
계림동267,1,,광주광역시 동구 계림동 539-20,35.15924433,126.9156723,,전용주,062-608-2894,광주광역시 동구청,2025-12-23
계림동268,1,,광주광역시 동구 계림동 539-11,35.1590271,126.9160538,,전용주,062-608-2894,광주광역시 동구청,2025-12-23
계림동269,1,,광주광역시 동구 계림동 539-18,35.15932465,126.9156494,,한전주,062-608-2894,광주광역시 동구청,2025-12-23
계림동270,1,,광주광역시 동구 계림동 589-1,35.15876373,126.9153919,,전용주,062-608-2894,광주광역시 동구청,2025-12-23
내남동087,1,,광주광역시 동구 내남동 204-1,35.08676773,126.9360808,,한전주,062-608-2894,광주광역시 동구청,2025-12-23
내남동088,1,,광주광역시 동구 내남동 204-1,35.08678436,126.9360808,,한전주,062-608-2894,광주광역시 동구청,2025-12-23
내남동089,1,,광주광역시 동구 내남동 206-1,35.08676529,126.9350708,,한전주,062-608-2894,광주광역시 동구청,2025-12-23
내남동090,1,,광주광역시 동구 내남동 199,35.08623812,126.9351883,,한전주,062-608-2894,광주광역시 동구청,2025-12-23
내남동091,1,,광주광역시 동구 내남동 산129,35.08388459,126.9301209,,한전주,062-608-2894,광주광역시 동구청,2025-12-23
내남동092,1,,광주광역시 동구 내남동 산128,35.0835006,126.9297714,,한전주,062-608-2894,광주광역시 동구청,2025-12-23
내남동093,1,,광주광역시 동구 내남동 648,35.08287494,126.9294357,,한전주,062-608-2894,광주광역시 동구청,2025-12-23
내남동094,1,,광주광역시 동구 내남동 206-1,35.08676355,126.9350708,,한전주,062-608-2894,광주광역시 동구청,2025-12-23
내남동095,1,,광주광역시 동구 내남동 587-3,35.08702039,126.9343338,,한전주,062-608-2894,광주광역시 동구청,2025-12-23
내남동096,1,,광주광역시 동구 내남동 577-2,35.08731451,126.9333923,,한전주,062-608-2894,광주광역시 동구청,2025-12-23
내남동097,1,,광주광역시 동구 내남동 577-2,35.08731451,126.9333923,,한전주,062-608-2894,광주광역시 동구청,2025-12-23
내남동098,1,,광주광역시 동구 내남동 581-3,35.08751763,126.9331182,,한전주,062-608-2894,광주광역시 동구청,2025-12-23
내남동099,1,,광주광역시 동구 내남동 578-1,35.08727502,126.9330125,,한전주,062-608-2894,광주광역시 동구청,2025-12-23
내남동100,1,,광주광역시 동구 내남동 576,35.08755213,126.9324461,,한전주,062-608-2894,광주광역시 동구청,2025-12-23
내남동101,1,,광주광역시 동구 내남동 567-2,35.08800507,126.9321136,,한전주,062-608-2894,광주광역시 동구청,2025-12-23
내남동102,1,,광주광역시 동구 내남동 538-2,35.08839792,126.9317231,,한전주,062-608-2894,광주광역시 동구청,2025-12-23
내남동103,1,,광주광역시 동구 내남동 884,35.08842748,126.9317785,,한전주,062-608-2894,광주광역시 동구청,2025-12-23
내남동104,1,,광주광역시 동구 내남동 538-1,35.0886418,126.9313481,,한전주,062-608-2894,광주광역시 동구청,2025-12-23
내남동105,1,,광주광역시 동구 내남동 544-1,35.08930356,126.9314117,,한전주,062-608-2894,광주광역시 동구청,2025-12-23
내남동106,1,,광주광역시 동구 내남동 506-1,35.0892334,126.931076,,전용주,062-608-2894,광주광역시 동구청,2025-12-23
내남동107,1,,광주광역시 동구 내남동 545-2,35.08934402,126.9310837,,한전주,062-608-2894,광주광역시 동구청,2025-12-23
내남동108,1,,광주광역시 동구 내남동 545-1,35.08936937,126.9312134,,한전주,062-608-2894,광주광역시 동구청,2025-12-23
내남동109,1,,광주광역시 동구 내남동 483-1,35.08957241,126.9315363,,한전주,062-608-2894,광주광역시 동구청,2025-12-23
내남동110,1,,광주광역시 동구 내남동 505,35.08938217,126.9308399,,한전주,062-608-2894,광주광역시 동구청,2025-12-23
내남동111,1,,광주광역시 동구 내남동 484,35.08953628,126.9310074,,한전주,062-608-2894,광주광역시 동구청,2025-12-23
내남동112,1,,광주광역시 동구 내남동 499,35.08971737,126.9303748,,한전주,062-608-2894,광주광역시 동구청,2025-12-23
내남동113,1,,광주광역시 동구 내남동 510-1,35.08978271,126.9300892,,한전주,062-608-2894,광주광역시 동구청,2025-12-23
내남동114,1,,광주광역시 동구 내남동 497-1,35.08996201,126.9300919,,전용주,062-608-2894,광주광역시 동구청,2025-12-23
내남동115,1,,광주광역시 동구 내남동 496,35.090065,126.9301863,,한전주,062-608-2894,광주광역시 동구청,2025-12-23
내남동116,1,,광주광역시 동구 내남동 511,35.08987808,126.9299631,,한전주,062-608-2894,광주광역시 동구청,2025-12-23
내남동117,1,,광주광역시 동구 내남동 537,35.08895493,126.9309667,,한전주,062-608-2894,광주광역시 동구청,2025-12-23
내남동118,1,,광주광역시 동구 내남동 684,35.09005737,126.9294057,,한전주,062-608-2894,광주광역시 동구청,2025-12-23
내남동119,1,,광주광역시 동구 내남동 470,35.09025192,126.9297553,,한전주,062-608-2894,광주광역시 동구청,2025-12-23
내남동120,1,,광주광역시 동구 내남동 462,35.09060698,126.9299913,,한전주,062-608-2894,광주광역시 동구청,2025-12-23
내남동121,1,,광주광역시 동구 내남동 460,35.09039775,126.9296429,,한전주,062-608-2894,광주광역시 동구청,2025-12-23
내남동122,1,,광주광역시 동구 내남동 457,35.09080403,126.9298492,,한전주,062-608-2894,광주광역시 동구청,2025-12-23
내남동123,1,,광주광역시 동구 내남동 692,35.09097433,126.9294471,,한전주,062-608-2894,광주광역시 동구청,2025-12-23
내남동124,1,,광주광역시 동구 내남동 684,35.09002731,126.9294057,,한전주,062-608-2894,광주광역시 동구청,2025-12-23
내남동125,1,,광주광역시 동구 내남동 685-1,35.090271,126.9288923,,한전주,062-608-2894,광주광역시 동구청,2025-12-23
내남동131,1,,광주광역시 동구 내남동 887,35.09078178,126.928165,,한전주,062-608-2894,광주광역시 동구청,2025-12-23
내남동132,1,,광주광역시 동구 내남동 767-1,35.09135496,126.9269055,,한전주,062-608-2894,광주광역시 동구청,2025-12-23
내남동133,1,,광주광역시 동구 내남동 891,35.09189702,126.9247046,,한전주,062-608-2894,광주광역시 동구청,2025-12-23
내남동134,1,,광주광역시 동구 내남동 891,35.09189702,126.9247046,,한전주,062-608-2894,광주광역시 동구청,2025-12-23
내남동135,1,,광주광역시 동구 내남동 800,35.0932586,126.9246953,,한전주,062-608-2894,광주광역시 동구청,2025-12-23
내남동136,1,,광주광역시 동구 내남동 861,35.08870589,126.9313966,,한전주,062-608-2894,광주광역시 동구청,2025-12-23
내남동137,1,,광주광역시 동구 내남동 902,35.09062963,126.9410628,,전용주,062-608-2894,광주광역시 동구청,2025-12-23
내남동138,1,,광주광역시 동구 내남동 902,35.09062963,126.9410628,,전용주,062-608-2894,광주광역시 동구청,2025-12-23
내남동139,1,,광주광역시 동구 내남동 861-17,35.0912082,126.9393887,,전용주,062-608-2894,광주광역시 동구청,2025-12-23
내남동140,1,,광주광역시 동구 내남동 902,35.09062963,126.9410628,,전용주,062-608-2894,광주광역시 동구청,2025-12-23
내남동141,1,,광주광역시 동구 내남동 902,35.09062963,126.9410628,,전용주,062-608-2894,광주광역시 동구청,2025-12-23
내남동142,1,,광주광역시 동구 내남동 902,35.09062963,126.9410628,,전용주,062-608-2894,광주광역시 동구청,2025-12-23
내남동143,1,,광주광역시 동구 내남동 398,35.09726355,126.9320713,,한전주,062-608-2894,광주광역시 동구청,2025-12-23
내남동144,1,,광주광역시 동구 내남동 882,35.09012798,126.9302613,,한전주,062-608-2894,광주광역시 동구청,2025-12-23
내남동145,1,,광주광역시 동구 내남동 30,35.09295305,126.9417004,,전용주,062-608-2894,광주광역시 동구청,2025-12-23
내남동146,1,,광주광역시 동구 내남동 10-4,35.09630868,126.9411664,,한전주,062-608-2894,광주광역시 동구청,2025-12-23
대의동001,1,,광주광역시 동구 대의동 72,35.1483345,126.9192123,,한전주,062-608-2894,광주광역시 동구청,2025-12-23
대의동002,1,,광주광역시 동구 대의동 73,35.14850761,126.9190369,,한전주,062-608-2894,광주광역시 동구청,2025-12-23
대의동003,1,,광주광역시 동구 대의동 16-3,35.14974572,126.9193823,,전용주,062-608-2894,광주광역시 동구청,2025-12-23
대의동004,1,,광주광역시 동구 대의동 20,35.14938331,126.9202323,,전용주,062-608-2894,광주광역시 동구청,2025-12-23
대의동005,1,,광주광역시 동구 대의동 20,35.14938331,126.9202323,,전용주,062-608-2894,광주광역시 동구청,2025-12-23
대의동006,1,,광주광역시 동구 대의동 36-1,35.14953517,126.9207508,,전용주,062-608-2894,광주광역시 동구청,2025-12-23
대의동007,1,,광주광역시 동구 대의동 29,35.1498266,126.9203819,,전용주,062-608-2894,광주광역시 동구청,2025-12-23
대의동008,1,,광주광역시 동구 대의동 20,35.14938331,126.9202323,,건축물,062-608-2894,광주광역시 동구청,2025-12-23
대의동009,1,,광주광역시 동구 대의동 6-1,35.15002711,126.9201965,,건축물,062-608-2894,광주광역시 동구청,2025-12-23
대의동010,1,,광주광역시 동구 대의동 3-1,35.15024907,126.9201605,,전용주,062-608-2894,광주광역시 동구청,2025-12-23
대의동011,1,,광주광역시 동구 대의동 39,35.15017832,126.9208021,,전용주,062-608-2894,광주광역시 동구청,2025-12-23
대의동012,1,,광주광역시 동구 대의동 33,35.14979229,126.9209716,,전용주,062-608-2894,광주광역시 동구청,2025-12-23
대의동013,1,,광주광역시 동구 대의동 33,35.14970016,126.9209716,,전용주,062-608-2894,광주광역시 동구청,2025-12-23
대인동001,1,,광주광역시 동구 대인동 100-1,35.15268987,126.9145557,,건축물,062-608-2894,광주광역시 동구청,2025-12-23
대인동002,1,,광주광역시 동구 대인동 99,35.15288544,126.9145737,,한전주,062-608-2894,광주광역시 동구청,2025-12-23
대인동003,1,,광주광역시 동구 대인동 91,35.15302097,126.9147292,,전용주,062-608-2894,광주광역시 동구청,2025-12-23
대인동004,1,,광주광역시 동구 대인동 97-4,35.15276337,126.9148712,,전용주,062-608-2894,광주광역시 동구청,2025-12-23
대인동005,1,,광주광역시 동구 대인동 67-1,35.15292358,126.9153137,,한전주,062-608-2894,광주광역시 동구청,2025-12-23
대인동006,1,,광주광역시 동구 대인동 124-1,35.15205383,126.9154168,,한전주,062-608-2894,광주광역시 동구청,2025-12-23
대인동007,1,,광주광역시 동구 대인동 117-1,35.15235356,126.9154282,,전용주,062-608-2894,광주광역시 동구청,2025-12-23
대인동008,1,,광주광역시 동구 대인동 235,35.15229463,126.9155502,,전용주,062-608-2894,광주광역시 동구청,2025-12-23
대인동009,1,,광주광역시 동구 대인동 55,35.15253663,126.9157028,,전용주,062-608-2894,광주광역시 동구청,2025-12-23
대인동010,1,,광주광역시 동구 대인동 56,35.15265798,126.9156113,,전용주,062-608-2894,광주광역시 동구청,2025-12-23
대인동011,1,,광주광역시 동구 대인동 57,35.15278969,126.9155115,,전용주,062-608-2894,광주광역시 동구청,2025-12-23
대인동012,1,,광주광역시 동구 대인동 237,35.15248274,126.9157639,,전용주,062-608-2894,광주광역시 동구청,2025-12-23
대인동013,1,,광주광역시 동구 대인동 142,35.1516882,126.9162575,,전용주,062-608-2894,광주광역시 동구청,2025-12-23
대인동014,1,,광주광역시 동구 대인동 155-2,35.15155792,126.9167862,,전용주,062-608-2894,광주광역시 동구청,2025-12-23
대인동015,1,,광주광역시 동구 대인동 220,35.15197754,126.9164631,,한전주,062-608-2894,광주광역시 동구청,2025-12-23
대인동016,1,,광주광역시 동구 대인동 175-4,35.15231439,126.9162827,,한전주,062-608-2894,광주광역시 동구청,2025-12-23
대인동017,1,,광주광역시 동구 대인동 165-6,35.15220572,126.9164612,,전용주,062-608-2894,광주광역시 동구청,2025-12-23
대인동018,1,,광주광역시 동구 대인동 180-6,35.15264583,126.9168246,,전용주,062-608-2894,광주광역시 동구청,2025-12-23
대인동019,1,,광주광역시 동구 대인동 175-3,35.15232468,126.9162712,,한전주,062-608-2894,광주광역시 동구청,2025-12-23
대인동020,1,,광주광역시 동구 대인동 52-2,35.15277844,126.9158783,,한전주,062-608-2894,광주광역시 동구청,2025-12-23
대인동021,1,,광주광역시 동구 대인동 50,35.15304069,126.915863,,전용주,062-608-2894,광주광역시 동구청,2025-12-23
대인동022,1,,광주광역시 동구 대인동 49-3,35.1528491,126.9160614,,전용주,062-608-2894,광주광역시 동구청,2025-12-23
대인동023,1,,광주광역시 동구 대인동 49-4,35.15293048,126.9161599,,전용주,062-608-2894,광주광역시 동구청,2025-12-23
대인동024,1,,광주광역시 동구 대인동 270,35.15285135,126.9155536,,한전주,062-608-2894,광주광역시 동구청,2025-12-23
대인동025,1,,광주광역시 동구 대인동 271,35.1529808,126.9154739,,한전주,062-608-2894,광주광역시 동구청,2025-12-23
대인동026,1,,광주광역시 동구 대인동 274,35.15318008,126.9152069,,한전주,062-608-2894,광주광역시 동구청,2025-12-23
대인동027,1,,광주광역시 동구 대인동 275,35.15336609,126.915062,,한전주,062-608-2894,광주광역시 동구청,2025-12-23
대인동028,1,,광주광역시 동구 대인동 32-10,35.15351486,126.9150022,,한전주,062-608-2894,광주광역시 동구청,2025-12-23
대인동029,1,,광주광역시 동구 대인동 21,35.15437698,126.9141159,,전용주,062-608-2894,광주광역시 동구청,2025-12-23
대인동030,1,,광주광역시 동구 대인동 27-22,35.15321871,126.9136429,,전용주,062-608-2894,광주광역시 동구청,2025-12-23
대인동031,1,,광주광역시 동구 대인동 27,35.15342712,126.9136593,,전용주,062-608-2894,광주광역시 동구청,2025-12-23
대인동032,1,,광주광역시 동구 대인동 27-27,35.15357208,126.9131769,,건축물,062-608-2894,광주광역시 동구청,2025-12-23
대인동033,1,,광주광역시 동구 대인동 16-13,35.15396878,126.9134825,,한전주,062-608-2894,광주광역시 동구청,2025-12-23
대인동034,1,,광주광역시 동구 대인동 23-8,35.15410862,126.9130707,,건축물,062-608-2894,광주광역시 동구청,2025-12-23
대인동035,1,,광주광역시 동구 대인동 21-69,35.15410233,126.9137039,,전용주,062-608-2894,광주광역시 동구청,2025-12-23
대인동036,1,,광주광역시 동구 대인동 16-13,35.15396878,126.9134825,,전용주,062-608-2894,광주광역시 동구청,2025-12-23
대인동037,1,,광주광역시 동구 대인동 16-11,35.15381737,126.9127727,,전용주,062-608-2894,광주광역시 동구청,2025-12-23
대인동038,1,,광주광역시 동구 대인동 15-6,35.15395355,126.9126816,,전용주,062-608-2894,광주광역시 동구청,2025-12-23
대인동039,1,,광주광역시 동구 대인동 7-16,35.15439317,126.9130478,,한전주,062-608-2894,광주광역시 동구청,2025-12-23
대인동040,1,,광주광역시 동구 대인동 22-3,35.15423965,126.9133786,,전용주,062-608-2894,광주광역시 동구청,2025-12-23
대인동041,1,,광주광역시 동구 대인동 21-5,35.15446316,126.9136073,,전용주,062-608-2894,광주광역시 동구청,2025-12-23
대인동042,1,,광주광역시 동구 대인동 321-11,35.15570575,126.913062,,한전주,062-608-2894,광주광역시 동구청,2025-12-23
대인동043,1,,광주광역시 동구 대인동 320-18,35.15642166,126.9131515,,한전주,062-608-2894,광주광역시 동구청,2025-12-23
대인동044,1,,광주광역시 동구 대인동 320-20,35.1562767,126.9135059,,건축물,062-608-2894,광주광역시 동구청,2025-12-23
대인동045,1,,광주광역시 동구 대인동 320-3,35.15671075,126.9132984,,한전주,062-608-2894,광주광역시 동구청,2025-12-23
대인동046,1,,광주광역시 동구 대인동 319-1,35.15647102,126.9137217,,한전주,062-608-2894,광주광역시 동구청,2025-12-23
대인동047,1,,광주광역시 동구 대인동 320-6,35.15639237,126.9135513,,한전주,062-608-2894,광주광역시 동구청,2025-12-23
계림동505,1,,광주광역시 동구 계림동 341-1,35.15469479,126.9193573,,건축물,062-608-2894,광주광역시 동구청,2025-12-23
계림동506,1,,광주광역시 동구 계림동 322-3,35.15474198,126.9194738,,한전주,062-608-2894,광주광역시 동구청,2025-12-23
계림동507,1,,광주광역시 동구 계림동 342-2,35.15446854,126.9194129,,한전주,062-608-2894,광주광역시 동구청,2025-12-23
계림동508,1,,광주광역시 동구 계림동 337-6,35.15462494,126.9198227,,건축물,062-608-2894,광주광역시 동구청,2025-12-23
계림동509,1,,광주광역시 동구 계림동 337-3,35.15460066,126.9197235,,한전주,062-608-2894,광주광역시 동구청,2025-12-23
계림동510,1,,광주광역시 동구 계림동 338-12,35.15430832,126.9197006,,한전주,062-608-2894,광주광역시 동구청,2025-12-23
계림동511,1,,광주광역시 동구 계림동 378-5,35.15425908,126.9200363,,한전주,062-608-2894,광주광역시 동구청,2025-12-23
계림동512,1,,광주광역시 동구 계림동 380-2,35.15439987,126.9202499,,건축물,062-608-2894,광주광역시 동구청,2025-12-23
계림동513,1,,광주광역시 동구 계림동 510-32,35.15531636,126.9194801,,한전주,062-608-2894,광주광역시 동구청,2025-12-23
계림동514,1,,광주광역시 동구 계림동 315-1,35.15481883,126.9189454,,전용주,062-608-2894,광주광역시 동구청,2025-12-23
계림동515,1,,광주광역시 동구 계림동 300-14,35.15520096,126.9188339,,한전주,062-608-2894,광주광역시 동구청,2025-12-23
계림동516,1,,광주광역시 동구 계림동 300-10,35.15535736,126.9189707,,한전주,062-608-2894,광주광역시 동구청,2025-12-23
계림동517,1,,광주광역시 동구 계림동 300-16,35.15529609,126.9186602,,전용주,062-608-2894,광주광역시 동구청,2025-12-23
계림동518,1,,광주광역시 동구 계림동 462-9,35.15542984,126.9185562,,건축물,062-608-2894,광주광역시 동구청,2025-12-23
계림동519,1,,광주광역시 동구 계림동 461-2,35.15539442,126.9182526,,건축물,062-608-2894,광주광역시 동구청,2025-12-23
계림동520,1,,광주광역시 동구 계림동 298-9,35.15555753,126.9185954,,한전주,062-608-2894,광주광역시 동구청,2025-12-23
계림동521,1,,광주광역시 동구 계림동 463-22,35.15571976,126.9183807,,건축물,062-608-2894,광주광역시 동구청,2025-12-23
계림동522,1,,광주광역시 동구 계림동 463-7,35.15581894,126.918096,,한전주,062-608-2894,광주광역시 동구청,2025-12-23
계림동523,1,,광주광역시 동구 계림동 463-18,35.15585709,126.9185944,,건축물,062-608-2894,광주광역시 동구청,2025-12-23
계림동524,1,,광주광역시 동구 계림동 463-7,35.15588876,126.918096,,한전주,062-608-2894,광주광역시 동구청,2025-12-23
계림동525,1,,광주광역시 동구 계림동 465-14,35.1556603,126.9178084,,한전주,062-608-2894,광주광역시 동구청,2025-12-23
계림동526,1,,광주광역시 동구 계림동 465-20,35.15554428,126.9178162,,한전주,062-608-2894,광주광역시 동구청,2025-12-23
계림동527,1,,광주광역시 동구 계림동 304,35.15506342,126.9186248,,한전주,062-608-2894,광주광역시 동구청,2025-12-23
계림동528,1,,광주광역시 동구 계림동 463-6,35.15599442,126.9180419,,한전주,062-608-2894,광주광역시 동구청,2025-12-23
계림동529,1,,광주광역시 동구 계림동 510-83,35.15581358,126.917366,,한전주,062-608-2894,광주광역시 동구청,2025-12-23
계림동530,1,,광주광역시 동구 계림동 514-29,35.1557042,126.9172363,,한전주,062-608-2894,광주광역시 동구청,2025-12-23
계림동531,1,,광주광역시 동구 계림동 467-30,35.15524292,126.9171066,,한전주,062-608-2894,광주광역시 동구청,2025-12-23
계림동532,1,,광주광역시 동구 계림동 467-17,35.15510178,126.9169245,,한전주,062-608-2894,광주광역시 동구청,2025-12-23
계림동533,1,,광주광역시 동구 계림동 465-64,35.15518901,126.9173264,,한전주,062-608-2894,광주광역시 동구청,2025-12-23
계림동534,1,,광주광역시 동구 계림동 466-9,35.15524292,126.9173431,,한전주,062-608-2894,광주광역시 동구청,2025-12-23
계림동535,1,,광주광역시 동구 계림동 466-5,35.15545273,126.917572,,한전주,062-608-2894,광주광역시 동구청,2025-12-23
계림동536,1,,광주광역시 동구 계림동 467-25,35.15481186,126.9170372,,건축물,062-608-2894,광주광역시 동구청,2025-12-23
계림동537,1,,광주광역시 동구 계림동 420,35.15484238,126.9173126,,건축물,062-608-2894,광주광역시 동구청,2025-12-23
계림동538,1,,광주광역시 동구 계림동 425-1,35.15465546,126.9175262,,한전주,062-608-2894,광주광역시 동구청,2025-12-23
계림동539,1,,광주광역시 동구 계림동 434,35.15476608,126.9177246,,한전주,062-608-2894,광주광역시 동구청,2025-12-23
계림동540,1,,광주광역시 동구 계림동 439,35.15516288,126.9177362,,한전주,062-608-2894,광주광역시 동구청,2025-12-23
계림동541,1,,광주광역시 동구 계림동 439-4,35.15520706,126.9176178,,전용주,062-608-2894,광주광역시 동구청,2025-12-23
계림동542,1,,광주광역시 동구 계림동 428,35.15444183,126.9178314,,건축물,062-608-2894,광주광역시 동구청,2025-12-23
계림동543,1,,광주광역시 동구 계림동 431,35.154524,126.9180908,,한전주,062-608-2894,광주광역시 동구청,2025-12-23
계림동544,1,,광주광역시 동구 계림동 445,35.15473138,126.917923,,한전주,062-608-2894,광주광역시 동구청,2025-12-23
계림동545,1,,광주광역시 동구 계림동 451-2,35.15475697,126.918104,,한전주,062-608-2894,광주광역시 동구청,2025-12-23
계림동546,1,,광주광역시 동구 계림동 460-10,35.15501978,126.9180892,,한전주,062-608-2894,광주광역시 동구청,2025-12-23
계림동547,1,,광주광역시 동구 계림동 460-11,35.15501785,126.9182012,,한전주,062-608-2894,광주광역시 동구청,2025-12-23
계림동548,1,,광주광역시 동구 계림동 455,35.1550293,126.917795,,한전주,062-608-2894,광주광역시 동구청,2025-12-23
계림동549,1,,광주광역시 동구 계림동 460-6,35.15515518,126.9180926,,한전주,062-608-2894,광주광역시 동구청,2025-12-23
계림동550,1,,광주광역시 동구 계림동 303-3,35.15499878,126.9184162,,한전주,062-608-2894,광주광역시 동구청,2025-12-23
계림동551,1,,광주광역시 동구 계림동 460-6,35.15514374,126.9180926,,한전주,062-608-2894,광주광역시 동구청,2025-12-23
계림동552,1,,광주광역시 동구 계림동 460-2,35.15534592,126.9178762,,한전주,062-608-2894,광주광역시 동구청,2025-12-23
계림동553,1,,광주광역시 동구 계림동 315-3,35.15469879,126.9187164,,한전주,062-608-2894,광주광역시 동구청,2025-12-23
계림동554,1,,광주광역시 동구 계림동 314,35.1546402,126.9186659,,한전주,062-608-2894,광주광역시 동구청,2025-12-23
계림동555,1,,광주광역시 동구 계림동 314-6,35.1544075,126.9189024,,건축물,062-608-2894,광주광역시 동구청,2025-12-23
계림동556,1,,광주광역시 동구 계림동 460-31,35.15462494,126.9184036,,건축물,062-608-2894,광주광역시 동구청,2025-12-23
계림동557,1,,광주광역시 동구 계림동 393-1,35.15430121,126.918189,,한전주,062-608-2894,광주광역시 동구청,2025-12-23
계림동558,1,,광주광역시 동구 계림동 390,35.15414685,126.9186532,,전용주,062-608-2894,광주광역시 동구청,2025-12-23
계림동559,1,,광주광역시 동구 계림동 363-2,35.15399551,126.9187012,,건축물,062-608-2894,광주광역시 동구청,2025-12-23
계림동560,1,,광주광역시 동구 계림동 313-4,35.15421295,126.9188385,,건축물,062-608-2894,광주광역시 동구청,2025-12-23
계림동561,1,,광주광역시 동구 계림동 357,35.15418625,126.9191398,,한전주,062-608-2894,광주광역시 동구청,2025-12-23
계림동562,1,,광주광역시 동구 계림동 316,35.1545318,126.9189243,,한전주,062-608-2894,광주광역시 동구청,2025-12-23
계림동563,1,,광주광역시 동구 계림동 349,35.15429514,126.9190834,,한전주,062-608-2894,광주광역시 동구청,2025-12-23
계림동564,1,,광주광역시 동구 계림동 338-10,35.15418243,126.9193815,,한전주,062-608-2894,광주광역시 동구청,2025-12-23
계림동565,1,,광주광역시 동구 계림동 381-42,35.15394592,126.9197769,,전용주,062-608-2894,광주광역시 동구청,2025-12-23
계림동566,1,,광주광역시 동구 계림동 383-10,35.15388138,126.9193012,,건축물,062-608-2894,광주광역시 동구청,2025-12-23
계림동567,1,,광주광역시 동구 계림동 381-18,35.15385437,126.9191241,,건축물,062-608-2894,광주광역시 동구청,2025-12-23
계림동568,1,,광주광역시 동구 계림동 381-18,35.15381241,126.9191241,,한전주,062-608-2894,광주광역시 동구청,2025-12-23
계림동569,1,,광주광역시 동구 계림동 85-203,35.16278076,126.9204344,,한전주,062-608-2894,광주광역시 동구청,2025-12-23
계림동570,1,,광주광역시 동구 계림동 85-138,35.16257561,126.9209127,,전용주,062-608-2894,광주광역시 동구청,2025-12-23
계림동571,1,,광주광역시 동구 계림동 85-180,35.16249656,126.9211979,,전용주,062-608-2894,광주광역시 동구청,2025-12-23
계림동572,1,,광주광역시 동구 계림동 465-37,35.15660236,126.9182053,,한전주,062-608-2894,광주광역시 동구청,2025-12-23
계림동573,1,,광주광역시 동구 계림동 1845,35.15658995,126.9221174,,한전주,062-608-2894,광주광역시 동구청,2025-12-23
계림동574,1,,광주광역시 동구 계림동 505-1014,35.16332409,126.9174553,,한전주,062-608-2894,광주광역시 동구청,2025-12-23
계림동575,1,,광주광역시 동구 계림동 525-1,35.15894877,126.9273731,,한전주,062-608-2894,광주광역시 동구청,2025-12-23
계림동576,1,,광주광역시 동구 계림동 541,35.16023213,126.9164781,,한전주,062-608-2894,광주광역시 동구청,2025-12-23
계림동578,1,,광주광역시 동구 계림동 525-1,35.15894877,126.9273731,,한전주,062-608-2894,광주광역시 동구청,2025-12-23
계림동579,1,,광주광역시 동구 계림동 1729,35.16060677,126.9286386,,한전주,062-608-2894,광주광역시 동구청,2025-12-23
계림동580,1,,광주광역시 동구 계림동 542-2,35.16248345,126.9168375,,한전주,062-608-2894,광주광역시 동구청,2025-12-23
광산동001,1,,광주광역시 동구 광산동 100-23,35.14574995,126.9175766,,한전주,062-608-2894,광주광역시 동구청,2025-12-23
광산동002,1,,광주광역시 동구 광산동 100-23,35.14574995,126.9175766,,한전주,062-608-2894,광주광역시 동구청,2025-12-23
광산동003,1,,광주광역시 동구 광산동 100-19,35.14567566,126.917778,,전용주,062-608-2894,광주광역시 동구청,2025-12-23
광산동004,1,,광주광역시 동구 광산동 100-20,35.14550018,126.9177927,,건축물,062-608-2894,광주광역시 동구청,2025-12-23
광산동005,1,,광주광역시 동구 광산동 100,35.14566803,126.9182281,,한전주,062-608-2894,광주광역시 동구청,2025-12-23
광산동006,1,,광주광역시 동구 광산동 100-7,35.14594269,126.9179906,,한전주,062-608-2894,광주광역시 동구청,2025-12-23
광산동007,1,,광주광역시 동구 광산동 79-4,35.14632658,126.9180069,,전용주,062-608-2894,광주광역시 동구청,2025-12-23
광산동008,1,,광주광역시 동구 광산동 73-1,35.14612198,126.9186172,,전용주,062-608-2894,광주광역시 동구청,2025-12-23
광산동009,1,,광주광역시 동구 광산동 100-42,35.14587602,126.9187313,,전용주,062-608-2894,광주광역시 동구청,2025-12-23
광산동010,1,,광주광역시 동구 광산동 91,35.14551163,126.9167709,,전용주,062-608-2894,광주광역시 동구청,2025-12-23
광산동011,1,,광주광역시 동구 광산동 60-2,35.14530428,126.9176561,,한전주,062-608-2894,광주광역시 동구청,2025-12-23
광산동012,1,,광주광역시 동구 광산동 62,35.14523315,126.9174571,,전용주,062-608-2894,광주광역시 동구청,2025-12-23
광산동013,1,,광주광역시 동구 광산동 56-1,35.14558411,126.9188323,,전용주,062-608-2894,광주광역시 동구청,2025-12-23
궁동001,1,,광주광역시 동구 궁동 80,35.14930344,126.918210,,전용주,062-608-2894,광주광역시 동구청,2025-12-23
궁동002,1,,광주광역시 동구 궁동 41-3,35.14945602,126.9182545,,전용주,062-608-2894,광주광역시 동구청,2025-12-23
궁동003,1,,광주광역시 동구 궁동 40,35.14949799,126.9186747,,전용주,062-608-2894,광주광역시 동구청,2025-12-23
궁동004,1,,광주광역시 동구 궁동 49,35.14933162,126.9180082,,건축물,062-608-2894,광주광역시 동구청,2025-12-23
궁동005,1,,광주광역시 동구 궁동 55-2,35.14976883,126.917511,,전용주,062-608-2894,광주광역시 동구청,2025-12-23
궁동006,1,,광주광역시 동구 궁동 56-3,35.15008567,126.917366,,건축물,062-608-2894,광주광역시 동구청,2025-12-23
궁동007,1,,광주광역시 동구 궁동 54-3,35.15008545,126.9178925,,전용주,062-608-2894,광주광역시 동구청,2025-12-23
궁동008,1,,광주광역시 동구 궁동 51-25,35.15007019,126.9181561,,전용주,062-608-2894,광주광역시 동구청,2025-12-23
궁동009,1,,광주광역시 동구 궁동 61-2,35.15032481,126.9178548,,전용주,062-608-2894,광주광역시 동구청,2025-12-23
궁동010,1,,광주광역시 동구 궁동 34-9,35.15031433,126.9184494,,전용주,062-608-2894,광주광역시 동구청,2025-12-23
궁동011,1,,광주광역시 동구 궁동 34-12,35.15051407,126.9186249,,전용주,062-608-2894,광주광역시 동구청,2025-12-23
궁동012,1,,광주광역시 동구 궁동 35-4,35.15033278,126.9185744,,전용주,062-608-2894,광주광역시 동구청,2025-12-23
궁동013,1,,광주광역시 동구 궁동 35-8,35.15036774,126.918869,,전용주,062-608-2894,광주광역시 동구청,2025-12-23
궁동014,1,,광주광역시 동구 궁동 51-19,35.14987672,126.9182541,,전용주,062-608-2894,광주광역시 동구청,2025-12-23
궁동015,1,,광주광역시 동구 궁동 50,35.14949975,126.9179165,,전용주,062-608-2894,광주광역시 동구청,2025-12-23
궁동016,1,,광주광역시 동구 궁동 36-2,35.15017473,126.9187393,,전용주,062-608-2894,광주광역시 동구청,2025-12-23
궁동017,1,,광주광역시 동구 궁동 36-12,35.14995956,126.9187787,,전용주,062-608-2894,광주광역시 동구청,2025-12-23
궁동018,1,,광주광역시 동구 궁동 37-2,35.14998095,126.9190445,,한전주,062-608-2894,광주광역시 동구청,2025-12-23
궁동019,1,,광주광역시 동구 궁동 38-12,35.1497612,126.9189815,,전용주,062-608-2894,광주광역시 동구청,2025-12-23
궁동020,1,,광주광역시 동구 궁동 38-5,35.14981079,126.9193726,,전용주,062-608-2894,광주광역시 동구청,2025-12-23
궁동021,1,,광주광역시 동구 궁동 38-2,35.14990997,126.9195175,,한전주,062-608-2894,광주광역시 동구청,2025-12-23
궁동022,1,,광주광역시 동구 궁동 28,35.15011565,126.9195326,,전용주,062-608-2894,광주광역시 동구청,2025-12-23
궁동023,1,,광주광역시 동구 궁동 29-1,35.15023041,126.9193184,,전용주,062-608-2894,광주광역시 동구청,2025-12-23
궁동024,1,,광주광역시 동구 궁동 21,35.15060411,126.9195328,,전용주,062-608-2894,광주광역시 동구청,2025-12-23
궁동025,1,,광주광역시 동구 궁동 21,35.15060411,126.9195481,,전용주,062-608-2894,광주광역시 동구청,2025-12-23
궁동026,1,,광주광역시 동구 궁동 31,35.15048218,126.9191284,,전용주,062-608-2894,광주광역시 동구청,2025-12-23
궁동027,1,,광주광역시 동구 궁동 75,35.15069962,126.9189758,,전용주,062-608-2894,광주광역시 동구청,2025-12-23
궁동028,1,,광주광역시 동구 궁동 13-1,35.15084839,126.9191044,,건축물,062-608-2894,광주광역시 동구청,2025-12-23
궁동029,1,,광주광역시 동구 궁동 62-4,35.15049744,126.9176941,,전용주,062-608-2894,광주광역시 동구청,2025-12-23
궁동030,1,,광주광역시 동구 궁동 62-1,35.15074375,126.9174519,,한전주,062-608-2894,광주광역시 동구청,2025-12-23
궁동031,1,,광주광역시 동구 궁동 58-9,35.14998245,126.9175478,,전용주,062-608-2894,광주광역시 동구청,2025-12-23
궁동032,1,,광주광역시 동구 궁동 58-8,35.1502215,126.917293,,한전주,062-608-2894,광주광역시 동구청,2025-12-23
금남로1가001,1,,광주광역시 동구 금남로1가 19-16,35.14759258,126.9183578,,전용주,062-608-2894,광주광역시 동구청,2025-12-23
금남로1가002,1,,광주광역시 동구 금남로1가 19-14,35.14753342,126.918190,,전용주,062-608-2894,광주광역시 동구청,2025-12-23
금남로1가003,1,,광주광역시 동구 금남로1가 19-12,35.14795219,126.9178399,,전용주,062-608-2894,광주광역시 동구청,2025-12-23
금남로1가004,1,,광주광역시 동구 금남로1가 19-4,35.14790726,126.9183032,,전용주,062-608-2894,광주광역시 동구청,2025-12-23
금남로2가001,1,,광주광역시 동구 금남로2가 37,35.14873643,126.9173869,,한전주,062-608-2894,광주광역시 동구청,2025-12-23
금남로2가002,1,,광주광역시 동구 금남로2가 11-2,35.14896774,126.9182358,,한전주,062-608-2894,광주광역시 동구청,2025-12-23
금남로2가003,1,,광주광역시 동구 금남로2가 11,35.14915496,126.918014,,한전주,062-608-2894,광주광역시 동구청,2025-12-23
금남로2가004,1,,광주광역시 동구 금남로2가 7-1,35.14905859,126.9177352,,한전주,062-608-2894,광주광역시 동구청,2025-12-23
금남로2가005,1,,광주광역시 동구 금남로2가 7-3,35.14949417,126.9175339,,한전주,062-608-2894,광주광역시 동구청,2025-12-23
금남로2가006,1,,광주광역시 동구 금남로2가 2-4,35.14952469,126.917311,,전용주,062-608-2894,광주광역시 동구청,2025-12-23
금남로2가007,1,,광주광역시 동구 금남로2가 3,35.14931488,126.9172377,,전용주,062-608-2894,광주광역시 동구청,2025-12-23
금남로2가008,1,,광주광역시 동구 금남로2가 22-2,35.14841073,126.9171259,,전용주,062-608-2894,광주광역시 동구청,2025-12-23
금남로2가009,1,,광주광역시 동구 금남로2가 22-2,35.14841073,126.917160,,전용주,062-608-2894,광주광역시 동구청,2025-12-23
금남로2가010,1,,광주광역시 동구 금남로2가 31,35.14857589,126.9170151,,전용주,062-608-2894,광주광역시 동구청,2025-12-23
금남로2가011,1,,광주광역시 동구 금남로2가 31,35.1485672,126.9170479,,전용주,062-608-2894,광주광역시 동구청,2025-12-23
금남로2가012,1,,광주광역시 동구 금남로2가 31,35.14850235,126.9170479,,전용주,062-608-2894,광주광역시 동구청,2025-12-23
금남로2가013,1,,광주광역시 동구 금남로2가 22-2,35.14842606,126.9171259,,전용주,062-608-2894,광주광역시 동구청,2025-12-23
금남로2가014,1,,광주광역시 동구 금남로2가 22-2,35.1484108,126.9171259,,전용주,062-608-2894,광주광역시 동구청,2025-12-23
금남로2가015,1,,광주광역시 동구 금남로2가 32-14,35.14838791,126.9169846,,전용주,062-608-2894,광주광역시 동구청,2025-12-23
금남로2가016,1,,광주광역시 동구 금남로2가 32-21,35.14826735,126.9169235,,전용주,062-608-2894,광주광역시 동구청,2025-12-23
금남로2가018,1,,광주광역시 동구 금남로2가 7-1,35.14905352,126.9177352,,전용주,062-608-2894,광주광역시 동구청,2025-12-23
금남로2가019,0,,광주광역시 동구 금남로2가 10,35.148934,126.9179332,,전용주,062-608-2894,광주광역시 동구청,2025-12-23
금남로3가001,1,,광주광역시 동구 금남로3가 38,35.14888583,126.9163266,,전용주,062-608-2894,광주광역시 동구청,2025-12-23
금남로3가002,1,,광주광역시 동구 금남로3가 1-18,35.15045348,126.917133,,전용주,062-608-2894,광주광역시 동구청,2025-12-23
금남로3가003,1,,광주광역시 동구 금남로3가 3-7,35.1497612,126.9170066,,전용주,062-608-2894,광주광역시 동구청,2025-12-23
금남로3가004,1,,광주광역시 동구 금남로3가 3-7,35.14976476,126.9170914,,전용주,062-608-2894,광주광역시 동구청,2025-12-23
금남로3가005,1,,광주광역시 동구 금남로3가 3-7,35.14976476,126.9170066,,한전주,062-608-2894,광주광역시 동구청,2025-12-23
금남로3가006,1,,광주광역시 동구 금남로3가 1-24,35.15015411,126.9165723,,한전주,062-608-2894,광주광역시 동구청,2025-12-23
금남로3가007,1,,광주광역시 동구 금남로3가 2-5,35.15013434,126.9159907,,전용주,062-608-2894,광주광역시 동구청,2025-12-23
금남로3가008,1,,광주광역시 동구 금남로3가 2-6,35.15003204,126.9164673,,전용주,062-608-2894,광주광역시 동구청,2025-12-23
금남로3가009,1,,광주광역시 동구 금남로3가 1-10,35.1505594,126.9162545,,한전주,062-608-2894,광주광역시 동구청,2025-12-23
금남로3가010,1,,광주광역시 동구 금남로3가 38,35.14888583,126.9163266,,전용주,062-608-2894,광주광역시 동구청,2025-12-23
금남로3가011,1,,광주광역시 동구 금남로3가 12,35.14932251,126.9158783,,전용주,062-608-2894,광주광역시 동구청,2025-12-23
금남로3가012,1,,광주광역시 동구 금남로3가 12-8,35.149206,126.9159544,,전용주,062-608-2894,광주광역시 동구청,2025-12-23
금남로3가013,1,,광주광역시 동구 금남로3가 12-5,35.14913641,126.9163377,,전용주,062-608-2894,광주광역시 동구청,2025-12-23
금남로4가001,1,,광주광역시 동구 금남로4가 53,35.15113547,126.9162903,,전용주,062-608-2894,광주광역시 동구청,2025-12-23
금남로4가002,1,,광주광역시 동구 금남로4가 45-2,35.15150701,126.9159769,,한전주,062-608-2894,광주광역시 동구청,2025-12-23
금남로4가003,1,,광주광역시 동구 금남로4가 41-4,35.15164499,126.9154298,,한전주,062-608-2894,광주광역시 동구청,2025-12-23
금남로4가004,1,,광주광역시 동구 금남로4가 41-2,35.15177391,126.9151999627,,한전주,062-608-2894,광주광역시 동구청,2025-12-23
금남로4가005,1,,광주광역시 동구 금남로4가 212,35.15200043,126.9151764,,전용주,062-608-2894,광주광역시 동구청,2025-12-23
금남로4가006,1,,광주광역시 동구 금남로4가 212,35.15177917,126.9149017,,전용주,062-608-2894,광주광역시 동구청,2025-12-23
금남로4가007,1,,광주광역시 동구 금남로4가 169,35.15158463,126.9146805,,전용주,062-608-2894,광주광역시 동구청,2025-12-23
금남로4가008,1,,광주광역시 동구 금남로4가 168,35.15143204,126.9144897,,전용주,062-608-2894,광주광역시 동구청,2025-12-23
금남로4가009,1,,광주광역시 동구 금남로4가 9-1,35.15112237,126.9143295,,전용주,062-608-2894,광주광역시 동구청,2025-12-23
금남로4가010,1,,광주광역시 동구 금남로4가 27-1,35.15065384,126.9156468,,한전주,062-608-2894,광주광역시 동구청,2025-12-23
금남로4가011,1,,광주광역시 동구 금남로4가 51,35.15084465,126.9159146,,한전주,062-608-2894,광주광역시 동구청,2025-12-23
금남로4가012,1,,광주광역시 동구 금남로4가 21-15,35.15092109,126.9154001,,한전주,062-608-2894,광주광역시 동구청,2025-12-23
금남로4가013,1,,광주광역시 동구 금남로4가 39-6,35.15140923,126.9152278,,건축물,062-608-2894,광주광역시 동구청,2025-12-23
금남로5가001,1,,광주광역시 동구 금남로5가 135-1,35.15073395,126.9135971,,전용주,062-608-2894,광주광역시 동구청,2025-12-23
금남로5가002,1,,광주광역시 동구 금남로5가 115-5,35.15195886,126.9120381,,한전주,062-608-2894,광주광역시 동구청,2025-12-23
금남로5가003,1,,광주광역시 동구 금남로5가 116-6,35.15193176,126.9116058,,전용주,062-608-2894,광주광역시 동구청,2025-12-23
금남로5가004,1,,광주광역시 동구 금남로5가 62-20,35.15200146,126.9114761,,건축물,062-608-2894,광주광역시 동구청,2025-12-23
금남로5가005,1,,광주광역시 동구 금남로5가 62-2,35.15246201,126.9115391,,전용주,062-608-2894,광주광역시 동구청,2025-12-23
금남로5가006,1,,광주광역시 동구 금남로5가 62-11,35.15228164,126.9114148,,전용주,062-608-2894,광주광역시 동구청,2025-12-23
금남로5가007,1,,광주광역시 동구 금남로5가 61-4,35.15263748,126.9110641,,전용주,062-608-2894,광주광역시 동구청,2025-12-23
금남로5가008,1,,광주광역시 동구 금남로5가 61-8,35.15244293,126.9109783,,전용주,062-608-2894,광주광역시 동구청,2025-12-23
금남로5가009,1,,광주광역시 동구 금남로5가 59,35.15260431,126.9104114,,전용주,062-608-2894,광주광역시 동구청,2025-12-23
금남로5가011,1,,광주광역시 동구 금남로5가 11,35.1538113,126.9117307,,전용주,062-608-2894,광주광역시 동구청,2025-12-23
금남로5가012,1,,광주광역시 동구 금남로5가 271,35.15336975,126.9110703,,한전주,062-608-2894,광주광역시 동구청,2025-12-23
금남로5가013,1,,광주광역시 동구 금남로5가 5-16,35.15414429,126.9111481,,한전주,062-608-2894,광주광역시 동구청,2025-12-23
금남로5가014,1,,광주광역시 동구 금남로5가 1-18,35.15450959,126.9113763,,건축물,062-608-2894,광주광역시 동구청,2025-12-23
금남로5가015,1,,광주광역시 동구 금남로5가 1-24,35.1544075,126.9115143,,한전주,062-608-2894,광주광역시 동구청,2025-12-23
금남로5가016,1,,광주광역시 동구 금남로5가 1-5,35.15382327,126.9120826,,전용주,062-608-2894,광주광역시 동구청,2025-12-23
금남로5가017,1,,광주광역시 동구 금남로5가 1-16,35.15357208,126.9120865,,한전주,062-608-2894,광주광역시 동구청,2025-12-23
금남로5가018,1,,광주광역시 동구 금남로5가 29-1,35.15329361,126.9117661,,전용주,062-608-2894,광주광역시 동구청,2025-12-23
금남로5가019,1,,광주광역시 동구 금남로5가 21,35.15298462,126.9115372,,전용주,062-608-2894,광주광역시 동구청,2025-12-23
금남로5가020,1,,광주광역시 동구 금남로5가 66-1,35.15279999,126.9117432,,전용주,062-608-2894,광주광역시 동구청,2025-12-23
금남로5가021,1,,광주광역시 동구 금남로5가 73-1,35.15303351,126.9122284,,전용주,062-608-2894,광주광역시 동구청,2025-12-23
금남로5가022,1,,광주광역시 동구 금남로5가 73-8,35.15311093,126.912056,,건축물,062-608-2894,광주광역시 동구청,2025-12-23
금남로5가023,1,,광주광역시 동구 금남로5가 75-4,35.15321732,126.9122463,,전용주,062-608-2894,광주광역시 동구청,2025-12-23
금남로5가024,1,,광주광역시 동구 금남로5가 15,35.15330202,126.9119674,,한전주,062-608-2894,광주광역시 동구청,2025-12-23
금남로5가025,1,,광주광역시 동구 금남로5가 73-14,35.15304947,126.9123993,,한전주,062-608-2894,광주광역시 동구청,2025-12-23
금남로5가026,1,,광주광역시 동구 금남로5가 77-5,35.15316772,126.9125973,,전용주,062-608-2894,광주광역시 동구청,2025-12-23
금남로5가027,1,,광주광역시 동구 금남로5가 78,35.15299988,126.9127808,,전용주,062-608-2894,광주광역시 동구청,2025-12-23
금남로5가028,1,,광주광역시 동구 금남로5가 271-17,35.15317535,126.9129868,,전용주,062-608-2894,광주광역시 동구청,2025-12-23
금남로5가029,1,,광주광역시 동구 금남로5가 89-3,35.15291977,126.9136603,,전용주,062-608-2894,광주광역시 동구청,2025-12-23
금남로5가030,1,,광주광역시 동구 금남로5가 74-5,35.15379333,126.9125061,,전용주,062-608-2894,광주광역시 동구청,2025-12-23
금남로5가031,1,,광주광역시 동구 금남로5가 99-4,35.15278625,126.9125443,,전용주,062-608-2894,광주광역시 동구청,2025-12-23
금남로5가032,1,,광주광역시 동구 금남로5가 102,35.15266437,126.912796,,한전주,062-608-2894,광주광역시 동구청,2025-12-23
금남로5가033,1,,광주광역시 동구 금남로5가 101,35.15255745,126.9129562,,한전주,062-608-2894,광주광역시 동구청,2025-12-23
금남로5가034,1,,광주광역시 동구 금남로5가 15-2,35.15250662,126.9133903,,한전주,062-608-2894,광주광역시 동구청,2025-12-23
금남로5가035,1,,광주광역시 동구 금남로5가 186,35.15276187,126.9140313,,한전주,062-608-2894,광주광역시 동구청,2025-12-23
금남로5가036,1,,광주광역시 동구 금남로5가 187-3,35.15257117,126.9139414,,한전주,062-608-2894,광주광역시 동구청,2025-12-23
금남로5가037,1,,광주광역시 동구 금남로5가 183-2,35.15248871,126.9143043,,한전주,062-608-2894,광주광역시 동구청,2025-12-23
금남로5가038,1,,광주광역시 동구 금남로5가 212,35.15188336,126.9140832,,한전주,062-608-2894,광주광역시 동구청,2025-12-23
금남로5가039,1,,광주광역시 동구 금남로5가 212,35.15188336,126.9140832,,한전주,062-608-2894,광주광역시 동구청,2025-12-23
금남로5가040,1,,광주광역시 동구 금남로5가 273,35.15144843,126.913813,,전용주,062-608-2894,광주광역시 동구청,2025-12-23
금남로5가041,1,,광주광역시 동구 금남로5가 177,35.1521357,126.913353,,한전주,062-608-2894,광주광역시 동구청,2025-12-23
금동001,1,,광주광역시 동구 금동 47-7,35.14418056,126.9157037,,한전주,062-608-2894,광주광역시 동구청,2025-12-23
금동002,1,,광주광역시 동구 금동 34-5,35.14437646,126.9160098,,한전주,062-608-2894,광주광역시 동구청,2025-12-23
금동003,1,,광주광역시 동구 금동 32-7,35.14464569,126.9163284,,한전주,062-608-2894,광주광역시 동구청,2025-12-23
금동004,1,,광주광역시 동구 금동 30-10,35.14488641,126.916738,,한전주,062-608-2894,광주광역시 동구청,2025-12-23
금동005,1,,광주광역시 동구 금동 35-1,35.14488641,126.9167404,,건축물,062-608-2894,광주광역시 동구청,2025-12-23
금동006,1,,광주광역시 동구 금동 35-4,35.14451218,126.9169307,,전용주,062-608-2894,광주광역시 동구청,2025-12-23
금동007,1,,광주광역시 동구 금동 30-24,35.14491653,126.916748,,한전주,062-608-2894,광주광역시 동구청,2025-12-23
금동008,1,,광주광역시 동구 금동 24,35.14485931,126.9172954,,전용주,062-608-2894,광주광역시 동구청,2025-12-23
금동009,1,,광주광역시 동구 금동 6,35.1449898,126.9179375,,전용주,062-608-2894,광주광역시 동구청,2025-12-23
금동010,1,,광주광역시 동구 금동 8-19,35.14431037,126.9180894,,한전주,062-608-2894,광주광역시 동구청,2025-12-23
금동011,1,,광주광역시 동구 금동 8-14,35.14457703,126.9179688,,전용주,062-608-2894,광주광역시 동구청,2025-12-23
금동012,1,,광주광역시 동구 금동 8,35.14483404,126.9180374,,전용주,062-608-2894,광주광역시 동구청,2025-12-23
금동013,1,,광주광역시 동구 금동 8-11,35.14444911,126.9178488,,전용주,062-608-2894,광주광역시 동구청,2025-12-23
금동014,1,,광주광역시 동구 금동 20-2,35.14441681,126.917610,,한전주,062-608-2894,광주광역시 동구청,2025-12-23
금동015,1,,광주광역시 동구 금동 100-9,35.14399719,126.9179077,,전용주,062-608-2894,광주광역시 동구청,2025-12-23
금동016,1,,광주광역시 동구 금동 110-1,35.14427567,126.9186117,,전용주,062-608-2894,광주광역시 동구청,2025-12-23
금동017,1,,광주광역시 동구 금동 110,35.14415382,126.9185791,,전용주,062-608-2894,광주광역시 동구청,2025-12-23
금동018,1,,광주광역시 동구 금동 116,35.14392853,126.9187941,,전용주,062-608-2894,광주광역시 동구청,2025-12-23
금동019,1,,광주광역시 동구 금동 117-3,35.14378357,126.9189835,,전용주,062-608-2894,광주광역시 동구청,2025-12-23
금동020,1,,광주광역시 동구 금동 117-2,35.14367676,126.9190598,,전용주,062-608-2894,광주광역시 동구청,2025-12-23
금동021,1,,광주광역시 동구 금동 118,35.14352798,126.9190337,,전용주,062-608-2894,광주광역시 동구청,2025-12-23
금동022,1,,광주광역시 동구 금동 120-3,35.14324951,126.9192085,,전용주,062-608-2894,광주광역시 동구청,2025-12-23
금동023,1,,광주광역시 동구 금동 162-2,35.14305911,126.9191835,,전용주,062-608-2894,광주광역시 동구청,2025-12-23
금동024,1,,광주광역시 동구 금동 160-1,35.14296341,126.9188662,,건축물,062-608-2894,광주광역시 동구청,2025-12-23
금동025,1,,광주광역시 동구 금동 166,35.14316559,126.9195993,,한전주,062-608-2894,광주광역시 동구청,2025-12-23
금동026,1,,광주광역시 동구 금동 168-1,35.14287984,126.9197769,,전용주,062-608-2894,광주광역시 동구청,2025-12-23
금동027,1,,광주광역시 동구 금동 168-1,35.14287984,126.9197083,,한전주,062-608-2894,광주광역시 동구청,2025-12-23
금동028,1,,광주광역시 동구 금동 173-2,35.14250183,126.9195408,,한전주,062-608-2894,광주광역시 동구청,2025-12-23
금동029,1,,광주광역시 동구 금동 186-3,35.14226151,126.9191009,,한전주,062-608-2894,광주광역시 동구청,2025-12-23
금동030,1,,광주광역시 동구 금동 187,35.14239014,126.9192028,,전용주,062-608-2894,광주광역시 동구청,2025-12-23
금동031,1,,광주광역시 동구 금동 192-2,35.14231491,126.9187546,,전용주,062-608-2894,광주광역시 동구청,2025-12-23
금동032,1,,광주광역시 동구 금동 201-1,35.14222717,126.9184875,,전용주,062-608-2894,광주광역시 동구청,2025-12-23
금동033,1,,광주광역시 동구 금동 202-8,35.14233398,126.9184189,,전용주,062-608-2894,광주광역시 동구청,2025-12-23
금동034,1,,광주광역시 동구 금동 217-3,35.14206963,126.9182852,,전용주,062-608-2894,광주광역시 동구청,2025-12-23
금동035,1,,광주광역시 동구 금동 215-2,35.14204407,126.918190,,전용주,062-608-2894,광주광역시 동구청,2025-12-23
금동036,1,,광주광역시 동구 금동 201-4,35.14201748,126.9183578,,전용주,062-608-2894,광주광역시 동구청,2025-12-23
금동037,1,,광주광역시 동구 금동 215-1,35.14219666,126.9181097,,전용주,062-608-2894,광주광역시 동구청,2025-12-23
금동038,1,,광주광역시 동구 금동 207,35.14228818,126.9181135,,전용주,062-608-2894,광주광역시 동구청,2025-12-23
금동039,1,,광주광역시 동구 금동 190-2,35.14260483,126.9186565,,한전주,062-608-2894,광주광역시 동구청,2025-12-23
금동040,1,,광주광역시 동구 금동 191-4,35.14251709,126.918541,,전용주,062-608-2894,광주광역시 동구청,2025-12-23
금동041,1,,광주광역시 동구 금동 188-7,35.14273071,126.9190096,,전용주,062-608-2894,광주광역시 동구청,2025-12-23
금동042,1,,광주광역시 동구 금동 188-9,35.14284134,126.9190724,,전용주,062-608-2894,광주광역시 동구청,2025-12-23
금동043,1,,광주광역시 동구 금동 193-3,35.14213116,126.9189064,,전용주,062-608-2894,광주광역시 동구청,2025-12-23
금동044,1,,광주광역시 동구 금동 150-3,35.1427536,126.9182862,,전용주,062-608-2894,광주광역시 동구청,2025-12-23
금동045,1,,광주광역시 동구 금동 203-3,35.14264297,126.9183411,,전용주,062-608-2894,광주광역시 동구청,2025-12-23
금동046,1,,광주광역시 동구 금동 149-4,35.14273453,126.918190,,건축물,062-608-2894,광주광역시 동구청,2025-12-23
금동047,1,,광주광역시 동구 금동 151-2,35.14285278,126.918129,,전용주,062-608-2894,광주광역시 동구청,2025-12-23
금동048,1,,광주광역시 동구 금동 149-5,35.14267824,126.9180222,,전용주,062-608-2894,광주광역시 동구청,2025-12-23
금동049,1,,광주광역시 동구 금동 210,35.14241791,126.9177966,,한전주,062-608-2894,광주광역시 동구청,2025-12-23
금동050,1,,광주광역시 동구 금동 147-31,35.14268875,126.9177856,,한전주,062-608-2894,광주광역시 동구청,2025-12-23
금동051,1,,광주광역시 동구 금동 147-3,35.14295025,126.9177477,,한전주,062-608-2894,광주광역시 동구청,2025-12-23
금동052,1,,광주광역시 동구 금동 140-1,35.14319992,126.9174042,,한전주,062-608-2894,광주광역시 동구청,2025-12-23
금동053,1,,광주광역시 동구 금동 95-3,35.14331818,126.9173203,,건축물,062-608-2894,광주광역시 동구청,2025-12-23
금동054,1,,광주광역시 동구 금동 140,35.1432724,126.9175873,,한전주,062-608-2894,광주광역시 동구청,2025-12-23
금동055,1,,광주광역시 동구 금동 98-15,35.14345932,126.9178085,,한전주,062-608-2894,광주광역시 동구청,2025-12-23
금동056,1,,광주광역시 동구 금동 98-3,35.14365538,126.9178629,,한전주,062-608-2894,광주광역시 동구청,2025-12-23
금동057,1,,광주광역시 동구 금동 93-2,35.14361572,126.9177163,,전용주,062-608-2894,광주광역시 동구청,2025-12-23
금동058,1,,광주광역시 동구 금동 90-3,35.14366531,126.9172638,,한전주,062-608-2894,광주광역시 동구청,2025-12-23
금동059,1,,광주광역시 동구 금동 98-3,35.14365538,126.9178314,,한전주,062-608-2894,광주광역시 동구청,2025-12-23
금동060,1,,광주광역시 동구 금동 100-2,35.14395523,126.9179206,,전용주,062-608-2894,광주광역시 동구청,2025-12-23
금동061,1,,광주광역시 동구 금동 98-11,35.14353044,126.918113,,전용주,062-608-2894,광주광역시 동구청,2025-12-23
금동063,1,,광주광역시 동구 금동 126,35.14327877,126.9186417,,전용주,062-608-2894,광주광역시 동구청,2025-12-23
금동064,1,,광주광역시 동구 금동 155-2,35.14304523,126.9183797,,건축물,062-608-2894,광주광역시 동구청,2025-12-23
금동065,1,,광주광역시 동구 금동 133-6,35.14356179,126.9186238,,전용주,062-608-2894,광주광역시 동구청,2025-12-23
금동066,1,,광주광역시 동구 금동 16,35.14423818,126.9175644,,전용주,062-608-2894,광주광역시 동구청,2025-12-23
금동067,1,,광주광역시 동구 금동 17-2,35.14405441,126.9174259,,전용주,062-608-2894,광주광역시 동구청,2025-12-23
금동068,1,,광주광역시 동구 금동 19-3,35.14420468,126.9170695,,한전주,062-608-2894,광주광역시 동구청,2025-12-23
금동069,1,,광주광역시 동구 금동 37-4,35.14400692,126.9168777,,한전주,062-608-2894,광주광역시 동구청,2025-12-23
금동070,1,,광주광역시 동구 금동 37-4,35.14400692,126.916821,,한전주,062-608-2894,광주광역시 동구청,2025-12-23
금동071,1,,광주광역시 동구 금동 90-1,35.14374924,126.9172242,,전용주,062-608-2894,광주광역시 동구청,2025-12-23
금동072,1,,광주광역시 동구 금동 39-4,35.14422743,126.9166184,,한전주,062-608-2894,광주광역시 동구청,2025-12-23
금동073,1,,광주광역시 동구 금동 39-4,35.14423752,126.9166184,,한전주,062-608-2894,광주광역시 동구청,2025-12-23
금동074,1,,광주광역시 동구 금동 41,35.14419556,126.9162576,,전용주,062-608-2894,광주광역시 동구청,2025-12-23
금동075,1,,광주광역시 동구 금동 34-12,35.14417881,126.9160398,,전용주,062-608-2894,광주광역시 동구청,2025-12-23
금동076,1,,광주광역시 동구 금동 44-1,35.14382553,126.9160747,,한전주,062-608-2894,광주광역시 동구청,2025-12-23
금동077,1,,광주광역시 동구 금동 79,35.14382935,126.9164276,,건축물,062-608-2894,광주광역시 동구청,2025-12-23
금동078,1,,광주광역시 동구 금동 57,35.14359077,126.9157896,,한전주,062-608-2894,광주광역시 동구청,2025-12-23
금동079,1,,광주광역시 동구 금동 44-2,35.14378738,126.9159164,,건축물,062-608-2894,광주광역시 동구청,2025-12-23
금동080,1,,광주광역시 동구 금동 57-14,35.14359665,126.9159795,,한전주,062-608-2894,광주광역시 동구청,2025-12-23
금동081,1,,광주광역시 동구 금동 76,35.14360809,126.9162216,,한전주,062-608-2894,광주광역시 동구청,2025-12-23
금동082,1,,광주광역시 동구 금동 57-26,35.14347839,126.9164281,,전용주,062-608-2894,광주광역시 동구청,2025-12-23
금동083,1,,광주광역시 동구 금동 76,35.14360809,126.9162831,,전용주,062-608-2894,광주광역시 동구청,2025-12-23
금동084,1,,광주광역시 동구 금동 57-27,35.14346313,126.9165039,,한전주,062-608-2894,광주광역시 동구청,2025-12-23
금동085,1,,광주광역시 동구 금동 73-1,35.1434288,126.9166946,,건축물,062-608-2894,광주광역시 동구청,2025-12-23
금동086,1,,광주광역시 동구 금동 57-33,35.14323044,126.9167175,,한전주,062-608-2894,광주광역시 동구청,2025-12-23
금동087,1,,광주광역시 동구 금동 53-11,35.14313889,126.9165573,,한전주,062-608-2894,광주광역시 동구청,2025-12-23
금동088,1,,광주광역시 동구 금동 54-1,35.14315796,126.916391,,전용주,062-608-2894,광주광역시 동구청,2025-12-23
금동089,1,,광주광역시 동구 금동 54-2,35.14287227,126.9166653,,전용주,062-608-2894,광주광역시 동구청,2025-12-23
금동090,1,,광주광역시 동구 금동 53-25,35.14295959,126.9168471,,전용주,062-608-2894,광주광역시 동구청,2025-12-23
금동091,1,,광주광역시 동구 금동 64,35.1432991,126.9169383,,한전주,062-608-2894,광주광역시 동구청,2025-12-23
금동092,1,,광주광역시 동구 금동 62,35.14341354,126.9171085,,한전주,062-608-2894,광주광역시 동구청,2025-12-23
금동093,1,,광주광역시 동구 금동 82-4,35.14364209,126.9171219,,전용주,062-608-2894,광주광역시 동구청,2025-12-23
금동094,1,,광주광역시 동구 금동 57-36,35.14313507,126.9169846,,한전주,062-608-2894,광주광역시 동구청,2025-12-23
금동095,1,,광주광역시 동구 금동 57-41,35.14302826,126.9171829,,한전주,062-608-2894,광주광역시 동구청,2025-12-23
금동096,1,,광주광역시 동구 금동 57-36,35.14312287,126.916954,,건축물,062-608-2894,광주광역시 동구청,2025-12-23
금동097,1,,광주광역시 동구 금동 145-1,35.14284515,126.9172134,,한전주,062-608-2894,광주광역시 동구청,2025-12-23
금동098,1,,광주광역시 동구 금동 56-4,35.14270782,126.9171168,,한전주,062-608-2894,광주광역시 동구청,2025-12-23
금동099,1,,광주광역시 동구 금동 54-22,35.14254761,126.9172592,,한전주,062-608-2894,광주광역시 동구청,2025-12-23
금동100,1,,광주광역시 동구 금동 210,35.14245987,126.9177966,,전용주,062-608-2894,광주광역시 동구청,2025-12-23
금동101,1,,광주광역시 동구 금동 211-3,35.14229202,126.9177475,,한전주,062-608-2894,광주광역시 동구청,2025-12-23
금동102,1,,광주광역시 동구 금동 215-12,35.14216614,126.9179688,,전용주,062-608-2894,광주광역시 동구청,2025-12-23
금동103,1,,광주광역시 동구 금동 211-25,35.14197922,126.9177284,,건축물,062-608-2894,광주광역시 동구청,2025-12-23
금동104,1,,광주광역시 동구 금동 211-20,35.14200183,126.9179937,,전용주,062-608-2894,광주광역시 동구청,2025-12-23
금동105,1,,광주광역시 동구 금동 211-11,35.1422504,126.9174316,,한전주,062-608-2894,광주광역시 동구청,2025-12-23
금동106,1,,광주광역시 동구 금동 55-8,35.14280319,126.916893,,전용주,062-608-2894,광주광역시 동구청,2025-12-23
금동107,1,,광주광역시 동구 금동 225,35.14253177,126.916782,,전용주,062-608-2894,광주광역시 동구청,2025-12-23
금동108,1,,광주광역시 동구 금동 224,35.14381157,126.9189731,,전용주,062-608-2894,광주광역시 동구청,2025-12-23
금동109,0,,광주광역시 동구 금동 224-17,35.14344691,126.917818,,전용주,062-608-2894,광주광역시 동구청,2025-12-23
금동112,1,,광주광역시 동구 금동 15-2,35.1442135,126.9177302,,전용주,062-608-2894,광주광역시 동구청,2025-12-23
금동113,1,,광주광역시 동구 금동 20-4,35.14432571,126.9175312,,전용주,062-608-2894,광주광역시 동구청,2025-12-23
금동114,1,,광주광역시 동구 금동 21-3,35.14463656,126.9172351,,전용주,062-608-2894,광주광역시 동구청,2025-12-23
남동001,1,,광주광역시 동구 남동 64,35.14398379,126.9216385,,전용주,062-608-2894,광주광역시 동구청,2025-12-23
남동002,1,,광주광역시 동구 남동 66-1,35.14356232,126.9215547,,한전주,062-608-2894,광주광역시 동구청,2025-12-23
남동003,1,,광주광역시 동구 남동 85,35.14350812,126.9212975,,한전주,062-608-2894,광주광역시 동구청,2025-12-23
남동004,1,,광주광역시 동구 남동 86-2,35.14362008,126.9211774,,전용주,062-608-2894,광주광역시 동구청,2025-12-23
남동005,1,,광주광역시 동구 남동 81-1,35.14339683,126.9216309,,전용주,062-608-2894,광주광역시 동구청,2025-12-23
남동006,1,,광주광역시 동구 남동 80-3,35.14318198,126.9212482,,전용주,062-608-2894,광주광역시 동구청,2025-12-23
남동007,1,,광주광역시 동구 남동 70-9,35.14287642,126.921250,,전용주,062-608-2894,광주광역시 동구청,2025-12-23
남동008,1,,광주광역시 동구 남동 71-3,35.14272646,126.9208867,,한전주,062-608-2894,광주광역시 동구청,2025-12-23
남동009,1,,광주광역시 동구 남동 70-3,35.14303486,126.9213595,,한전주,062-608-2894,광주광역시 동구청,2025-12-23
남동010,1,,광주광역시 동구 남동 54-3,35.14474869,126.9211884,,전용주,062-608-2894,광주광역시 동구청,2025-12-23
남동011,1,,광주광역시 동구 남동 40-4,35.14458084,126.9198904,,전용주,062-608-2894,광주광역시 동구청,2025-12-23
남동012,1,,광주광역시 동구 남동 100-1,35.14416122,126.9200821,,한전주,062-608-2894,광주광역시 동구청,2025-12-23
남동013,1,,광주광역시 동구 남동 55,35.14447635,126.9204559,,한전주,062-608-2894,광주광역시 동구청,2025-12-23
남동014,1,,광주광역시 동구 남동 55,35.14447635,126.9204559,,전용주,062-608-2894,광주광역시 동구청,2025-12-23
남동015,1,,광주광역시 동구 남동 49,35.14454979,126.9202774,,전용주,062-608-2894,광주광역시 동구청,2025-12-23
남동016,1,,광주광역시 동구 남동 47-1,35.14444256,126.9201976,,한전주,062-608-2894,광주광역시 동구청,2025-12-23
남동017,1,,광주광역시 동구 남동 55-1,35.14447635,126.9204561,,한전주,062-608-2894,광주광역시 동구청,2025-12-23
남동018,1,,광주광역시 동구 남동 95-2,35.14408493,126.920535,,건축물,062-608-2894,광주광역시 동구청,2025-12-23
남동019,1,,광주광역시 동구 남동 91,35.14406702,126.920910,,한전주,062-608-2894,광주광역시 동구청,2025-12-23
남동020,1,,광주광역시 동구 남동 90-2,35.14416892,126.921051,,전용주,062-608-2894,광주광역시 동구청,2025-12-23
남동021,1,,광주광역시 동구 남동 185-33,35.14380264,126.9201707,,전용주,062-608-2894,광주광역시 동구청,2025-12-23
남동022,1,,광주광역시 동구 남동 104-11,35.14341273,126.9202194,,한전주,062-608-2894,광주광역시 동구청,2025-12-23
남동023,1,,광주광역시 동구 남동 112-3,35.14348984,126.9207039,,한전주,062-608-2894,광주광역시 동구청,2025-12-23
남동024,1,,광주광역시 동구 남동 104-3,35.14366471,126.9203739,,한전주,062-608-2894,광주광역시 동구청,2025-12-23
남동025,1,,광주광역시 동구 남동 110-1,35.14322281,126.9204711,,한전주,062-608-2894,광주광역시 동구청,2025-12-23
남동026,1,,광주광역시 동구 남동 115-11,35.14307404,126.9205208,,전용주,062-608-2894,광주광역시 동구청,2025-12-23
남동027,1,,광주광역시 동구 남동 122-1,35.14286041,126.9199524,,한전주,062-608-2894,광주광역시 동구청,2025-12-23
남동028,1,,광주광역시 동구 남동 132-6,35.14335251,126.9195786,,전용주,062-608-2894,광주광역시 동구청,2025-12-23
남동029,1,,광주광역시 동구 남동 133-1,35.14345169,126.9195752,,전용주,062-608-2894,광주광역시 동구청,2025-12-23
남동030,1,,광주광역시 동구 남동 135,35.14360428,126.9198231,,한전주,062-608-2894,광주광역시 동구청,2025-12-23
남동031,1,,광주광역시 동구 남동 133,35.14344788,126.9195435,,전용주,062-608-2894,광주광역시 동구청,2025-12-23
남동032,1,,광주광역시 동구 남동 134-4,35.14358902,126.9196167,,전용주,062-608-2894,광주광역시 동구청,2025-12-23
남동033,1,,광주광역시 동구 남동 138,35.14391708,126.9196718,,한전주,062-608-2894,광주광역시 동구청,2025-12-23
남동034,1,,광주광역시 동구 남동 162,35.1441019,126.9193219,,전용주,062-608-2894,광주광역시 동구청,2025-12-23
남동035,1,,광주광역시 동구 남동 163,35.14405441,126.9195081,,한전주,062-608-2894,광주광역시 동구청,2025-12-23
남동036,1,,광주광역시 동구 남동 161,35.14420967,126.919220,,전용주,062-608-2894,광주광역시 동구청,2025-12-23
남동037,1,,광주광역시 동구 남동 152,35.14435196,126.9188332,,전용주,062-608-2894,광주광역시 동구청,2025-12-23
남동038,1,,광주광역시 동구 남동 156-2,35.14440918,126.9191818,,전용주,062-608-2894,광주광역시 동구청,2025-12-23
남동039,1,,광주광역시 동구 남동 174-1,35.14461919,126.9189377,,한전주,062-608-2894,광주광역시 동구청,2025-12-23
남동040,1,,광주광역시 동구 남동 166-3,35.1445961,126.9193198,,건축물,062-608-2894,광주광역시 동구청,2025-12-23
남동041,1,,광주광역시 동구 남동 175-5,35.14447021,126.9187393,,전용주,062-608-2894,광주광역시 동구청,2025-12-23
남동042,1,,광주광역시 동구 남동 175-4,35.14454651,126.9186718,,건축물,062-608-2894,광주광역시 동구청,2025-12-23
남동043,1,,광주광역시 동구 남동 176-2,35.14448178,126.9185638,,한전주,062-608-2894,광주광역시 동구청,2025-12-23
남동044,1,,광주광역시 동구 남동 146-1,35.14408112,126.9188111,,전용주,062-608-2894,광주광역시 동구청,2025-12-23
남동045,1,,광주광역시 동구 남동 176-1,35.14458594,126.9185296,,한전주,062-608-2894,광주광역시 동구청,2025-12-23
남동046,1,,광주광역시 동구 남동 178-7,35.14482117,126.9184067,,전용주,062-608-2894,광주광역시 동구청,2025-12-23
남동047,1,,광주광역시 동구 남동 181,35.14500427,126.9181366,,전용주,062-608-2894,광주광역시 동구청,2025-12-23
남동048,1,,광주광역시 동구 남동 167-6,35.14462662,126.9190216,,전용주,062-608-2894,광주광역시 동구청,2025-12-23
남동049,1,,광주광역시 동구 남동 168-9,35.14493563,126.9189911,,한전주,062-608-2894,광주광역시 동구청,2025-12-23
남동050,1,,광주광역시 동구 남동 185-23,35.14498901,126.9189058,,전용주,062-608-2894,광주광역시 동구청,2025-12-23
남동051,1,,광주광역시 동구 남동 169-2,35.14546204,126.9188062,,전용주,062-608-2894,광주광역시 동구청,2025-12-23
남동053,1,,광주광역시 동구 남동 179-1,35.14528933,126.9184723,,전용주,062-608-2894,광주광역시 동구청,2025-12-23
남동054,1,,광주광역시 동구 남동 185,35.14392592,126.9193852,,전용주,062-608-2894,광주광역시 동구청,2025-12-23
남동055,1,,광주광역시 동구 남동 184-1,35.14338332,126.920639,,전용주,062-608-2894,광주광역시 동구청,2025-12-23
내남동001,1,,광주광역시 동구 내남동 318,35.09624735,126.9400711,,한전주,062-608-2894,광주광역시 동구청,2025-12-23
내남동002,1,,광주광역시 동구 내남동 855-13,35.09612656,126.9390259,,한전주,062-608-2894,광주광역시 동구청,2025-12-23
내남동003,1,,광주광역시 동구 내남동 328,35.09641495,126.938942,,한전주,062-608-2894,광주광역시 동구청,2025-12-23
내남동004,1,,광주광역시 동구 내남동 332,35.09715648,126.9393336,,한전주,062-608-2894,광주광역시 동구청,2025-12-23
내남동005,1,,광주광역시 동구 내남동 857-79,35.09697723,126.9387665,,한전주,062-608-2894,광주광역시 동구청,2025-12-23
내남동006,1,,광주광역시 동구 내남동 857-59,35.09727478,126.9385986,,한전주,062-608-2894,광주광역시 동구청,2025-12-23
내남동007,1,,광주광역시 동구 내남동 867,35.09759903,126.9385147,,한전주,062-608-2894,광주광역시 동구청,2025-12-23
내남동008,1,,광주광역시 동구 내남동 352-2,35.09883707,126.9379196,,한전주,062-608-2894,광주광역시 동구청,2025-12-23
내남동009,1,,광주광역시 동구 내남동 352-3,35.09883881,126.9379272,,한전주,062-608-2894,광주광역시 동구청,2025-12-23
내남동010,1,,광주광역시 동구 내남동 352-3,35.09880902,126.9379265,,전용주,062-608-2894,광주광역시 동구청,2025-12-23
내남동011,1,,광주광역시 동구 내남동 353-2,35.09952072,126.9377823,,한전주,062-608-2894,광주광역시 동구청,2025-12-23
내남동012,1,,광주광역시 동구 내남동 868,35.0979254,126.9365475,,한전주,062-608-2894,광주광역시 동구청,2025-12-23
내남동013,1,,광주광역시 동구 내남동 349-5,35.098046,126.9367797,,한전주,062-608-2894,광주광역시 동구청,2025-12-23
내남동014,1,,광주광역시 동구 내남동 349-1,35.0980661,126.9362162,,한전주,062-608-2894,광주광역시 동구청,2025-12-23
내남동015,1,,광주광역시 동구 내남동 349-4,35.09800787,126.935892,,한전주,062-608-2894,광주광역시 동구청,2025-12-23
내남동016,1,,광주광역시 동구 내남동 349-9,35.09763718,126.9356766,,한전주,062-608-2894,광주광역시 동구청,2025-12-23
내남동017,1,,광주광역시 동구 내남동 349-8,35.09744644,126.935372,,한전주,062-608-2894,광주광역시 동구청,2025-12-23
내남동018,1,,광주광역시 동구 내남동 393-3,35.09735819,126.9349396,,한전주,062-608-2894,광주광역시 동구청,2025-12-23
내남동019,1,,광주광역시 동구 내남동 348,35.09763481,126.9349167,,한전주,062-608-2894,광주광역시 동구청,2025-12-23
내남동020,1,,광주광역시 동구 내남동 391-1,35.09766636,126.9340265,,한전주,062-608-2894,광주광역시 동구청,2025-12-23
내남동021,1,,광주광역시 동구 내남동 391-1,35.09766636,126.9340265,,한전주,062-608-2894,광주광역시 동구청,2025-12-23
내남동022,1,,광주광역시 동구 내남동 390,35.09768755,126.9327821,,한전주,062-608-2894,광주광역시 동구청,2025-12-23
내남동023,1,,광주광역시 동구 내남동 390,35.09768755,126.9327316,,한전주,062-608-2894,광주광역시 동구청,2025-12-23
내남동024,1,,광주광역시 동구 내남동 390-1,35.09771544,126.9324265,,한전주,062-608-2894,광주광역시 동구청,2025-12-23
내남동025,1,,광주광역시 동구 내남동 386,35.09770627,126.9320879,,한전주,062-608-2894,광주광역시 동구청,2025-12-23
내남동026,1,,광주광역시 동구 내남동 399-1,35.09726387,126.9318848,,한전주,062-608-2894,광주광역시 동구청,2025-12-23
내남동027,1,,광주광역시 동구 내남동 400,35.09716586,126.9315769,,한전주,062-608-2894,광주광역시 동구청,2025-12-23
내남동028,1,,광주광역시 동구 내남동 409-1,35.09683829,126.9319983,,한전주,062-608-2894,광주광역시 동구청,2025-12-23
내남동029,1,,광주광역시 동구 내남동 857-28,35.09347185,126.9392471,,전용주,062-608-2894,광주광역시 동구청,2025-12-23
내남동030,1,,광주광역시 동구 내남동 279,35.09331894,126.9391431,,한전주,062-608-2894,광주광역시 동구청,2025-12-23
내남동031,1,,광주광역시 동구 내남동 857-33,35.09306335,126.9396523,,한전주,062-608-2894,광주광역시 동구청,2025-12-23
내남동032,1,,광주광역시 동구 내남동 50-5,35.0932045,126.9399796,,한전주,062-608-2894,광주광역시 동구청,2025-12-23
내남동033,1,,광주광역시 동구 내남동 24,35.09335391,126.9402618,,전용주,062-608-2894,광주광역시 동구청,2025-12-23
내남동034,1,,광주광역시 동구 내남동 28,35.09273777,126.941037,,한전주,062-608-2894,광주광역시 동구청,2025-12-23
내남동035,1,,광주광역시 동구 내남동 299-5,35.09408767,126.9402054,,전용주,062-608-2894,광주광역시 동구청,2025-12-23
내남동036,1,,광주광역시 동구 내남동 17,35.09648934,126.9403963,,한전주,062-608-2894,광주광역시 동구청,2025-12-23
내남동037,1,,광주광역시 동구 내남동 17,35.09648934,126.9403963,,한전주,062-608-2894,광주광역시 동구청,2025-12-23
내남동038,1,,광주광역시 동구 내남동 17,35.09648934,126.9403963,,한전주,062-608-2894,광주광역시 동구청,2025-12-23
내남동039,1,,광주광역시 동구 내남동 산16-1,35.09376574,126.9416158,,한전주,062-608-2894,광주광역시 동구청,2025-12-23
내남동040,1,,광주광역시 동구 내남동 30,35.09295305,126.9417877,,한전주,062-608-2894,광주광역시 동구청,2025-12-23
내남동041,1,,광주광역시 동구 내남동 895,35.0931778,126.9403951,,한전주,062-608-2894,광주광역시 동구청,2025-12-23
내남동042,1,,광주광역시 동구 내남동 895,35.09313693,126.9403951,,한전주,062-608-2894,광주광역시 동구청,2025-12-23
내남동043,1,,광주광역시 동구 내남동 900,35.09262848,126.9407182,,한전주,062-608-2894,광주광역시 동구청,2025-12-23
내남동044,1,,광주광역시 동구 내남동 905,35.0925673,126.940560,,한전주,062-608-2894,광주광역시 동구청,2025-12-23
내남동045,1,,광주광역시 동구 내남동 913,35.09206909,126.9411895,,전용주,062-608-2894,광주광역시 동구청,2025-12-23
내남동046,1,,광주광역시 동구 내남동 905,35.0925673,126.940560,,전용주,062-608-2894,광주광역시 동구청,2025-12-23
내남동047,1,,광주광역시 동구 내남동 898,35.09280457,126.9403229,,전용주,062-608-2894,광주광역시 동구청,2025-12-23
내남동048,1,,광주광역시 동구 내남동 897,35.09294072,126.9400791,,한전주,062-608-2894,광주광역시 동구청,2025-12-23
내남동049,1,,광주광역시 동구 내남동 857-8,35.0928688,126.9398041,,전용주,062-608-2894,광주광역시 동구청,2025-12-23
내남동050,1,,광주광역시 동구 내남동 285-2,35.09235581,126.9393509,,전용주,062-608-2894,광주광역시 동구청,2025-12-23
내남동051,1,,광주광역시 동구 내남동 901,35.09187217,126.9394755,,한전주,062-608-2894,광주광역시 동구청,2025-12-23
내남동052,1,,광주광역시 동구 내남동 284-2,35.0924666,126.9391479,,한전주,062-608-2894,광주광역시 동구청,2025-12-23
내남동053,1,,광주광역시 동구 내남동 283-2,35.09274265,126.9393728,,한전주,062-608-2894,광주광역시 동구청,2025-12-23
내남동054,1,,광주광역시 동구 내남동 288-1,35.0923039,126.9391277,,전용주,062-608-2894,광주광역시 동구청,2025-12-23
내남동055,1,,광주광역시 동구 내남동 248,35.09221029,126.9385506,,한전주,062-608-2894,광주광역시 동구청,2025-12-23
내남동056,1,,광주광역시 동구 내남동 256-1,35.09290695,126.9385004,,한전주,062-608-2894,광주광역시 동구청,2025-12-23
내남동057,1,,광주광역시 동구 내남동 256,35.09283598,126.9384155,,한전주,062-608-2894,광주광역시 동구청,2025-12-23
내남동058,1,,광주광역시 동구 내남동 241-1,35.09204225,126.9386952,,한전주,062-608-2894,광주광역시 동구청,2025-12-23
내남동059,1,,광주광역시 동구 내남동 236,35.09157546,126.9389343,,한전주,062-608-2894,광주광역시 동구청,2025-12-23
내남동060,1,,광주광역시 동구 내남동 235-1,35.09147263,126.9390233,,전용주,062-608-2894,광주광역시 동구청,2025-12-23
내남동061,1,,광주광역시 동구 내남동 230,35.09126282,126.9390668,,전용주,062-608-2894,광주광역시 동구청,2025-12-23
내남동062,1,,광주광역시 동구 내남동 232-1,35.09109467,126.9389041,,한전주,062-608-2894,광주광역시 동구청,2025-12-23
내남동063,1,,광주광역시 동구 내남동 907,35.09197163,126.9409136,,한전주,062-608-2894,광주광역시 동구청,2025-12-23
내남동064,1,,광주광역시 동구 내남동 907,35.09197163,126.9409136,,한전주,062-608-2894,광주광역시 동구청,2025-12-23
내남동065,1,,광주광역시 동구 내남동 919,35.09185936,126.9410022,,한전주,062-608-2894,광주광역시 동구청,2025-12-23
내남동066,1,,광주광역시 동구 내남동 919,35.09189606,126.941040,,한전주,062-608-2894,광주광역시 동구청,2025-12-23
내남동067,1,,광주광역시 동구 내남동 907,35.09197163,126.9409136,,한전주,062-608-2894,광주광역시 동구청,2025-12-23
내남동068,1,,광주광역시 동구 내남동 907,35.09197163,126.9409136,,한전주,062-608-2894,광주광역시 동구청,2025-12-23
내남동069,1,,광주광역시 동구 내남동 99-7,35.08730935,126.9412978,,한전주,062-608-2894,광주광역시 동구청,2025-12-23
내남동070,1,,광주광역시 동구 내남동 99-7,35.08731079,126.9412766,,한전주,062-608-2894,광주광역시 동구청,2025-12-23
내남동071,1,,광주광역시 동구 내남동 99-8,35.08685148,126.9409104,,한전주,062-608-2894,광주광역시 동구청,2025-12-23
내남동072,1,,광주광역시 동구 내남동 99-8,35.08685148,126.9409104,,한전주,062-608-2894,광주광역시 동구청,2025-12-23
내남동073,1,,광주광역시 동구 내남동 187-1,35.08657605,126.939353,,한전주,062-608-2894,광주광역시 동구청,2025-12-23
내남동074,1,,광주광역시 동구 내남동 187-1,35.08657605,126.939353,,한전주,062-608-2894,광주광역시 동구청,2025-12-23
내남동075,1,,광주광역시 동구 내남동 187-1,35.08657605,126.9393692,,한전주,062-608-2894,광주광역시 동구청,2025-12-23
내남동076,1,,광주광역시 동구 내남동 865-2,35.08642363,126.9388275,,한전주,062-608-2894,광주광역시 동구청,2025-12-23
내남동077,1,,광주광역시 동구 내남동 187-2,35.0864296,126.939270,,전용주,062-608-2894,광주광역시 동구청,2025-12-23
내남동078,1,,광주광역시 동구 내남동 172,35.0842461,126.939600,,한전주,062-608-2894,광주광역시 동구청,2025-12-23
내남동079,1,,광주광역시 동구 내남동 170-1,35.08341225,126.9395564,,한전주,062-608-2894,광주광역시 동구청,2025-12-23
내남동080,1,,광주광역시 동구 내남동 131,35.07806922,126.9379425,,한전주,062-608-2894,광주광역시 동구청,2025-12-23
내남동081,1,,광주광역시 동구 내남동 131,35.07806922,126.9379869,,한전주,062-608-2894,광주광역시 동구청,2025-12-23
내남동082,1,,광주광역시 동구 내남동 876,35.08201181,126.9388901,,한전주,062-608-2894,광주광역시 동구청,2025-12-23
내남동083,1,,광주광역시 동구 내남동 189-1,35.08634041,126.9381658,,한전주,062-608-2894,광주광역시 동구청,2025-12-23
내남동084,1,,광주광역시 동구 내남동 189-1,35.08634041,126.9381658,,한전주,062-608-2894,광주광역시 동구청,2025-12-23
내남동085,1,,광주광역시 동구 내남동 203-4,35.08654777,126.9373658,,한전주,062-608-2894,광주광역시 동구청,2025-12-23
내남동086,1,,광주광역시 동구 내남동 202,35.08655882,126.9360544,,한전주,062-608-2894,광주광역시 동구청,2025-12-23
동명동393,1,,광주광역시 동구 동명동 200-136,35.15183228,126.9221734,,건축물,062-608-2894,광주광역시 동구청,2025-12-23
동명동394,1,,광주광역시 동구 동명동 263-3,35.15491236,126.9213611,,건축물,062-608-2894,광주광역시 동구청,2025-12-23
불로동001,1,,광주광역시 동구 불로동 121,35.14557453,126.9165012,,전용주,062-608-2894,광주광역시 동구청,2025-12-23
불로동002,1,,광주광역시 동구 불로동 129,35.14520395,126.9168396,,전용주,062-608-2894,광주광역시 동구청,2025-12-23
불로동003,1,,광주광역시 동구 불로동 148-1,35.14476757,126.9161835,,한전주,062-608-2894,광주광역시 동구청,2025-12-23
불로동004,1,,광주광역시 동구 불로동 161,35.14487711,126.9158027,,한전주,062-608-2894,광주광역시 동구청,2025-12-23
불로동005,1,,광주광역시 동구 불로동 188-2,35.14407036,126.9155197,,한전주,062-608-2894,광주광역시 동구청,2025-12-23
불로동006,1,,광주광역시 동구 불로동 181-3,35.14450907,126.9150943,,전용주,062-608-2894,광주광역시 동구청,2025-12-23
불로동007,1,,광주광역시 동구 불로동 183,35.14477349,126.9150729,,전용주,062-608-2894,광주광역시 동구청,2025-12-23
불로동009,1,,광주광역시 동구 불로동 139-1,35.14518921,126.9161072,,건축물,062-608-2894,광주광역시 동구청,2025-12-23
불로동010,1,,광주광역시 동구 불로동 120-1,35.14595413,126.9162048,,전용주,062-608-2894,광주광역시 동구청,2025-12-23
불로동011,1,,광주광역시 동구 불로동 110-7,35.14601898,126.9160233,,전용주,062-608-2894,광주광역시 동구청,2025-12-23
불로동012,1,,광주광역시 동구 불로동 99-1,35.14535904,126.9148458,,전용주,062-608-2894,광주광역시 동구청,2025-12-23
불로동013,1,,광주광역시 동구 불로동 79,35.14499283,126.9140901,,전용주,062-608-2894,광주광역시 동구청,2025-12-23
불로동014,1,,광주광역시 동구 불로동 64-2,35.14535176,126.9137451,,한전주,062-608-2894,광주광역시 동구청,2025-12-23
불로동015,1,,광주광역시 동구 불로동 67-1,35.14535522,126.9140244,,건축물,062-608-2894,광주광역시 동구청,2025-12-23
불로동016,1,,광주광역시 동구 불로동 67-2,35.14545441,126.9141734,,건축물,062-608-2894,광주광역시 동구청,2025-12-23
불로동017,1,,광주광역시 동구 불로동 90-5,35.14548407,126.9144287,,전용주,062-608-2894,광주광역시 동구청,2025-12-23
불로동018,1,,광주광역시 동구 불로동 38-3,35.14587021,126.9140897,,전용주,062-608-2894,광주광역시 동구청,2025-12-23
불로동019,1,,광주광역시 동구 불로동 21-18,35.14598465,126.9142893,,전용주,062-608-2894,광주광역시 동구청,2025-12-23
불로동020,1,,광주광역시 동구 불로동 17,35.14607033,126.9146652,,전용주,062-608-2894,광주광역시 동구청,2025-12-23
불로동021,1,,광주광역시 동구 불로동 9-3,35.14601898,126.9151459,,전용주,062-608-2894,광주광역시 동구청,2025-12-23
불로동022,1,,광주광역시 동구 불로동 11-3,35.14620036,126.9149689,,전용주,062-608-2894,광주광역시 동구청,2025-12-23
불로동023,1,,광주광역시 동구 불로동 106-6,35.14585114,126.9152298,,건축물,062-608-2894,광주광역시 동구청,2025-12-23
불로동024,1,,광주광역시 동구 불로동 109-5,35.14618813,126.9157486,,전용주,062-608-2894,광주광역시 동구청,2025-12-23
불로동025,1,,광주광역시 동구 불로동 6,35.14631747,126.9156418,,전용주,062-608-2894,광주광역시 동구청,2025-12-23
불로동026,1,,광주광역시 동구 불로동 1-10,35.14669037,126.915370,,전용주,062-608-2894,광주광역시 동구청,2025-12-23
불로동027,1,,광주광역시 동구 불로동 3-3,35.14657211,126.9152145,,전용주,062-608-2894,광주광역시 동구청,2025-12-23
불로동028,1,,광주광역시 동구 불로동 11-2,35.14620036,126.9149323,,전용주,062-608-2894,광주광역시 동구청,2025-12-23
불로동029,1,,광주광역시 동구 불로동 14-1,35.14631027,126.9146397,,전용주,062-608-2894,광주광역시 동구청,2025-12-23
불로동030,1,,광주광역시 동구 불로동 17,35.14606094,126.9146357,,전용주,062-608-2894,광주광역시 동구청,2025-12-23
불로동031,1,,광주광역시 동구 불로동 21-9,35.14616013,126.9141678,,전용주,062-608-2894,광주광역시 동구청,2025-12-23
불로동032,1,,광주광역시 동구 불로동 43-5,35.14618325,126.9138565,,전용주,062-608-2894,광주광역시 동구청,2025-12-23
불로동033,1,,광주광역시 동구 불로동 36-6,35.14601898,126.9140015,,전용주,062-608-2894,광주광역시 동구청,2025-12-23
불로동034,1,,광주광역시 동구 불로동 37-2,35.14591599,126.9140167,,전용주,062-608-2894,광주광역시 동구청,2025-12-23
불로동035,1,,광주광역시 동구 불로동 55,35.14568708,126.9138323,,전용주,062-608-2894,광주광역시 동구청,2025-12-23
불로동036,1,,광주광역시 동구 불로동 51-1,35.14579391,126.9137344,,한전주,062-608-2894,광주광역시 동구청,2025-12-23
불로동037,1,,광주광역시 동구 불로동 43-3,35.1461525,126.9132226,,전용주,062-608-2894,광주광역시 동구청,2025-12-23
불로동038,1,,광주광역시 동구 불로동 197,35.14629745,126.913226,,전용주,062-608-2894,광주광역시 동구청,2025-12-23
불로동039,1,,광주광역시 동구 불로동 23-1,35.14617602,126.9143197,,전용주,062-608-2894,광주광역시 동구청,2025-12-23
불로동040,1,,광주광역시 동구 불로동 24-1,35.14642363,126.9143392,,한전주,062-608-2894,광주광역시 동구청,2025-12-23
불로동041,1,,광주광역시 동구 불로동 25-5,35.14664841,126.9145401,,전용주,062-608-2894,광주광역시 동구청,2025-12-23
불로동042,1,,광주광역시 동구 불로동 1-22,35.14710055,126.9147186,,전용주,062-608-2894,광주광역시 동구청,2025-12-23
불로동043,1,,광주광역시 동구 불로동 1-12,35.14675522,126.9150812,,전용주,062-608-2894,광주광역시 동구청,2025-12-23
불로동044,1,,광주광역시 동구 불로동 1-26,35.14689191,126.9148801,,전용주,062-608-2894,광주광역시 동구청,2025-12-23
불로동045,1,,광주광역시 동구 불로동 170,35.14500305,126.9149228,,한전주,062-608-2894,광주광역시 동구청,2025-12-23
산수공원3,0,,광주광역시 동구 산수동 401-87,35.15515576,126.9286949,,전용주,062-608-2894,광주광역시 동구청,2025-12-23
산수공원4,0,,광주광역시 동구 산수동 401-87,35.15510596,126.9286758,,한전주,062-608-2894,광주광역시 동구청,2025-12-23
산수동001,1,,광주광역시 동구 산수동 79-2,35.15724286,126.9407272,,한전주,062-608-2894,광주광역시 동구청,2025-12-23
산수동002,1,,광주광역시 동구 산수동 79-28,35.15750885,126.9410645,,한전주,062-608-2894,광주광역시 동구청,2025-12-23
산수동003,1,,광주광역시 동구 산수동 산52-17,35.15761185,126.9422938,,한전주,062-608-2894,광주광역시 동구청,2025-12-23
산수동004,1,,광주광역시 동구 산수동 산50-3,35.15730534,126.9436243,,전용주,062-608-2894,광주광역시 동구청,2025-12-23
산수동005,1,,광주광역시 동구 산수동 498-22,35.15717697,126.9399719,,한전주,062-608-2894,광주광역시 동구청,2025-12-23
산수동006,1,,광주광역시 동구 산수동 100-4,35.15746307,126.9401346,,한전주,062-608-2894,광주광역시 동구청,2025-12-23
산수동007,1,,광주광역시 동구 산수동 1-6,35.157444,126.9405136,,건축물,062-608-2894,광주광역시 동구청,2025-12-23
산수동008,1,,광주광역시 동구 산수동 1-8,35.1575926,126.9405916,,한전주,062-608-2894,광주광역시 동구청,2025-12-23
산수동009,1,,광주광역시 동구 산수동 1-9,35.15768078,126.9406932,,한전주,062-608-2894,광주광역시 동구청,2025-12-23
산수동010,1,,광주광역시 동구 산수동 99-16,35.15684208,126.9396436,,한전주,062-608-2894,광주광역시 동구청,2025-12-23
산수동011,1,,광주광역시 동구 산수동 산47-6,35.15864182,126.943735,,한전주,062-608-2894,광주광역시 동구청,2025-12-23
산수동012,1,,광주광역시 동구 산수동 산47-6,35.15863627,126.943735,,전용주,062-608-2894,광주광역시 동구청,2025-12-23
산수동013,1,,광주광역시 동구 산수동 산49-2,35.15819429,126.944547,,전용주,062-608-2894,광주광역시 동구청,2025-12-23
산수동014,1,,광주광역시 동구 산수동 산49-2,35.15819429,126.944547,,전용주,062-608-2894,광주광역시 동구청,2025-12-23
산수동015,1,,광주광역시 동구 산수동 산50-1,35.15685741,126.9446923,,전용주,062-608-2894,광주광역시 동구청,2025-12-23
산수동016,1,,광주광역시 동구 산수동 산50-1,35.15685741,126.9446923,,전용주,062-608-2894,광주광역시 동구청,2025-12-23
산수동017,1,,광주광역시 동구 산수동 산50-1,35.15689288,126.9446923,,전용주,062-608-2894,광주광역시 동구청,2025-12-23
산수동018,1,,광주광역시 동구 산수동 89-5,35.15667725,126.9376272,,한전주,062-608-2894,광주광역시 동구청,2025-12-23
산수동019,1,,광주광역시 동구 산수동 89-18,35.15659241,126.9376059,,전용주,062-608-2894,광주광역시 동구청,2025-12-23
산수동020,1,,광주광역시 동구 산수동 89-11,35.15648235,126.9374455,,한전주,062-608-2894,광주광역시 동구청,2025-12-23
산수동021,1,,광주광역시 동구 산수동 103-24,35.15692902,126.9380493,,한전주,062-608-2894,광주광역시 동구청,2025-12-23
산수동022,1,,광주광역시 동구 산수동 87-6,35.15602421,126.9376144,,한전주,062-608-2894,광주광역시 동구청,2025-12-23
산수동023,1,,광주광역시 동구 산수동 87-11,35.1558876,126.9377542,,한전주,062-608-2894,광주광역시 동구청,2025-12-23
산수동024,1,,광주광역시 동구 산수동 84,35.15652859,126.9379759,,한전주,062-608-2894,광주광역시 동구청,2025-12-23
산수동025,1,,광주광역시 동구 산수동 84,35.15652859,126.9379759,,전용주,062-608-2894,광주광역시 동구청,2025-12-23
산수동026,1,,광주광역시 동구 산수동 84,35.15652859,126.9379759,,전용주,062-608-2894,광주광역시 동구청,2025-12-23
산수동027,1,,광주광역시 동구 산수동 84,35.15652859,126.9379759,,전용주,062-608-2894,광주광역시 동구청,2025-12-23
산수동028,1,,광주광역시 동구 산수동 78-2,35.15572899,126.9395595,,전용주,062-608-2894,광주광역시 동구청,2025-12-23
산수동029,1,,광주광역시 동구 산수동 78-2,35.15572899,126.9395218,,한전주,062-608-2894,광주광역시 동구청,2025-12-23
산수동030,1,,광주광역시 동구 산수동 91-2,35.15604019,126.9378755,,전용주,062-608-2894,광주광역시 동구청,2025-12-23
산수동031,1,,광주광역시 동구 산수동 64-12,35.15572739,126.9372482,,전용주,062-608-2894,광주광역시 동구청,2025-12-23
산수동032,1,,광주광역시 동구 산수동 64-13,35.15584183,126.937172,,한전주,062-608-2894,광주광역시 동구청,2025-12-23
산수동033,1,,광주광역시 동구 산수동 64-14,35.15594486,126.9370897,,전용주,062-608-2894,광주광역시 동구청,2025-12-23
산수동034,1,,광주광역시 동구 산수동 63-9,35.15555573,126.9371651,,전용주,062-608-2894,광주광역시 동구청,2025-12-23
산수동035,1,,광주광역시 동구 산수동 63-12,35.15577698,126.9369542,,전용주,062-608-2894,광주광역시 동구청,2025-12-23
산수동036,1,,광주광역시 동구 산수동 63-16,35.15589523,126.9368972,,한전주,062-608-2894,광주광역시 동구청,2025-12-23
산수동037,1,,광주광역시 동구 산수동 62-13,35.15563143,126.9366989,,한전주,062-608-2894,광주광역시 동구청,2025-12-23
산수동038,1,,광주광역시 동구 산수동 62-6,35.15570831,126.9365387,,건축물,062-608-2894,광주광역시 동구청,2025-12-23
산수동039,1,,광주광역시 동구 산수동 62-19,35.15543365,126.9369948,,한전주,062-608-2894,광주광역시 동구청,2025-12-23
산수동040,1,,광주광역시 동구 산수동 48-10,35.15537262,126.9374465,,한전주,062-608-2894,광주광역시 동구청,2025-12-23
산수동041,1,,광주광역시 동구 산수동 497-34,35.15522358,126.937706,,한전주,062-608-2894,광주광역시 동구청,2025-12-23
산수동042,1,,광주광역시 동구 산수동 18-6,35.15498965,126.9373932,,한전주,062-608-2894,광주광역시 동구청,2025-12-23
산수동043,1,,광주광역시 동구 산수동 18-7,35.15487742,126.9373779,,한전주,062-608-2894,광주광역시 동구청,2025-12-23
산수동044,1,,광주광역시 동구 산수동 18-9,35.15463638,126.9373932,,한전주,062-608-2894,광주광역시 동구청,2025-12-23
산수동045,1,,광주광역시 동구 산수동 20-5,35.15496063,126.9372211,,전용주,062-608-2894,광주광역시 동구청,2025-12-23
산수동046,1,,광주광역시 동구 산수동 49-15,35.15511703,126.9368424,,전용주,062-608-2894,광주광역시 동구청,2025-12-23
산수동047,1,,광주광역시 동구 산수동 21-5,35.15483856,126.9368771,,한전주,062-608-2894,광주광역시 동구청,2025-12-23
산수동048,1,,광주광역시 동구 산수동 12,35.15400103,126.938041,,한전주,062-608-2894,광주광역시 동구청,2025-12-23
산수동049,1,,광주광역시 동구 산수동 22-3,35.15420813,126.9374466,,한전주,062-608-2894,광주광역시 동구청,2025-12-23
산수동050,1,,광주광역시 동구 산수동 22-2,35.15383148,126.9371768,,한전주,062-608-2894,광주광역시 동구청,2025-12-23
산수동051,1,,광주광역시 동구 산수동 23-10,35.15418625,126.9369736,,한전주,062-608-2894,광주광역시 동구청,2025-12-23
산수동052,1,,광주광역시 동구 산수동 23-4,35.15410696,126.9371526,,한전주,062-608-2894,광주광역시 동구청,2025-12-23
산수동053,1,,광주광역시 동구 산수동 23-5,35.15417449,126.9370804,,한전주,062-608-2894,광주광역시 동구청,2025-12-23
산수동054,1,,광주광역시 동구 산수동 21-4,35.15464401,126.9372252,,한전주,062-608-2894,광주광역시 동구청,2025-12-23
산수동055,1,,광주광역시 동구 산수동 23-6,35.15407944,126.9370656,,전용주,062-608-2894,광주광역시 동구청,2025-12-23
산수동056,1,,광주광역시 동구 산수동 24-19,35.1537056,126.9369236,,한전주,062-608-2894,광주광역시 동구청,2025-12-23
산수동057,1,,광주광역시 동구 산수동 산1-11,35.15248871,126.9367142,,한전주,062-608-2894,광주광역시 동구청,2025-12-23
산수동058,1,,광주광역시 동구 산수동 513-11,35.15383148,126.936068,,한전주,062-608-2894,광주광역시 동구청,2025-12-23
산수동059,1,,광주광역시 동구 산수동 513-20,35.15422821,126.935964,,한전주,062-608-2894,광주광역시 동구청,2025-12-23
산수동060,1,,광주광역시 동구 산수동 512-5,35.15448761,126.9362321,,전용주,062-608-2894,광주광역시 동구청,2025-12-23
산수동061,1,,광주광역시 동구 산수동 24-26,35.15351105,126.9367294,,전용주,062-608-2894,광주광역시 동구청,2025-12-23
산수동062,1,,광주광역시 동구 산수동 513-27,35.15402323,126.9358336,,건축물,062-608-2894,광주광역시 동구청,2025-12-23
산수동063,1,,광주광역시 동구 산수동 512-3,35.15457421,126.9361378,,전용주,062-608-2894,광주광역시 동구청,2025-12-23
산수동064,1,,광주광역시 동구 산수동 512-3,35.15457421,126.9361496,,한전주,062-608-2894,광주광역시 동구청,2025-12-23
산수동065,1,,광주광역시 동구 산수동 511-61,35.15491712,126.9362115,,전용주,062-608-2894,광주광역시 동구청,2025-12-23
내남동126,1,,광주광역시 동구 내남동 696-1,35.09056473,126.9290695,,한전주,062-608-2894,광주광역시 동구청,2025-12-23
내남동127,1,,광주광역시 동구 내남동 706,35.09085083,126.928961,,한전주,062-608-2894,광주광역시 동구청,2025-12-23
내남동128,1,,광주광역시 동구 내남동 703,35.0906868,126.9289689,,한전주,062-608-2894,광주광역시 동구청,2025-12-23
내남동129,1,,광주광역시 동구 내남동 708,35.09102759,126.9288063,,건축물,062-608-2894,광주광역시 동구청,2025-12-23
내남동130,1,,광주광역시 동구 내남동 678,35.09014122,126.928627,,한전주,062-608-2894,광주광역시 동구청,2025-12-23
대인동048,1,,광주광역시 동구 대인동 319-11,35.15611649,126.9138205,,한전주,062-608-2894,광주광역시 동구청,2025-12-23
대인동049,1,,광주광역시 동구 대인동 321-45,35.15568161,126.9134832,,한전주,062-608-2894,광주광역시 동구청,2025-12-23
대인동050,1,,광주광역시 동구 대인동 319-10,35.15579735,126.9137292,,한전주,062-608-2894,광주광역시 동구청,2025-12-23
대인동051,1,,광주광역시 동구 대인동 319-17,35.15593503,126.9139086,,한전주,062-608-2894,광주광역시 동구청,2025-12-23
대인동052,1,,광주광역시 동구 대인동 316-16,35.15605856,126.9143219,,한전주,062-608-2894,광주광역시 동구청,2025-12-23
대인동053,1,,광주광역시 동구 대인동 319-6,35.15622507,126.9140152,,한전주,062-608-2894,광주광역시 동구청,2025-12-23
대인동054,1,,광주광역시 동구 대인동 316-20,35.15589584,126.9144529,,한전주,062-608-2894,광주광역시 동구청,2025-12-23
대인동055,1,,광주광역시 동구 대인동 315-19,35.15562507,126.9145743,,한전주,062-608-2894,광주광역시 동구청,2025-12-23
대인동056,1,,광주광역시 동구 대인동 315-16,35.15546326,126.914812,,한전주,062-608-2894,광주광역시 동구청,2025-12-23
대인동057,1,,광주광역시 동구 대인동 315-28,35.1554074,126.9150391,,한전주,062-608-2894,광주광역시 동구청,2025-12-23
대인동058,1,,광주광역시 동구 대인동 315-10,35.15521342,126.9151746,,한전주,062-608-2894,광주광역시 동구청,2025-12-23
대인동059,1,,광주광역시 동구 대인동 323-3,35.1548996,126.9154358,,한전주,062-608-2894,광주광역시 동구청,2025-12-23
대인동060,1,,광주광역시 동구 대인동 315-4,35.15535688,126.9152955,,한전주,062-608-2894,광주광역시 동구청,2025-12-23
대인동061,1,,광주광역시 동구 대인동 315-28,35.1554074,126.9150995,,한전주,062-608-2894,광주광역시 동구청,2025-12-23
대인동062,1,,광주광역시 동구 대인동 315-2,35.15557913,126.9149966,,한전주,062-608-2894,광주광역시 동구청,2025-12-23
대인동063,1,,광주광역시 동구 대인동 327-1,35.15589072,126.9148287,,한전주,062-608-2894,광주광역시 동구청,2025-12-23
대인동064,1,,광주광역시 동구 대인동 323-14,35.15497653,126.9159698,,한전주,062-608-2894,광주광역시 동구청,2025-12-23
대인동065,1,,광주광역시 동구 대인동 323-8,35.15454901,126.9154434,,한전주,062-608-2894,광주광역시 동구청,2025-12-23
대인동066,1,,광주광역시 동구 대인동 323-7,35.15465452,126.9152679,,건축물,062-608-2894,광주광역시 동구청,2025-12-23
대인동067,1,,광주광역시 동구 대인동 322-20,35.15483931,126.9150696,,한전주,062-608-2894,광주광역시 동구청,2025-12-23
대인동068,1,,광주광역시 동구 대인동 322-22,35.15491104,126.9147415,,한전주,062-608-2894,광주광역시 동구청,2025-12-23
대인동069,1,,광주광역시 동구 대인동 322-24,35.15509123,126.9146235,,한전주,062-608-2894,광주광역시 동구청,2025-12-23
대인동070,1,,광주광역시 동구 대인동 322-28,35.15530795,126.9142456,,한전주,062-608-2894,광주광역시 동구청,2025-12-23
대인동071,1,,광주광역시 동구 대인동 321-44,35.15538323,126.9136735,,한전주,062-608-2894,광주광역시 동구청,2025-12-23
대인동072,1,,광주광역시 동구 대인동 311-16,35.15431938,126.9157637,,한전주,062-608-2894,광주광역시 동구청,2025-12-23
대인동073,1,,광주광역시 동구 대인동 311-7,35.15420236,126.9159959,,한전주,062-608-2894,광주광역시 동구청,2025-12-23
대인동074,1,,광주광역시 동구 대인동 310-5,35.15405858,126.9162292,,한전주,062-608-2894,광주광역시 동구청,2025-12-23
대인동075,1,,광주광역시 동구 대인동 310-17,35.15457252,126.9168558,,한전주,062-608-2894,광주광역시 동구청,2025-12-23
대인동076,1,,광주광역시 동구 대인동 310-5,35.15405858,126.916275,,한전주,062-608-2894,광주광역시 동구청,2025-12-23
대인동077,1,,광주광역시 동구 대인동 313-1,35.15365857,126.9165139,,한전주,062-608-2894,광주광역시 동구청,2025-12-23
대인동078,1,,광주광역시 동구 대인동 312-12,35.153548,126.9161606,,건축물,062-608-2894,광주광역시 동구청,2025-12-23
대인동079,1,,광주광역시 동구 대인동 313-2,35.15360221,126.9166336,,전용주,062-608-2894,광주광역시 동구청,2025-12-23
대인동080,1,,광주광역시 동구 대인동 313-13,35.15354855,126.9165707,,전용주,062-608-2894,광주광역시 동구청,2025-12-23
대인동081,1,,광주광역시 동구 대인동 309-6,35.15388828,126.9171003,,한전주,062-608-2894,광주광역시 동구청,2025-12-23
대인동082,1,,광주광역시 동구 대인동 312-10,35.15376795,126.9163117,,전용주,062-608-2894,광주광역시 동구청,2025-12-23
대인동083,1,,광주광역시 동구 대인동 308-26,35.15348012,126.9174371,,전용주,062-608-2894,광주광역시 동구청,2025-12-23
대인동084,1,,광주광역시 동구 대인동 308-21,35.15336697,126.9174576,,전용주,062-608-2894,광주광역시 동구청,2025-12-23
대인동085,1,,광주광역시 동구 대인동 308-20,35.15329123,126.9175202,,전용주,062-608-2894,광주광역시 동구청,2025-12-23
대인동086,1,,광주광역시 동구 대인동 308-15,35.15359404,126.9174271,,한전주,062-608-2894,광주광역시 동구청,2025-12-23
대인동087,1,,광주광역시 동구 대인동 308-17,35.15353775,126.9175897,,한전주,062-608-2894,광주광역시 동구청,2025-12-23
대인동088,1,,광주광역시 동구 대인동 308-9,35.15358832,126.9179107,,전용주,062-608-2894,광주광역시 동구청,2025-12-23
대인동089,1,,광주광역시 동구 대인동 308-13,35.15373611,126.9175238,,건축물,062-608-2894,광주광역시 동구청,2025-12-23
대인동090,1,,광주광역시 동구 대인동 309-12,35.15402714,126.9174957,,전용주,062-608-2894,광주광역시 동구청,2025-12-23
대인동091,1,,광주광역시 동구 대인동 310-14,35.15445328,126.9171219,,전용주,062-608-2894,광주광역시 동구청,2025-12-23
대인동092,1,,광주광역시 동구 대인동 311-14,35.15467792,126.9166641,,전용주,062-608-2894,광주광역시 동구청,2025-12-23
대인동093,1,,광주광역시 동구 대인동 327-22,35.15483475,126.9166348,,건축물,062-608-2894,광주광역시 동구청,2025-12-23
대인동094,1,,광주광역시 동구 대인동 311-1,35.15487671,126.9163055,,한전주,062-608-2894,광주광역시 동구청,2025-12-23
대인동095,1,,광주광역시 동구 대인동 327-9,35.15458434,126.9171219,,전용주,062-608-2894,광주광역시 동구청,2025-12-23
대인동096,1,,광주광역시 동구 대인동 190-7,35.1532172,126.9180298,,한전주,062-608-2894,광주광역시 동구청,2025-12-23
대인동097,1,,광주광역시 동구 대인동 198-17,35.15294962,126.9183641,,전용주,062-608-2894,광주광역시 동구청,2025-12-23
대인동098,1,,광주광역시 동구 대인동 198-10,35.1529808,126.9182768,,전용주,062-608-2894,광주광역시 동구청,2025-12-23
대인동099,1,,광주광역시 동구 대인동 198-5,35.15321238,126.9186011,,전용주,062-608-2894,광주광역시 동구청,2025-12-23
대인동100,1,,광주광역시 동구 대인동 198-1,35.15307311,126.9188636,,한전주,062-608-2894,광주광역시 동구청,2025-12-23
대인동101,1,,광주광역시 동구 대인동 327-28,35.15409232,126.9178696,,전용주,062-608-2894,광주광역시 동구청,2025-12-23
대인동103,1,,광주광역시 동구 대인동 316-2,35.15589366,126.9141137,,한전주,062-608-2894,광주광역시 동구청,2025-12-23
대인동104,1,,광주광역시 동구 대인동 321-18,35.15526302,126.913844,,전용주,062-608-2894,광주광역시 동구청,2025-12-23
대인동105,1,,광주광역시 동구 대인동 321-18,35.15526302,126.913844,,전용주,062-608-2894,광주광역시 동구청,2025-12-23
대인동106,1,,광주광역시 동구 대인동 316-9,35.15564542,126.9141882,,전용주,062-608-2894,광주광역시 동구청,2025-12-23
대인동107,1,,광주광역시 동구 대인동 316-20,35.15589584,126.9144529,,전용주,062-608-2894,광주광역시 동구청,2025-12-23
동명동001,1,,광주광역시 동구 동명동 120-7,35.14614487,126.9274409,,한전주,062-608-2894,광주광역시 동구청,2025-12-23
동명동002,1,,광주광역시 동구 동명동 120-26,35.1463623,126.9277546,,한전주,062-608-2894,광주광역시 동구청,2025-12-23
동명동003,1,,광주광역시 동구 동명동 118-30,35.14647675,126.9279627,,한전주,062-608-2894,광주광역시 동구청,2025-12-23
동명동004,1,,광주광역시 동구 동명동 118-24,35.14671499,126.9282817,,한전주,062-608-2894,광주광역시 동구청,2025-12-23
동명동005,1,,광주광역시 동구 동명동 118-26,35.14674759,126.9281616,,한전주,062-608-2894,광주광역시 동구청,2025-12-23
동명동006,1,,광주광역시 동구 동명동 118-20,35.14683151,126.9279709,,한전주,062-608-2894,광주광역시 동구청,2025-12-23
동명동007,1,,광주광역시 동구 동명동 118-19,35.14703718,126.9280777,,전용주,062-608-2894,광주광역시 동구청,2025-12-23
동명동008,1,,광주광역시 동구 동명동 118-21,35.14688947,126.9279337,,한전주,062-608-2894,광주광역시 동구청,2025-12-23
동명동009,1,,광주광역시 동구 동명동 125-4,35.14751816,126.9283579,,한전주,062-608-2894,광주광역시 동구청,2025-12-23
동명동010,1,,광주광역시 동구 동명동 124-1,35.14755405,126.9285569,,한전주,062-608-2894,광주광역시 동구청,2025-12-23
동명동011,1,,광주광역시 동구 동명동 115-15,35.14762389,126.9289169,,한전주,062-608-2894,광주광역시 동구청,2025-12-23
동명동012,1,,광주광역시 동구 동명동 115-1,35.14742279,126.9288406,,전용주,062-608-2894,광주광역시 동구청,2025-12-23
동명동013,1,,광주광역시 동구 동명동 115-29,35.14725494,126.9287491,,전용주,062-608-2894,광주광역시 동구청,2025-12-23
동명동014,1,,광주광역시 동구 동명동 117-3,35.14702606,126.9287186,,전용주,062-608-2894,광주광역시 동구청,2025-12-23
동명동015,1,,광주광역시 동구 동명동 118-23,35.1467765,126.9284439,,전용주,062-608-2894,광주광역시 동구청,2025-12-23
동명동016,1,,광주광역시 동구 동명동 117-25,35.14679718,126.9285202,,한전주,062-608-2894,광주광역시 동구청,2025-12-23
동명동017,1,,광주광역시 동구 동명동 117-11,35.14694977,126.9288712,,한전주,062-608-2894,광주광역시 동구청,2025-12-23
동명동018,1,,광주광역시 동구 동명동 116-3,35.14723872,126.9294238,,한전주,062-608-2894,광주광역시 동구청,2025-12-23
동명동019,1,,광주광역시 동구 동명동 115-2,35.14750719,126.9291868,,한전주,062-608-2894,광주광역시 동구청,2025-12-23
동명동020,1,,광주광역시 동구 동명동 115-2,35.14752197,126.9291868,,한전주,062-608-2894,광주광역시 동구청,2025-12-23
동명동021,1,,광주광역시 동구 동명동 114-6,35.14759064,126.9294594,,한전주,062-608-2894,광주광역시 동구청,2025-12-23
동명동022,1,,광주광역시 동구 동명동 113-98,35.14783478,126.9297845,,한전주,062-608-2894,광주광역시 동구청,2025-12-23
동명동023,1,,광주광역시 동구 동명동 114-13,35.14768887,126.9298931,,한전주,062-608-2894,광주광역시 동구청,2025-12-23
동명동024,1,,광주광역시 동구 동명동 112-28,35.1484476,126.9299194,,한전주,062-608-2894,광주광역시 동구청,2025-12-23
동명동025,1,,광주광역시 동구 동명동 113-40,35.14822769,126.9299393,,한전주,062-608-2894,광주광역시 동구청,2025-12-23
동명동026,1,,광주광역시 동구 동명동 101-12,35.14805474,126.9289884,,한전주,062-608-2894,광주광역시 동구청,2025-12-23
동명동027,1,,광주광역시 동구 동명동 102-4,35.14864613,126.9293594,,한전주,062-608-2894,광주광역시 동구청,2025-12-23
동명동028,1,,광주광역시 동구 동명동 102-3,35.14875164,126.9293909,,건축물,062-608-2894,광주광역시 동구청,2025-12-23
동명동029,1,,광주광역시 동구 동명동 113-44,35.14849142,126.9297409,,한전주,062-608-2894,광주광역시 동구청,2025-12-23
동명동030,1,,광주광역시 동구 동명동 101-7,35.1485016,126.9292379,,한전주,062-608-2894,광주광역시 동구청,2025-12-23
동명동031,1,,광주광역시 동구 동명동 101-47,35.14822769,126.9289977,,한전주,062-608-2894,광주광역시 동구청,2025-12-23
동명동032,1,,광주광역시 동구 동명동 101-55,35.14791107,126.9287926,,한전주,062-608-2894,광주광역시 동구청,2025-12-23
동명동033,1,,광주광역시 동구 동명동 101-38,35.14772034,126.9288973,,전용주,062-608-2894,광주광역시 동구청,2025-12-23
동명동034,1,,광주광역시 동구 동명동 101-76,35.14795823,126.9292145,,한전주,062-608-2894,광주광역시 동구청,2025-12-23
동명동035,1,,광주광역시 동구 동명동 101-35,35.14817953,126.9292908,,전용주,062-608-2894,광주광역시 동구청,2025-12-23
동명동036,1,,광주광역시 동구 동명동 113-3,35.14842224,126.9298706,,전용주,062-608-2894,광주광역시 동구청,2025-12-23
동명동037,1,,광주광역시 동구 동명동 113-32,35.14861679,126.9298671,,전용주,062-608-2894,광주광역시 동구청,2025-12-23
동명동038,1,,광주광역시 동구 동명동 112-3,35.14837231,126.9301453,,한전주,062-608-2894,광주광역시 동구청,2025-12-23
동명동039,1,,광주광역시 동구 동명동 112-2,35.1486702,126.9301834,,한전주,062-608-2894,광주광역시 동구청,2025-12-23
동명동040,1,,광주광역시 동구 동명동 287,35.14909363,126.9277633,,한전주,062-608-2894,광주광역시 동구청,2025-12-23
동명동041,1,,광주광역시 동구 동명동 284-20,35.14950254,126.927053,,한전주,062-608-2894,광주광역시 동구청,2025-12-23
동명동042,1,,광주광역시 동구 동명동 287-25,35.1491808,126.9297384,,한전주,062-608-2894,광주광역시 동구청,2025-12-23
동명동043,1,,광주광역시 동구 동명동 287-26,35.14926147,126.9301758,,한전주,062-608-2894,광주광역시 동구청,2025-12-23
동명동044,1,,광주광역시 동구 동명동 287-16,35.14913922,126.9305878,,한전주,062-608-2894,광주광역시 동구청,2025-12-23
동명동045,1,,광주광역시 동구 동명동 287-29,35.14893619,126.9303972,,한전주,062-608-2894,광주광역시 동구청,2025-12-23
동명동046,1,,광주광역시 동구 동명동 2-19,35.14996338,126.9308701,,한전주,062-608-2894,광주광역시 동구청,2025-12-23
동명동047,1,,광주광역시 동구 동명동 2-5,35.14962246,126.9306793,,한전주,062-608-2894,광주광역시 동구청,2025-12-23
동명동048,1,,광주광역시 동구 동명동 2-25,35.1497612,126.9305267,,전용주,062-608-2894,광주광역시 동구청,2025-12-23
동명동049,1,,광주광역시 동구 동명동 15-5,35.14975454,126.9299423,,한전주,062-608-2894,광주광역시 동구청,2025-12-23
동명동050,1,,광주광역시 동구 동명동 15-2,35.14999719,126.9301682,,한전주,062-608-2894,광주광역시 동구청,2025-12-23
동명동051,1,,광주광역시 동구 동명동 2-3,35.14999506,126.9303894,,전용주,062-608-2894,광주광역시 동구청,2025-12-23
동명동052,1,,광주광역시 동구 동명동 2-11,35.14954573,126.9301529,,전용주,062-608-2894,광주광역시 동구청,2025-12-23
동명동053,1,,광주광역시 동구 동명동 3-2,35.14939369,126.9301224,,한전주,062-608-2894,광주광역시 동구청,2025-12-23
동명동054,1,,광주광역시 동구 동명동 287-22,35.14941406,126.9303609,,전용주,062-608-2894,광주광역시 동구청,2025-12-23
동명동055,1,,광주광역시 동구 동명동 11-14,35.14947057,126.9287177,,전용주,062-608-2894,광주광역시 동구청,2025-12-23
동명동056,1,,광주광역시 동구 동명동 10-1,35.14933014,126.9286575,,한전주,062-608-2894,광주광역시 동구청,2025-12-23
동명동057,1,,광주광역시 동구 동명동 11-16,35.14945405,126.9288559,,전용주,062-608-2894,광주광역시 동구청,2025-12-23
동명동058,1,,광주광역시 동구 동명동 11-9,35.14963391,126.9287638,,한전주,062-608-2894,광주광역시 동구청,2025-12-23
동명동059,1,,광주광역시 동구 동명동 11-10,35.14997482,126.9287338,,한전주,062-608-2894,광주광역시 동구청,2025-12-23
동명동060,1,,광주광역시 동구 동명동 12-3,35.14980629,126.9290543,,한전주,062-608-2894,광주광역시 동구청,2025-12-23
동명동061,1,,광주광역시 동구 동명동 13-5,35.15002823,126.9294739,,한전주,062-608-2894,광주광역시 동구청,2025-12-23
동명동062,1,,광주광역시 동구 동명동 13-1,35.15018691,126.929289,,전용주,062-608-2894,광주광역시 동구청,2025-12-23
동명동063,1,,광주광역시 동구 동명동 19-1,35.15069199,126.9292627,,전용주,062-608-2894,광주광역시 동구청,2025-12-23
동명동064,1,,광주광역시 동구 동명동 19-6,35.15049362,126.9292908,,한전주,062-608-2894,광주광역시 동구청,2025-12-23
동명동065,1,,광주광역시 동구 동명동 19-7,35.15048599,126.929088,,전용주,062-608-2894,광주광역시 동구청,2025-12-23
동명동066,1,,광주광역시 동구 동명동 19-11,35.15034866,126.9291467,,한전주,062-608-2894,광주광역시 동구청,2025-12-23
동명동067,1,,광주광역시 동구 동명동 19-11,35.15035629,126.9291467,,전용주,062-608-2894,광주광역시 동구청,2025-12-23
동명동068,1,,광주광역시 동구 동명동 18-6,35.15023422,126.9290695,,한전주,062-608-2894,광주광역시 동구청,2025-12-23
동명동069,1,,광주광역시 동구 동명동 18-8,35.15019661,126.9289246,,전용주,062-608-2894,광주광역시 동구청,2025-12-23
동명동070,1,,광주광역시 동구 동명동 20-6,35.15021133,126.9288146,,한전주,062-608-2894,광주광역시 동구청,2025-12-23
동명동071,1,,광주광역시 동구 동명동 25,35.1503905,126.9282713,,한전주,062-608-2894,광주광역시 동구청,2025-12-23
동명동072,1,,광주광역시 동구 동명동 25,35.15039063,126.9282713,,한전주,062-608-2894,광주광역시 동구청,2025-12-23
동명동073,1,,광주광역시 동구 동명동 20-7,35.15028679,126.9287872,,한전주,062-608-2894,광주광역시 동구청,2025-12-23
동명동074,1,,광주광역시 동구 동명동 24-18,35.15080684,126.9282227,,한전주,062-608-2894,광주광역시 동구청,2025-12-23
동명동075,1,,광주광역시 동구 동명동 80-15,35.14877557,126.9280029,,전용주,062-608-2894,광주광역시 동구청,2025-12-23
동명동076,1,,광주광역시 동구 동명동 128,35.14694255,126.9273393,,한전주,062-608-2894,광주광역시 동구청,2025-12-23
동명동077,1,,광주광역시 동구 동명동 135,35.14727031,126.9273573,,한전주,062-608-2894,광주광역시 동구청,2025-12-23
동명동078,1,,광주광역시 동구 동명동 135-1,35.14723485,126.9269062,,한전주,062-608-2894,광주광역시 동구청,2025-12-23
동명동079,1,,광주광역시 동구 동명동 135-16,35.14678125,126.9269791,,한전주,062-608-2894,광주광역시 동구청,2025-12-23
동명동080,1,,광주광역시 동구 동명동 137,35.14735031,126.9270261,,전용주,062-608-2894,광주광역시 동구청,2025-12-23
동명동081,1,,광주광역시 동구 동명동 135-1,35.14723485,126.9269062,,한전주,062-608-2894,광주광역시 동구청,2025-12-23
동명동082,1,,광주광역시 동구 동명동 141-9,35.1476059,126.9265669,,한전주,062-608-2894,광주광역시 동구청,2025-12-23
동명동083,1,,광주광역시 동구 동명동 142-34,35.14788818,126.9267578,,한전주,062-608-2894,광주광역시 동구청,2025-12-23
동명동084,1,,광주광역시 동구 동명동 142-59,35.14772034,126.9269731,,전용주,062-608-2894,광주광역시 동구청,2025-12-23
동명동085,1,,광주광역시 동구 동명동 142-51,35.14754101,126.9273529,,전용주,062-608-2894,광주광역시 동구청,2025-12-23
동명동086,1,,광주광역시 동구 동명동 142-50,35.1476326,126.9273693,,한전주,062-608-2894,광주광역시 동구청,2025-12-23
동명동087,1,,광주광역시 동구 동명동 142-64,35.14768371,126.9270695,,한전주,062-608-2894,광주광역시 동구청,2025-12-23
동명동088,1,,광주광역시 동구 동명동 142-64,35.14768371,126.9270695,,한전주,062-608-2894,광주광역시 동구청,2025-12-23
동명동089,1,,광주광역시 동구 동명동 142-44,35.14786148,126.9274979,,전용주,062-608-2894,광주광역시 동구청,2025-12-23
동명동090,1,,광주광역시 동구 동명동 288-29,35.14792252,126.9278183,,전용주,062-608-2894,광주광역시 동구청,2025-12-23
동명동091,1,,광주광역시 동구 동명동 142-69,35.14770385,126.9276352,,한전주,062-608-2894,광주광역시 동구청,2025-12-23
동명동092,1,,광주광역시 동구 동명동 142-47,35.1475563,126.9275818,,한전주,062-608-2894,광주광역시 동구청,2025-12-23
동명동093,1,,광주광역시 동구 동명동 135,35.14723206,126.9273573,,전용주,062-608-2894,광주광역시 동구청,2025-12-23
동명동094,1,,광주광역시 동구 동명동 143-27,35.14821625,126.9265986,,한전주,062-608-2894,광주광역시 동구청,2025-12-23
동명동095,1,,광주광역시 동구 동명동 143-49,35.14864349,126.9266739,,한전주,062-608-2894,광주광역시 동구청,2025-12-23
동명동096,1,,광주광역시 동구 동명동 143-20,35.14872232,126.9266968,,한전주,062-608-2894,광주광역시 동구청,2025-12-23
동명동097,1,,광주광역시 동구 동명동 83-3,35.14874268,126.9276797,,전용주,062-608-2894,광주광역시 동구청,2025-12-23
동명동098,1,,광주광역시 동구 동명동 34-3,35.1492157,126.9280949,,한전주,062-608-2894,광주광역시 동구청,2025-12-23
동명동099,1,,광주광역시 동구 동명동 35-6,35.14947895,126.9280944,,한전주,062-608-2894,광주광역시 동구청,2025-12-23
동명동100,1,,광주광역시 동구 동명동 39-2,35.14966202,126.9279576,,한전주,062-608-2894,광주광역시 동구청,2025-12-23
동명동101,1,,광주광역시 동구 동명동 50-3,35.14960279,126.927557,,한전주,062-608-2894,광주광역시 동구청,2025-12-23
동명동102,1,,광주광역시 동구 동명동 50-6,35.14932251,126.9277414,,한전주,062-608-2894,광주광역시 동구청,2025-12-23
동명동103,1,,광주광역시 동구 동명동 50-6,35.14937774,126.9277414,,건축물,062-608-2894,광주광역시 동구청,2025-12-23
동명동104,1,,광주광역시 동구 동명동 52-1,35.14932632,126.927330,,한전주,062-608-2894,광주광역시 동구청,2025-12-23
동명동105,1,,광주광역시 동구 동명동 49-2,35.1494751,126.9274368,,한전주,062-608-2894,광주광역시 동구청,2025-12-23
동명동106,1,,광주광역시 동구 동명동 55-1,35.1493988,126.9271393,,한전주,062-608-2894,광주광역시 동구청,2025-12-23
동명동107,1,,광주광역시 동구 동명동 56,35.14964523,126.9270325,,건축물,062-608-2894,광주광역시 동구청,2025-12-23
동명동108,1,,광주광역시 동구 동명동 56-4,35.14962792,126.927227,,건축물,062-608-2894,광주광역시 동구청,2025-12-23
동명동109,1,,광주광역시 동구 동명동 65-4,35.14934182,126.9264889,,한전주,062-608-2894,광주광역시 동구청,2025-12-23
동명동110,1,,광주광역시 동구 동명동 68-17,35.14953613,126.9263735,,한전주,062-608-2894,광주광역시 동구청,2025-12-23
동명동111,1,,광주광역시 동구 동명동 68-25,35.14995352,126.9263311,,한전주,062-608-2894,광주광역시 동구청,2025-12-23
동명동112,1,,광주광역시 동구 동명동 39-3,35.14969574,126.927206,,한전주,062-608-2894,광주광역시 동구청,2025-12-23
동명동113,1,,광주광역시 동구 동명동 57-12,35.14984545,126.9268799,,한전주,062-608-2894,광주광역시 동구청,2025-12-23
동명동114,1,,광주광역시 동구 동명동 39-3,35.14968109,126.927206,,한전주,062-608-2894,광주광역시 동구청,2025-12-23
동명동115,1,,광주광역시 동구 동명동 39-1,35.14979149,126.9280887,,한전주,062-608-2894,광주광역시 동구청,2025-12-23
동명동116,1,,광주광역시 동구 동명동 35-3,35.15008926,126.9281204,,전용주,062-608-2894,광주광역시 동구청,2025-12-23
동명동117,1,,광주광역시 동구 동명동 154-139,35.1502303,126.9279814,,한전주,062-608-2894,광주광역시 동구청,2025-12-23
동명동118,1,,광주광역시 동구 동명동 154-82,35.15031524,126.9278761,,한전주,062-608-2894,광주광역시 동구청,2025-12-23
동명동119,1,,광주광역시 동구 동명동 154-136,35.15021896,126.927536,,한전주,062-608-2894,광주광역시 동구청,2025-12-23
동명동120,1,,광주광역시 동구 동명동 57-9,35.14997583,126.9271889,,한전주,062-608-2894,광주광역시 동구청,2025-12-23
동명동121,1,,광주광역시 동구 동명동 166-1,35.15067471,126.9271277,,한전주,062-608-2894,광주광역시 동구청,2025-12-23
동명동122,1,,광주광역시 동구 동명동 154-6,35.15010266,126.9243866,,한전주,062-608-2894,광주광역시 동구청,2025-12-23
동명동123,1,,광주광역시 동구 동명동 154-154,35.15070425,126.9274607,,한전주,062-608-2894,광주광역시 동구청,2025-12-23
동명동123-1,0,,광주광역시 동구 동명동 167-6,35.15090353,126.927373,,건축물,062-608-2894,광주광역시 동구청,2025-12-23
동명동124,1,,광주광역시 동구 동명동 154-92,35.15071487,126.9275284,,한전주,062-608-2894,광주광역시 동구청,2025-12-23
동명동125,1,,광주광역시 동구 동명동 154-158,35.15063858,126.9278183,,한전주,062-608-2894,광주광역시 동구청,2025-12-23
동명동126,1,,광주광역시 동구 동명동 154-247,35.15063477,126.9279861,,전용주,062-608-2894,광주광역시 동구청,2025-12-23
동명동127,1,,광주광역시 동구 동명동 35-3,35.15009114,126.9281616,,한전주,062-608-2894,광주광역시 동구청,2025-12-23
동명동128,1,,광주광역시 동구 동명동 163-39,35.15110581,126.9268025,,한전주,062-608-2894,광주광역시 동구청,2025-12-23
동명동129,1,,광주광역시 동구 동명동 163-13,35.15106941,126.9262772,,한전주,062-608-2894,광주광역시 동구청,2025-12-23
동명동130,1,,광주광역시 동구 동명동 163-33,35.15101242,126.9259988,,건축물,062-608-2894,광주광역시 동구청,2025-12-23
동명동131,1,,광주광역시 동구 동명동 158-1,35.15106201,126.925735,,한전주,062-608-2894,광주광역시 동구청,2025-12-23
동명동132,1,,광주광역시 동구 동명동 158-4,35.15113831,126.9253808,,한전주,062-608-2894,광주광역시 동구청,2025-12-23
동명동133,1,,광주광역시 동구 동명동 159-7,35.15141833,126.9257355,,한전주,062-608-2894,광주광역시 동구청,2025-12-23
동명동134,1,,광주광역시 동구 동명동 158-6,35.15091604,126.9257127,,한전주,062-608-2894,광주광역시 동구청,2025-12-23
동명동135,1,,광주광역시 동구 동명동 154-64,35.15085088,126.9252813,,한전주,062-608-2894,광주광역시 동구청,2025-12-23
동명동136,1,,광주광역시 동구 동명동 75-25,35.15063464,126.9255637,,한전주,062-608-2894,광주광역시 동구청,2025-12-23
동명동137,1,,광주광역시 동구 동명동 73-11,35.15023991,126.9259947,,한전주,062-608-2894,광주광역시 동구청,2025-12-23
동명동138,1,,광주광역시 동구 동명동 73-9,35.15019226,126.9257813,,한전주,062-608-2894,광주광역시 동구청,2025-12-23
동명동139,1,,광주광역시 동구 동명동 73-11,35.15023991,126.9259947,,한전주,062-608-2894,광주광역시 동구청,2025-12-23
동명동140,1,,광주광역시 동구 동명동 68-35,35.14985202,126.9265093,,한전주,062-608-2894,광주광역시 동구청,2025-12-23
동명동141,1,,광주광역시 동구 동명동 68-57,35.15031815,126.9263321,,한전주,062-608-2894,광주광역시 동구청,2025-12-23
동명동142,1,,광주광역시 동구 동명동 68-25,35.14995352,126.9263458,,한전주,062-608-2894,광주광역시 동구청,2025-12-23
동명동143,1,,광주광역시 동구 동명동 73-14,35.14997923,126.9259702,,한전주,062-608-2894,광주광역시 동구청,2025-12-23
동명동144,1,,광주광역시 동구 동명동 68-9,35.14977646,126.9261481,,건축물,062-608-2894,광주광역시 동구청,2025-12-23
동명동145,1,,광주광역시 동구 동명동 73-16,35.14978758,126.9259272,,건축물,062-608-2894,광주광역시 동구청,2025-12-23
동명동146,1,,광주광역시 동구 동명동 73-18,35.14985714,126.9254486,,한전주,062-608-2894,광주광역시 동구청,2025-12-23
동명동147,1,,광주광역시 동구 동명동 154-67,35.14993286,126.9251292,,한전주,062-608-2894,광주광역시 동구청,2025-12-23
동명동148,1,,광주광역시 동구 동명동 74,35.15019437,126.9254227,,한전주,062-608-2894,광주광역시 동구청,2025-12-23
동명동149,1,,광주광역시 동구 동명동 72-47,35.14962006,126.9253781,,한전주,062-608-2894,광주광역시 동구청,2025-12-23
동명동150,1,,광주광역시 동구 동명동 72-43,35.14957047,126.9255468,,한전주,062-608-2894,광주광역시 동구청,2025-12-23
동명동151,1,,광주광역시 동구 동명동 72-20,35.14925003,126.9253176,,한전주,062-608-2894,광주광역시 동구청,2025-12-23
동명동152,1,,광주광역시 동구 동명동 72-15,35.14912796,126.925412,,건축물,062-608-2894,광주광역시 동구청,2025-12-23
동명동153,1,,광주광역시 동구 동명동 72-11,35.14918484,126.9260742,,한전주,062-608-2894,광주광역시 동구청,2025-12-23
동명동154,1,,광주광역시 동구 동명동 72-50,35.14936066,126.9259644,,한전주,062-608-2894,광주광역시 동구청,2025-12-23
동명동155,1,,광주광역시 동구 동명동 68-66,35.14945602,126.9260392,,한전주,062-608-2894,광주광역시 동구청,2025-12-23
동명동156,1,,광주광역시 동구 동명동 68-49,35.14965554,126.9260919,,한전주,062-608-2894,광주광역시 동구청,2025-12-23
동명동157,1,,광주광역시 동구 동명동 72-7,35.14933395,126.9261932,,한전주,062-608-2894,광주광역시 동구청,2025-12-23
동명동158,1,,광주광역시 동구 동명동 143-50,35.14860182,126.9264374,,한전주,062-608-2894,광주광역시 동구청,2025-12-23
동명동159,1,,광주광역시 동구 동명동 143-38,35.14837646,126.9264297,,한전주,062-608-2894,광주광역시 동구청,2025-12-23
동명동160,1,,광주광역시 동구 동명동 143-35,35.14828873,126.9261932,,건축물,062-608-2894,광주광역시 동구청,2025-12-23
동명동161,1,,광주광역시 동구 동명동 143-43,35.14804792,126.9264145,,한전주,062-608-2894,광주광역시 동구청,2025-12-23
동명동162,1,,광주광역시 동구 동명동 141-24,35.14792633,126.9264069,,한전주,062-608-2894,광주광역시 동구청,2025-12-23
동명동163,1,,광주광역시 동구 동명동 141-10,35.14761895,126.9264537,,전용주,062-608-2894,광주광역시 동구청,2025-12-23
동명동164,1,,광주광역시 동구 동명동 140-7,35.14767133,126.9263499,,한전주,062-608-2894,광주광역시 동구청,2025-12-23
동명동165,1,,광주광역시 동구 동명동 139-13,35.14751403,126.9258881,,전용주,062-608-2894,광주광역시 동구청,2025-12-23
동명동166,1,,광주광역시 동구 동명동 140-4,35.14774704,126.9259795,,한전주,062-608-2894,광주광역시 동구청,2025-12-23
동명동167,1,,광주광역시 동구 동명동 143-78,35.14813614,126.9258394,,한전주,062-608-2894,광주광역시 동구청,2025-12-23
동명동168,1,,광주광역시 동구 동명동 143-71,35.14806366,126.9250183,,한전주,062-608-2894,광주광역시 동구청,2025-12-23
동명동169,1,,광주광역시 동구 동명동 143-82,35.14786547,126.9252014,,건축물,062-608-2894,광주광역시 동구청,2025-12-23
동명동170,1,,광주광역시 동구 동명동 146-3,35.14814705,126.9246216,,한전주,062-608-2894,광주광역시 동구청,2025-12-23
동명동171,1,,광주광역시 동구 동명동 154-116,35.14946747,126.9245834,,한전주,062-608-2894,광주광역시 동구청,2025-12-23
동명동172,1,,광주광역시 동구 동명동 154-17,35.14974671,126.9248426,,한전주,062-608-2894,광주광역시 동구청,2025-12-23
동명동173,1,,광주광역시 동구 동명동 154-116,35.14943314,126.924506,,한전주,062-608-2894,광주광역시 동구청,2025-12-23
동명동174,1,,광주광역시 동구 동명동 197-26,35.15020014,126.9233704,,한전주,062-608-2894,광주광역시 동구청,2025-12-23
동명동175,1,,광주광역시 동구 동명동 154-39,35.15020752,126.9239119,,한전주,062-608-2894,광주광역시 동구청,2025-12-23
동명동176,1,,광주광역시 동구 동명동 154-38,35.15041351,126.9237744,,건축물,062-608-2894,광주광역시 동구청,2025-12-23
동명동177,1,,광주광역시 동구 동명동 154-49,35.15003718,126.9240112,,한전주,062-608-2894,광주광역시 동구청,2025-12-23
동명동178,1,,광주광역시 동구 동명동 154-43,35.15027827,126.9241696,,한전주,062-608-2894,광주광역시 동구청,2025-12-23
동명동179,1,,광주광역시 동구 동명동 154-11,35.15011215,126.9246657,,한전주,062-608-2894,광주광역시 동구청,2025-12-23
동명동180,1,,광주광역시 동구 동명동 154-55,35.14989351,126.9243633,,한전주,062-608-2894,광주광역시 동구청,2025-12-23
동명동181,1,,광주광역시 동구 동명동 154-20,35.14967767,126.9245071,,한전주,062-608-2894,광주광역시 동구청,2025-12-23
동명동182,1,,광주광역시 동구 동명동 154-71,35.14997101,126.924942,,한전주,062-608-2894,광주광역시 동구청,2025-12-23
동명동183,1,,광주광역시 동구 동명동 154-10,35.15037155,126.9247457,,한전주,062-608-2894,광주광역시 동구청,2025-12-23
동명동184,1,,광주광역시 동구 동명동 154-26,35.15072225,126.9245535,,한전주,062-608-2894,광주광역시 동구청,2025-12-23
동명동185,1,,광주광역시 동구 동명동 154-8,35.15038875,126.9249573,,한전주,062-608-2894,광주광역시 동구청,2025-12-23
동명동186,1,,광주광역시 동구 동명동 154-27,35.15088485,126.9243996,,한전주,062-608-2894,광주광역시 동구청,2025-12-23
동명동187,1,,광주광역시 동구 동명동 154-44,35.15048382,126.924369,,한전주,062-608-2894,광주광역시 동구청,2025-12-23
동명동188,1,,광주광역시 동구 동명동 154-33,35.15085137,126.9241908,,한전주,062-608-2894,광주광역시 동구청,2025-12-23
동명동189,1,,광주광역시 동구 동명동 154-192,35.15072632,126.9238549,,한전주,062-608-2894,광주광역시 동구청,2025-12-23
동명동190,1,,광주광역시 동구 동명동 154-36,35.15068436,126.9236575,,한전주,062-608-2894,광주광역시 동구청,2025-12-23
동명동191,1,,광주광역시 동구 동명동 154-230,35.15068817,126.9234701,,건축물,062-608-2894,광주광역시 동구청,2025-12-23
동명동192,1,,광주광역시 동구 동명동 200-28,35.15134299,126.923996,,한전주,062-608-2894,광주광역시 동구청,2025-12-23
동명동193,1,,광주광역시 동구 동명동 200-211,35.1510849,126.9237318,,한전주,062-608-2894,광주광역시 동구청,2025-12-23
동명동194,1,,광주광역시 동구 동명동 200-197,35.15085983,126.9236908,,한전주,062-608-2894,광주광역시 동구청,2025-12-23
동명동195,1,,광주광역시 동구 동명동 155-12,35.15130233,126.9242325,,한전주,062-608-2894,광주광역시 동구청,2025-12-23
동명동196,1,,광주광역시 동구 동명동 154-24,35.15102005,126.9246251,,건축물,062-608-2894,광주광역시 동구청,2025-12-23
동명동197,1,,광주광역시 동구 동명동 155-1,35.15116119,126.9248047,,한전주,062-608-2894,광주광역시 동구청,2025-12-23
동명동198,1,,광주광역시 동구 동명동 154-3,35.15077591,126.9249438,,한전주,062-608-2894,광주광역시 동구청,2025-12-23
동명동199,1,,광주광역시 동구 동명동 156-4,35.15118061,126.9251616,,한전주,062-608-2894,광주광역시 동구청,2025-12-23
동명동200,1,,광주광역시 동구 동명동 189-6,35.15148926,126.9248047,,한전주,062-608-2894,광주광역시 동구청,2025-12-23
동명동201,1,,광주광역시 동구 동명동 157-7,35.15129245,126.925209,,한전주,062-608-2894,광주광역시 동구청,2025-12-23
동명동202,1,,광주광역시 동구 동명동 155-5,35.15137557,126.9245529,,한전주,062-608-2894,광주광역시 동구청,2025-12-23
동명동203,1,,광주광역시 동구 동명동 207-16,35.15258026,126.9247576,,한전주,062-608-2894,광주광역시 동구청,2025-12-23
동명동204,1,,광주광역시 동구 동명동 207-16,35.15256119,126.9247576,,한전주,062-608-2894,광주광역시 동구청,2025-12-23
동명동205,1,,광주광역시 동구 동명동 180-7,35.15246582,126.9249997,,전용주,062-608-2894,광주광역시 동구청,2025-12-23
동명동206,1,,광주광역시 동구 동명동 182-1,35.15230179,126.9249926,,한전주,062-608-2894,광주광역시 동구청,2025-12-23
동명동207,1,,광주광역시 동구 동명동 179-4,35.15236789,126.9251782,,한전주,062-608-2894,광주광역시 동구청,2025-12-23
동명동208,1,,광주광역시 동구 동명동 177-7,35.15188045,126.9253769,,전용주,062-608-2894,광주광역시 동구청,2025-12-23
동명동209,1,,광주광역시 동구 동명동 176-4,35.1519165,126.9256363,,전용주,062-608-2894,광주광역시 동구청,2025-12-23
동명동210,1,,광주광역시 동구 동명동 174-5,35.15216446,126.925508,,전용주,062-608-2894,광주광역시 동구청,2025-12-23
동명동211,1,,광주광역시 동구 동명동 181-8,35.15255356,126.9253803,,한전주,062-608-2894,광주광역시 동구청,2025-12-23
동명동212,1,,광주광역시 동구 동명동 181-17,35.15263748,126.9254532,,전용주,062-608-2894,광주광역시 동구청,2025-12-23
동명동213,1,,광주광역시 동구 동명동 181-5,35.15267472,126.9255971,,한전주,062-608-2894,광주광역시 동구청,2025-12-23
동명동214,1,,광주광역시 동구 동명동 174-9,35.15209198,126.925756,,한전주,062-608-2894,광주광역시 동구청,2025-12-23
동명동215,1,,광주광역시 동구 동명동 173-13,35.15221405,126.9262184,,한전주,062-608-2894,광주광역시 동구청,2025-12-23
동명동216,1,,광주광역시 동구 동명동 174-2,35.15206909,126.9260559,,한전주,062-608-2894,광주광역시 동구청,2025-12-23
동명동217,1,,광주광역시 동구 동명동 174-3,35.15201973,126.925972,,한전주,062-608-2894,광주광역시 동구청,2025-12-23
동명동218,1,,광주광역시 동구 동명동 175-5,35.1516318,126.9259491,,한전주,062-608-2894,광주광역시 동구청,2025-12-23
동명동219,1,,광주광역시 동구 동명동 168-36,35.15130961,126.9272842,,전용주,062-608-2894,광주광역시 동구청,2025-12-23
동명동220,1,,광주광역시 동구 동명동 171,35.15154675,126.9272614,,한전주,062-608-2894,광주광역시 동구청,2025-12-23
동명동221,1,,광주광역시 동구 동명동 171-4,35.15159353,126.9269028,,한전주,062-608-2894,광주광역시 동구청,2025-12-23
동명동222,1,,광주광역시 동구 동명동 138-11,35.14657974,126.9269836,,한전주,062-608-2894,광주광역시 동구청,2025-12-23
동명동223,1,,광주광역시 동구 동명동 135-2,35.14700634,126.9272995,,전용주,062-608-2894,광주광역시 동구청,2025-12-23
동명동224,1,,광주광역시 동구 동명동 172-1,35.1517334,126.9271675,,한전주,062-608-2894,광주광역시 동구청,2025-12-23
동명동225,1,,광주광역시 동구 동명동 172-5,35.15173156,126.9268467,,한전주,062-608-2894,광주광역시 동구청,2025-12-23
동명동226,1,,광주광역시 동구 동명동 173-6,35.15198135,126.926651,,한전주,062-608-2894,광주광역시 동구청,2025-12-23
동명동227,1,,광주광역시 동구 동명동 173-7,35.15207291,126.9266815,,전용주,062-608-2894,광주광역시 동구청,2025-12-23
동명동228,1,,광주광역시 동구 동명동 207-63,35.15282536,126.9247855,,한전주,062-608-2894,광주광역시 동구청,2025-12-23
동명동229,1,,광주광역시 동구 동명동 173-9,35.15214157,126.926559,,전용주,062-608-2894,광주광역시 동구청,2025-12-23
동명동230,1,,광주광역시 동구 동명동 207-87,35.15300751,126.9250259,,한전주,062-608-2894,광주광역시 동구청,2025-12-23
동명동231,1,,광주광역시 동구 동명동 207-66,35.15307999,126.9248123,,한전주,062-608-2894,광주광역시 동구청,2025-12-23
동명동232,1,,광주광역시 동구 동명동 208,35.15347686,126.9237595,,한전주,062-608-2894,광주광역시 동구청,2025-12-23
동명동233,1,,광주광역시 동구 동명동 208,35.15343857,126.9237213,,한전주,062-608-2894,광주광역시 동구청,2025-12-23
동명동234,1,,광주광역시 동구 동명동 208-8,35.15326309,126.9237137,,한전주,062-608-2894,광주광역시 동구청,2025-12-23
동명동235,1,,광주광역시 동구 동명동 208-3,35.15317079,126.9238586,,한전주,062-608-2894,광주광역시 동구청,2025-12-23
동명동236,1,,광주광역시 동구 동명동 208-10,35.15322241,126.9240799,,전용주,062-608-2894,광주광역시 동구청,2025-12-23
동명동237,1,,광주광역시 동구 동명동 209-16,35.15358142,126.9234894,,한전주,062-608-2894,광주광역시 동구청,2025-12-23
동명동238,1,,광주광역시 동구 동명동 209-15,35.15361038,126.9233093,,한전주,062-608-2894,광주광역시 동구청,2025-12-23
동명동239,1,,광주광역시 동구 동명동 209-37,35.15356827,126.9230605,,한전주,062-608-2894,광주광역시 동구청,2025-12-23
동명동240,1,,광주광역시 동구 동명동 209-34,35.15373993,126.9230618,,한전주,062-608-2894,광주광역시 동구청,2025-12-23
동명동241,1,,광주광역시 동구 동명동 209-32,35.15379715,126.922876,,한전주,062-608-2894,광주광역시 동구청,2025-12-23
동명동242,1,,광주광역시 동구 동명동 254-28,35.15393448,126.9230174,,한전주,062-608-2894,광주광역시 동구청,2025-12-23
동명동243,1,,광주광역시 동구 동명동 283-25,35.15385311,126.9228096,,한전주,062-608-2894,광주광역시 동구청,2025-12-23
동명동244,1,,광주광역시 동구 동명동 209-41,35.15365982,126.9227676,,한전주,062-608-2894,광주광역시 동구청,2025-12-23
동명동245,1,,광주광역시 동구 동명동 207-12,35.15329742,126.9227097,,한전주,062-608-2894,광주광역시 동구청,2025-12-23
동명동246,1,,광주광역시 동구 동명동 207-88,35.15299371,126.9230137,,전용주,062-608-2894,광주광역시 동구청,2025-12-23
동명동247,1,,광주광역시 동구 동명동 207-88,35.15299371,126.9230137,,전용주,062-608-2894,광주광역시 동구청,2025-12-23
동명동248,1,,광주광역시 동구 동명동 200-7,35.15277155,126.9233596,,한전주,062-608-2894,광주광역시 동구청,2025-12-23
동명동249,1,,광주광역시 동구 동명동 207-88,35.15299371,126.9230137,,한전주,062-608-2894,광주광역시 동구청,2025-12-23
동명동250,1,,광주광역시 동구 동명동 209-27,35.1534462,126.9231644,,전용주,062-608-2894,광주광역시 동구청,2025-12-23
동명동251,1,,광주광역시 동구 동명동 207-79,35.15314484,126.9232837,,한전주,062-608-2894,광주광역시 동구청,2025-12-23
동명동252,1,,광주광역시 동구 동명동 207-73,35.15307617,126.9235916,,한전주,062-608-2894,광주광역시 동구청,2025-12-23
동명동253,1,,광주광역시 동구 동명동 208-15,35.15306854,126.9239655,,한전주,062-608-2894,광주광역시 동구청,2025-12-23
동명동254,1,,광주광역시 동구 동명동 200-68,35.15257645,126.9239349,,건축물,062-608-2894,광주광역시 동구청,2025-12-23
동명동255,1,,광주광역시 동구 동명동 200-41,35.15253436,126.9228127,,한전주,062-608-2894,광주광역시 동구청,2025-12-23
동명동256,1,,광주광역시 동구 동명동 200-58,35.15249549,126.9225372,,한전주,062-608-2894,광주광역시 동구청,2025-12-23
동명동257,1,,광주광역시 동구 동명동 200-113,35.15215498,126.9222641,,한전주,062-608-2894,광주광역시 동구청,2025-12-23
동명동258,1,,광주광역시 동구 동명동 200-145,35.15209031,126.9226074,,한전주,062-608-2894,광주광역시 동구청,2025-12-23
동명동259,1,,광주광역시 동구 동명동 200-144,35.15224004,126.9228088,,한전주,062-608-2894,광주광역시 동구청,2025-12-23
동명동260,1,,광주광역시 동구 동명동 200-57,35.15245438,126.9226861,,한전주,062-608-2894,광주광역시 동구청,2025-12-23
동명동261,1,,광주광역시 동구 동명동 200-44,35.15274271,126.9227766,,한전주,062-608-2894,광주광역시 동구청,2025-12-23
동명동262,1,,광주광역시 동구 동명동 200-153,35.15197641,126.9231317,,한전주,062-608-2894,광주광역시 동구청,2025-12-23
동명동263,1,,광주광역시 동구 동명동 200-82,35.1524218,126.9233176,,한전주,062-608-2894,광주광역시 동구청,2025-12-23
동명동264,1,,광주광역시 동구 동명동 200-206,35.15267632,126.9234211,,한전주,062-608-2894,광주광역시 동구청,2025-12-23
동명동265,1,,광주광역시 동구 동명동 200-95,35.15196609,126.9233929,,한전주,062-608-2894,광주광역시 동구청,2025-12-23
동명동266,1,,광주광역시 동구 동명동 200-90,35.15212823,126.923605,,한전주,062-608-2894,광주광역시 동구청,2025-12-23
동명동267,1,,광주광역시 동구 동명동 200-74,35.1524353,126.9235687,,한전주,062-608-2894,광주광역시 동구청,2025-12-23
동명동268,1,,광주광역시 동구 동명동 200-69,35.15265274,126.923768,,한전주,062-608-2894,광주광역시 동구청,2025-12-23
동명동269,1,,광주광역시 동구 동명동 200-24,35.15187073,126.9238586,,한전주,062-608-2894,광주광역시 동구청,2025-12-23
동명동270,1,,광주광역시 동구 동명동 200-89,35.15210661,126.9237823,,건축물,062-608-2894,광주광역시 동구청,2025-12-23
동명동271,1,,광주광역시 동구 동명동 200-86,35.15222471,126.9238358,,한전주,062-608-2894,광주광역시 동구청,2025-12-23
동명동272,1,,광주광역시 동구 동명동 200-67,35.15229629,126.923912,,한전주,062-608-2894,광주광역시 동구청,2025-12-23
동명동273,1,,광주광역시 동구 동명동 200-195,35.15141296,126.9234214,,한전주,062-608-2894,광주광역시 동구청,2025-12-23
동명동274,1,,광주광역시 동구 동명동 200-108,35.15158081,126.9234009,,한전주,062-608-2894,광주광역시 동구청,2025-12-23
동명동275,1,,광주광역시 동구 동명동 200-166,35.15119553,126.9233294,,한전주,062-608-2894,광주광역시 동구청,2025-12-23
동명동276,1,,광주광역시 동구 동명동 154-145,35.15076423,126.9232025,,한전주,062-608-2894,광주광역시 동구청,2025-12-23
동명동277,1,,광주광역시 동구 동명동 200-141,35.15079474,126.9229736,,전용주,062-608-2894,광주광역시 동구청,2025-12-23
동명동278,1,,광주광역시 동구 동명동 200-12,35.15087389,126.9227422,,한전주,062-608-2894,광주광역시 동구청,2025-12-23
동명동279,1,,광주광역시 동구 동명동 200-12,35.15087389,126.9227422,,한전주,062-608-2894,광주광역시 동구청,2025-12-23
동명동280,1,,광주광역시 동구 동명동 200-178,35.15125656,126.9229126,,한전주,062-608-2894,광주광역시 동구청,2025-12-23
동명동281,1,,광주광역시 동구 동명동 200-200,35.15162366,126.9229889,,한전주,062-608-2894,광주광역시 동구청,2025-12-23
동명동282,1,,광주광역시 동구 동명동 200-155,35.15155411,126.9230714,,건축물,062-608-2894,광주광역시 동구청,2025-12-23
동명동283,1,,광주광역시 동구 동명동 184-8,35.15206909,126.9243774,,한전주,062-608-2894,광주광역시 동구청,2025-12-23
동명동284,1,,광주광역시 동구 동명동 184-4,35.15212631,126.9243396,,전용주,062-608-2894,광주광역시 동구청,2025-12-23
동명동285,1,,광주광역시 동구 동명동 183-20,35.15221869,126.9246368,,한전주,062-608-2894,광주광역시 동구청,2025-12-23
동명동286,1,,광주광역시 동구 동명동 183-7,35.15189596,126.925003,,한전주,062-608-2894,광주광역시 동구청,2025-12-23
동명동287,1,,광주광역시 동구 동명동 183-5,35.15200043,126.9249644,,한전주,062-608-2894,광주광역시 동구청,2025-12-23
동명동288,1,,광주광역시 동구 동명동 178-5,35.1521141,126.9252221,,전용주,062-608-2894,광주광역시 동구청,2025-12-23
동명동289,1,,광주광역시 동구 동명동 200-13,35.15154266,126.9225254,,한전주,062-608-2894,광주광역시 동구청,2025-12-23
동명동290,1,,광주광역시 동구 동명동 200-105,35.15177917,126.9229126,,한전주,062-608-2894,광주광역시 동구청,2025-12-23
동명동291,1,,광주광역시 동구 동명동 200-198,35.15181351,126.9232091,,건축물,062-608-2894,광주광역시 동구청,2025-12-23
동명동292,1,,광주광역시 동구 동명동 200-148,35.15174751,126.9224841,,한전주,062-608-2894,광주광역시 동구청,2025-12-23
동명동293,1,,광주광역시 동구 동명동 200-125,35.15181351,126.9225307,,건축물,062-608-2894,광주광역시 동구청,2025-12-23
동명동294,1,,광주광역시 동구 동명동 200-147,35.15195084,126.9225159,,한전주,062-608-2894,광주광역시 동구청,2025-12-23
동명동295,1,,광주광역시 동구 동명동 200-215,35.1514807,126.9222036,,건축물,062-608-2894,광주광역시 동구청,2025-12-23
동명동296,1,,광주광역시 동구 동명동 200-122,35.15190812,126.9221802,,건축물,062-608-2894,광주광역시 동구청,2025-12-23
동명동297,1,,광주광역시 동구 동명동 200-137,35.15187073,126.9220017,,한전주,062-608-2894,광주광역시 동구청,2025-12-23
동명동298,1,,광주광역시 동구 동명동 200-158,35.15139389,126.9223326,,한전주,062-608-2894,광주광역시 동구청,2025-12-23
동명동299,1,,광주광역시 동구 동명동 200-189,35.15126419,126.9224242,,건축물,062-608-2894,광주광역시 동구청,2025-12-23
동명동300,1,,광주광역시 동구 동명동 200-214,35.15151681,126.9219979,,한전주,062-608-2894,광주광역시 동구청,2025-12-23
동명동301,1,,광주광역시 동구 동명동 230-21,35.15172958,126.9213028,,한전주,062-608-2894,광주광역시 동구청,2025-12-23
동명동302,1,,광주광역시 동구 동명동 228-104,35.15199267,126.9216232,,한전주,062-608-2894,광주광역시 동구청,2025-12-23
동명동303,1,,광주광역시 동구 동명동 228-54,35.15209961,126.9213052,,전용주,062-608-2894,광주광역시 동구청,2025-12-23
동명동304,1,,광주광역시 동구 동명동 228-65,35.15212265,126.9213181,,한전주,062-608-2894,광주광역시 동구청,2025-12-23
동명동305,1,,광주광역시 동구 동명동 228-64,35.15217209,126.9211655,,전용주,062-608-2894,광주광역시 동구청,2025-12-23
동명동306,1,,광주광역시 동구 동명동 230-4,35.15207291,126.9210052,,한전주,062-608-2894,광주광역시 동구청,2025-12-23
동명동307,1,,광주광역시 동구 동명동 227-13,35.15250622,126.9212341,,전용주,062-608-2894,광주광역시 동구청,2025-12-23
동명동308,1,,광주광역시 동구 동명동 227-13,35.15250015,126.9212892,,건축물,062-608-2894,광주광역시 동구청,2025-12-23
동명동309,1,,광주광역시 동구 동명동 228-93,35.15236425,126.9206234,,한전주,062-608-2894,광주광역시 동구청,2025-12-23
동명동310,1,,광주광역시 동구 동명동 228-21,35.15236586,126.9208298,,한전주,062-608-2894,광주광역시 동구청,2025-12-23
동명동311,1,,광주광역시 동구 동명동 234-2,35.15270798,126.9208842,,한전주,062-608-2894,광주광역시 동구청,2025-12-23
동명동312,1,,광주광역시 동구 동명동 236-9,35.1529541,126.9208166,,전용주,062-608-2894,광주광역시 동구청,2025-12-23
동명동313,1,,광주광역시 동구 동명동 236-14,35.1529643,126.9204744,,한전주,062-608-2894,광주광역시 동구청,2025-12-23
동명동314,1,,광주광역시 동구 동명동 236-24,35.15317917,126.920433,,한전주,062-608-2894,광주광역시 동구청,2025-12-23
동명동315,1,,광주광역시 동구 동명동 222-1,35.15327072,126.9206467,,건축물,062-608-2894,광주광역시 동구청,2025-12-23
동명동316,1,,광주광역시 동구 동명동 236-7,35.1530571,126.9207687,,전용주,062-608-2894,광주광역시 동구청,2025-12-23
동명동317,1,,광주광역시 동구 동명동 243-15,35.15335375,126.9201524,,한전주,062-608-2894,광주광역시 동구청,2025-12-23
동명동318,1,,광주광역시 동구 동명동 243-16,35.15335984,126.9202373,,전용주,062-608-2894,광주광역시 동구청,2025-12-23
동명동319,1,,광주광역시 동구 동명동 245-23,35.15346377,126.9204144,,전용주,062-608-2894,광주광역시 동구청,2025-12-23
동명동320,1,,광주광역시 동구 동명동 243-7,35.15362167,126.9200363,,건축물,062-608-2894,광주광역시 동구청,2025-12-23
동명동321,1,,광주광역시 동구 동명동 246-11,35.1536293,126.9206467,,전용주,062-608-2894,광주광역시 동구청,2025-12-23
동명동322,1,,광주광역시 동구 동명동 246-17,35.15380859,126.9204801,,전용주,062-608-2894,광주광역시 동구청,2025-12-23
동명동323,1,,광주광역시 동구 동명동 246-16,35.15402592,126.9204178,,한전주,062-608-2894,광주광역시 동구청,2025-12-23
동명동324,1,,광주광역시 동구 동명동 242-11,35.15342331,126.9198227,,한전주,062-608-2894,광주광역시 동구청,2025-12-23
동명동325,1,,광주광역시 동구 동명동 291-19,35.15316287,126.9193279,,한전주,062-608-2894,광주광역시 동구청,2025-12-23
동명동326,1,,광주광역시 동구 동명동 238-5,35.15287756,126.9198456,,한전주,062-608-2894,광주광역시 동구청,2025-12-23
동명동327,1,,광주광역시 동구 동명동 292,35.15113974,126.9222481,,한전주,062-608-2894,광주광역시 동구청,2025-12-23
동명동328,1,,광주광역시 동구 동명동 238-3,35.15287756,126.9198836,,한전주,062-608-2894,광주광역시 동구청,2025-12-23
동명동329,1,,광주광역시 동구 동명동 238-10,35.15274941,126.9203201,,한전주,062-608-2894,광주광역시 동구청,2025-12-23
동명동330,1,,광주광역시 동구 동명동 237-6,35.15300484,126.9203415,,한전주,062-608-2894,광주광역시 동구청,2025-12-23
동명동331,1,,광주광역시 동구 동명동 235-6,35.1525196,126.9203415,,한전주,062-608-2894,광주광역시 동구청,2025-12-23
동명동332,1,,광주광역시 동구 동명동 235-4,35.15264356,126.9205475,,전용주,062-608-2894,광주광역시 동구청,2025-12-23
동명동333,1,,광주광역시 동구 동명동 226-22,35.15279007,126.9213257,,한전주,062-608-2894,광주광역시 동구청,2025-12-23
동명동334,1,,광주광역시 동구 동명동 225-2,35.15274048,126.9215795,,한전주,062-608-2894,광주광역시 동구청,2025-12-23
동명동335,1,,광주광역시 동구 동명동 226-36,35.15262604,126.9217442,,한전주,062-608-2894,광주광역시 동구청,2025-12-23
동명동336,1,,광주광역시 동구 동명동 226-13,35.15257098,126.9217911,,전용주,062-608-2894,광주광역시 동구청,2025-12-23
동명동337,1,,광주광역시 동구 동명동 226-20,35.15246201,126.9215841,,건축물,062-608-2894,광주광역시 동구청,2025-12-23
동명동338,1,,광주광역시 동구 동명동 207-44,35.15281677,126.9216371,,한전주,062-608-2894,광주광역시 동구청,2025-12-23
동명동339,1,,광주광역시 동구 동명동 226-7,35.15283203,126.9220276,,한전주,062-608-2894,광주광역시 동구청,2025-12-23
동명동340,1,,광주광역시 동구 동명동 226,35.15287399,126.9223523,,전용주,062-608-2894,광주광역시 동구청,2025-12-23
동명동341,1,,광주광역시 동구 동명동 228-46,35.15224574,126.9219968,,한전주,062-608-2894,광주광역시 동구청,2025-12-23
동명동342,1,,광주광역시 동구 동명동 228-46,35.15222168,126.9219968,,한전주,062-608-2894,광주광역시 동구청,2025-12-23
동명동343,1,,광주광역시 동구 동명동 228-35,35.15230179,126.9218063,,건축물,062-608-2894,광주광역시 동구청,2025-12-23
동명동344,1,,광주광역시 동구 동명동 226-31,35.15254974,126.9221802,,한전주,062-608-2894,광주광역시 동구청,2025-12-23
동명동345,1,,광주광역시 동구 동명동 226-31,35.15256882,126.9221189,,한전주,062-608-2894,광주광역시 동구청,2025-12-23
동명동346,1,,광주광역시 동구 동명동 207-34,35.15306854,126.9220068,,전용주,062-608-2894,광주광역시 동구청,2025-12-23
동명동347,1,,광주광역시 동구 동명동 209-87,35.15332417,126.9219197,,한전주,062-608-2894,광주광역시 동구청,2025-12-23
동명동348,1,,광주광역시 동구 동명동 207-37,35.15309525,126.9217072,,한전주,062-608-2894,광주광역시 동구청,2025-12-23
동명동349,1,,광주광역시 동구 동명동 207-43,35.15290451,126.9215297,,한전주,062-608-2894,광주광역시 동구청,2025-12-23
동명동350,1,,광주광역시 동구 동명동 218-5,35.15302277,126.9212723,,한전주,062-608-2894,광주광역시 동구청,2025-12-23
동명동351,1,,광주광역시 동구 동명동 209-96,35.15315586,126.9214662,,전용주,062-608-2894,광주광역시 동구청,2025-12-23
동명동352,1,,광주광역시 동구 동명동 214,35.15328754,126.9211793,,한전주,062-608-2894,광주광역시 동구청,2025-12-23
동명동353,1,,광주광역시 동구 동명동 212-2,35.15360641,126.9208908,,한전주,062-608-2894,광주광역시 동구청,2025-12-23
동명동354,1,,광주광역시 동구 동명동 246-9,35.15372849,126.9207036,,전용주,062-608-2894,광주광역시 동구청,2025-12-23
동명동355,1,,광주광역시 동구 동명동 249-9,35.15398026,126.9209301,,전용주,062-608-2894,광주광역시 동구청,2025-12-23
동명동356,1,,광주광역시 동구 동명동 247-6,35.15377045,126.9209079,,한전주,062-608-2894,광주광역시 동구청,2025-12-23
동명동357,1,,광주광역시 동구 동명동 249-9,35.15398026,126.920990,,한전주,062-608-2894,광주광역시 동구청,2025-12-23
동명동358,1,,광주광역시 동구 동명동 249-13,35.15395179,126.921346,,한전주,062-608-2894,광주광역시 동구청,2025-12-23
동명동359,1,,광주광역시 동구 동명동 249-10,35.15372086,126.921111,,한전주,062-608-2894,광주광역시 동구청,2025-12-23
동명동360,1,,광주광역시 동구 동명동 250-32,35.15380475,126.921331,,한전주,062-608-2894,광주광역시 동구청,2025-12-23
동명동361,1,,광주광역시 동구 동명동 250-37,35.15389658,126.9213066,,전용주,062-608-2894,광주광역시 동구청,2025-12-23
동명동362,1,,광주광역시 동구 동명동 251-7,35.15397263,126.9215164,,전용주,062-608-2894,광주광역시 동구청,2025-12-23
동명동363,1,,광주광역시 동구 동명동 251-16,35.15409157,126.9216003,,한전주,062-608-2894,광주광역시 동구청,2025-12-23
동명동364,1,,광주광역시 동구 동명동 251-1,35.15429688,126.9215851,,한전주,062-608-2894,광주광역시 동구청,2025-12-23
동명동365,1,,광주광역시 동구 동명동 209-83,35.15367126,126.9216843,,한전주,062-608-2894,광주광역시 동구청,2025-12-23
동명동366,1,,광주광역시 동구 동명동 291-19,35.15316287,126.9193279,,전용주,062-608-2894,광주광역시 동구청,2025-12-23
동명동367,1,,광주광역시 동구 동명동 209-106,35.15356827,126.9212999,,한전주,062-608-2894,광주광역시 동구청,2025-12-23
동명동368,1,,광주광역시 동구 동명동 209-100,35.15343857,126.9215775,,한전주,062-608-2894,광주광역시 동구청,2025-12-23
동명동369,1,,광주광역시 동구 동명동 209-97,35.15321647,126.9215622,,전용주,062-608-2894,광주광역시 동구청,2025-12-23
동명동370,1,,광주광역시 동구 동명동 209-86,35.15339661,126.9217606,,한전주,062-608-2894,광주광역시 동구청,2025-12-23
동명동371,1,,광주광역시 동구 동명동 209-7,35.15333176,126.9221416,,전용주,062-608-2894,광주광역시 동구청,2025-12-23
동명동372,1,,광주광역시 동구 동명동 209-55,35.1535484,126.9222785,,한전주,062-608-2894,광주광역시 동구청,2025-12-23
동명동373,1,,광주광역시 동구 동명동 209-150,35.15325334,126.9224473,,한전주,062-608-2894,광주광역시 동구청,2025-12-23
동명동374,1,,광주광역시 동구 동명동 209-150,35.15326309,126.9224701,,전용주,062-608-2894,광주광역시 동구청,2025-12-23
동명동375,1,,광주광역시 동구 동명동 254-4,35.15402603,126.9227453,,한전주,062-608-2894,광주광역시 동구청,2025-12-23
동명동376,1,,광주광역시 동구 동명동 254-32,35.15401459,126.9223175,,한전주,062-608-2894,광주광역시 동구청,2025-12-23
동명동377,1,,광주광역시 동구 동명동 254-10,35.15428543,126.9223404,,한전주,062-608-2894,광주광역시 동구청,2025-12-23
동명동378,1,,광주광역시 동구 동명동 254-15,35.15410995,126.922020,,전용주,062-608-2894,광주광역시 동구청,2025-12-23
동명동379,1,,광주광역시 동구 동명동 283-20,35.15409204,126.9219798,,전용주,062-608-2894,광주광역시 동구청,2025-12-23
동명동380,1,,광주광역시 동구 동명동 253-2,35.15431595,126.9220538,,한전주,062-608-2894,광주광역시 동구청,2025-12-23
동명동381,1,,광주광역시 동구 동명동 251-24,35.15402222,126.9218633,,한전주,062-608-2894,광주광역시 동구청,2025-12-23
동명동382,1,,광주광역시 동구 동명동 209-72,35.15359497,126.9220428,,한전주,062-608-2894,광주광역시 동구청,2025-12-23
동명동383,1,,광주광역시 동구 동명동 291-37,35.15360641,126.9218348,,전용주,062-608-2894,광주광역시 동구청,2025-12-23
동명동384,1,,광주광역시 동구 동명동 250-7,35.15381622,126.9222272,,전용주,062-608-2894,광주광역시 동구청,2025-12-23
동명동385,1,,광주광역시 동구 동명동 283-41,35.15470728,126.9223753,,한전주,062-608-2894,광주광역시 동구청,2025-12-23
동명동386,1,,광주광역시 동구 동명동 260-1,35.15509796,126.9218597,,전용주,062-608-2894,광주광역시 동구청,2025-12-23
동명동387,1,,광주광역시 동구 동명동 264-3,35.15495682,126.9217322,,한전주,062-608-2894,광주광역시 동구청,2025-12-23
동명동388,1,,광주광역시 동구 동명동 257-5,35.15478798,126.9217911,,전용주,062-608-2894,광주광역시 동구청,2025-12-23
동명동389,1,,광주광역시 동구 동명동 264,35.15488817,126.9214715,,한전주,062-608-2894,광주광역시 동구청,2025-12-23
동명동390,1,,광주광역시 동구 동명동 257-3,35.15473557,126.9220123,,전용주,062-608-2894,광주광역시 동구청,2025-12-23
동명동391,1,,광주광역시 동구 동명동 173-4,35.15222384,126.926384,,전용주,062-608-2894,광주광역시 동구청,2025-12-23
동명동392,1,,광주광역시 동구 동명동 180-15,35.15235901,126.9261932,,한전주,062-608-2894,광주광역시 동구청,2025-12-23
산수동540,1,,광주광역시 동구 산수동 553-59,35.15486526,126.9306161,,건축물,062-608-2894,광주광역시 동구청,2025-12-23
산수동541,1,,광주광역시 동구 산수동 554-11,35.1545372,126.9302688,,한전주,062-608-2894,광주광역시 동구청,2025-12-23
산수동542,1,,광주광역시 동구 산수동 553-39,35.15460587,126.9307321,,전용주,062-608-2894,광주광역시 동구청,2025-12-23
산수동543,1,,광주광역시 동구 산수동 553-57,35.15481186,126.9309536,,전용주,062-608-2894,광주광역시 동구청,2025-12-23
산수동544,1,,광주광역시 동구 산수동 553-34,35.15473557,126.9314804,,한전주,062-608-2894,광주광역시 동구청,2025-12-23
산수동545,1,,광주광역시 동구 산수동 552-16,35.15576935,126.9293632,,한전주,062-608-2894,광주광역시 동구청,2025-12-23
산수동546,1,,광주광역시 동구 산수동 554-41,35.15569305,126.9294904,,한전주,062-608-2894,광주광역시 동구청,2025-12-23
산수동547,1,,광주광역시 동구 산수동 554-37,35.15532303,126.9296722,,전용주,062-608-2894,광주광역시 동구청,2025-12-23
산수동548,1,,광주광역시 동구 산수동 554-35,35.15513611,126.9296669,,한전주,062-608-2894,광주광역시 동구청,2025-12-23
산수동549,1,,광주광역시 동구 산수동 554-7,35.15490596,126.9298096,,한전주,062-608-2894,광주광역시 동구청,2025-12-23
산수동550,1,,광주광역시 동구 산수동 554-24,35.15466309,126.9298549,,전용주,062-608-2894,광주광역시 동구청,2025-12-23
산수동551,1,,광주광역시 동구 산수동 554-10,35.15465504,126.9300704,,전용주,062-608-2894,광주광역시 동구청,2025-12-23
산수동552,1,,광주광역시 동구 산수동 554-15,35.15433121,126.9297715,,전용주,062-608-2894,광주광역시 동구청,2025-12-23
산수동553,1,,광주광역시 동구 산수동 554-17,35.15421677,126.9296091,,한전주,062-608-2894,광주광역시 동구청,2025-12-23
산수동554,1,,광주광역시 동구 산수동 554-16,35.15433884,126.9297048,,전용주,062-608-2894,광주광역시 동구청,2025-12-23
산수동555,1,,광주광역시 동구 산수동 404-4,35.15538573,126.9291063,,한전주,062-608-2894,광주광역시 동구청,2025-12-23
산수동556,1,,광주광역시 동구 산수동 404-4,35.15530014,126.9291992,,전용주,062-608-2894,광주광역시 동구청,2025-12-23
산수동557,1,,광주광역시 동구 산수동 402-2,35.15508976,126.9292983,,전용주,062-608-2894,광주광역시 동구청,2025-12-23
산수동558,1,,광주광역시 동구 산수동 554-26,35.15466309,126.9295974,,한전주,062-608-2894,광주광역시 동구청,2025-12-23
산수동559,1,,광주광역시 동구 산수동 554-18,35.15432739,126.9295068,,한전주,062-608-2894,광주광역시 동구청,2025-12-23
산수동560,1,,광주광역시 동구 산수동 401-95,35.15415955,126.9292679,,한전주,062-608-2894,광주광역시 동구청,2025-12-23
산수동561,1,,광주광역시 동구 산수동 401-58,35.15441235,126.9284433,,한전주,062-608-2894,광주광역시 동구청,2025-12-23
산수동562,1,,광주광역시 동구 산수동 401-58,35.15441235,126.9284433,,한전주,062-608-2894,광주광역시 동구청,2025-12-23
산수동563,1,,광주광역시 동구 산수동 397-1,35.15411758,126.9276581,,건축물,062-608-2894,광주광역시 동구청,2025-12-23
산수동564,1,,광주광역시 동구 산수동 395-3,35.15436667,126.9275436,,건축물,062-608-2894,광주광역시 동구청,2025-12-23
산수동565,1,,광주광역시 동구 산수동 395-3,35.15435791,126.9275605,,건축물,062-608-2894,광주광역시 동구청,2025-12-23
산수동566,1,,광주광역시 동구 산수동 396-14,35.15431595,126.9277782,,한전주,062-608-2894,광주광역시 동구청,2025-12-23
산수동567,1,,광주광역시 동구 산수동 401-22,35.15513077,126.9275982,,한전주,062-608-2894,광주광역시 동구청,2025-12-23
산수동568,1,,광주광역시 동구 산수동 401-24,35.15500388,126.9274292,,한전주,062-608-2894,광주광역시 동구청,2025-12-23
산수동569,1,,광주광역시 동구 산수동 392-2,35.15464272,126.9270859,,한전주,062-608-2894,광주광역시 동구청,2025-12-23
산수동570,1,,광주광역시 동구 산수동 401-31,35.15472782,126.9272303,,한전주,062-608-2894,광주광역시 동구청,2025-12-23
산수동571,1,,광주광역시 동구 산수동 401-38,35.154539,126.9274023,,전용주,062-608-2894,광주광역시 동구청,2025-12-23
산수동572,1,,광주광역시 동구 산수동 395-1,35.15440682,126.9273226,,한전주,062-608-2894,광주광역시 동구청,2025-12-23
산수동573,1,,광주광역시 동구 산수동 406-10,35.15490623,126.9271231,,한전주,062-608-2894,광주광역시 동구청,2025-12-23
산수동574,1,,광주광역시 동구 산수동 390-9,35.15498352,126.9269028,,한전주,062-608-2894,광주광역시 동구청,2025-12-23
산수동575,1,,광주광역시 동구 산수동 406-9,35.15502548,126.9272512,,건축물,062-608-2894,광주광역시 동구청,2025-12-23
산수동576,1,,광주광역시 동구 산수동 406-8,35.15511703,126.9272308,,한전주,062-608-2894,광주광역시 동구청,2025-12-23
산수동577,1,,광주광역시 동구 산수동 406-6,35.15543062,126.9275467,,한전주,062-608-2894,광주광역시 동구청,2025-12-23
산수동578,1,,광주광역시 동구 산수동 406-5,35.15550605,126.9275122,,한전주,062-608-2894,광주광역시 동구청,2025-12-23
산수동579,1,,광주광역시 동구 산수동 562-12,35.15604069,126.9275284,,한전주,062-608-2894,광주광역시 동구청,2025-12-23
산수동580,1,,광주광역시 동구 산수동 406-11,35.15544601,126.9273071,,한전주,062-608-2894,광주광역시 동구청,2025-12-23
산수동581,1,,광주광역시 동구 산수동 406-3,35.15565121,126.9274139,,전용주,062-608-2894,광주광역시 동구청,2025-12-23
산수동582,1,,광주광역시 동구 산수동 426-32,35.15575027,126.9271743,,전용주,062-608-2894,광주광역시 동구청,2025-12-23
산수동583,1,,광주광역시 동구 산수동 426-31,35.15570102,126.9270477,,전용주,062-608-2894,광주광역시 동구청,2025-12-23
산수동584,1,,광주광역시 동구 산수동 426-37,35.15591049,126.9272953,,한전주,062-608-2894,광주광역시 동구청,2025-12-23
산수동585,1,,광주광역시 동구 산수동 390-26,35.15555917,126.9271393,,전용주,062-608-2894,광주광역시 동구청,2025-12-23
산수동586,1,,광주광역시 동구 산수동 426-9,35.15533829,126.9269652,,전용주,062-608-2894,광주광역시 동구청,2025-12-23
산수동587,1,,광주광역시 동구 산수동 426-3,35.15613476,126.9273795,,한전주,062-608-2894,광주광역시 동구청,2025-12-23
산수동588,1,,광주광역시 동구 산수동 407-10,35.15637207,126.9275854,,한전주,062-608-2894,광주광역시 동구청,2025-12-23
산수동589,1,,광주광역시 동구 산수동 425-2,35.15653229,126.9273758,,한전주,062-608-2894,광주광역시 동구청,2025-12-23
산수동590,1,,광주광역시 동구 산수동 426-16,35.15622711,126.9271698,,한전주,062-608-2894,광주광역시 동구청,2025-12-23
산수동591,1,,광주광역시 동구 산수동 425-21,35.15637911,126.9272287,,전용주,062-608-2894,광주광역시 동구청,2025-12-23
산수동592,1,,광주광역시 동구 산수동 425-14,35.1567043,126.9271827,,전용주,062-608-2894,광주광역시 동구청,2025-12-23
산수동593,1,,광주광역시 동구 산수동 423-10,35.15636826,126.9275131,,건축물,062-608-2894,광주광역시 동구청,2025-12-23
산수동594,1,,광주광역시 동구 산수동 424-5,35.15664673,126.927475,,한전주,062-608-2894,광주광역시 동구청,2025-12-23
산수동595,1,,광주광역시 동구 산수동 423-6,35.15678845,126.9275131,,한전주,062-608-2894,광주광역시 동구청,2025-12-23
산수동596,1,,광주광역시 동구 산수동 423-26,35.15696813,126.927475,,전용주,062-608-2894,광주광역시 동구청,2025-12-23
산수동597,1,,광주광역시 동구 산수동 428-5,35.15622566,126.9268585,,한전주,062-608-2894,광주광역시 동구청,2025-12-23
산수동598,1,,광주광역시 동구 산수동 427-15,35.15635767,126.926795,,한전주,062-608-2894,광주광역시 동구청,2025-12-23
산수동599,1,,광주광역시 동구 산수동 427-1,35.15649085,126.9267273,,한전주,062-608-2894,광주광역시 동구청,2025-12-23
산수동600,1,,광주광역시 동구 산수동 453-12,35.15693665,126.9266983,,한전주,062-608-2894,광주광역시 동구청,2025-12-23
산수동601,1,,광주광역시 동구 산수동 453-26,35.1570816,126.926566,,전용주,062-608-2894,광주광역시 동구청,2025-12-23
산수동602,1,,광주광역시 동구 산수동 425-25,35.15676498,126.9272054,,한전주,062-608-2894,광주광역시 동구청,2025-12-23
산수동603,1,,광주광역시 동구 산수동 425-1,35.15719986,126.9270248,,전용주,062-608-2894,광주광역시 동구청,2025-12-23
산수동604,1,,광주광역시 동구 산수동 425-28,35.15706939,126.9271317,,한전주,062-608-2894,광주광역시 동구청,2025-12-23
산수동605,1,,광주광역시 동구 산수동 452-5,35.15685654,126.926590,,한전주,062-608-2894,광주광역시 동구청,2025-12-23
산수동606,1,,광주광역시 동구 산수동 452-10,35.15667179,126.9264877,,한전주,062-608-2894,광주광역시 동구청,2025-12-23
산수동607,1,,광주광역시 동구 산수동 451-8,35.15655325,126.9264648,,한전주,062-608-2894,광주광역시 동구청,2025-12-23
산수동608,1,,광주광역시 동구 산수동 429-2,35.15597153,126.9268481,,전용주,062-608-2894,광주광역시 동구청,2025-12-23
산수동609,1,,광주광역시 동구 산수동 426-40,35.15569632,126.9267654,,전용주,062-608-2894,광주광역시 동구청,2025-12-23
산수동610,1,,광주광역시 동구 산수동 430-6,35.15598297,126.9267023,,한전주,062-608-2894,광주광역시 동구청,2025-12-23
산수동611,1,,광주광역시 동구 산수동 427-6,35.15626907,126.9263763,,한전주,062-608-2894,광주광역시 동구청,2025-12-23
산수동612,1,,광주광역시 동구 산수동 374-247,35.15570446,126.9264547,,한전주,062-608-2894,광주광역시 동구청,2025-12-23
산수동613,1,,광주광역시 동구 산수동 447-21,35.15686097,126.9260042,,한전주,062-608-2894,광주광역시 동구청,2025-12-23
산수동614,1,,광주광역시 동구 산수동 447-21,35.15684891,126.9260025,,한전주,062-608-2894,광주광역시 동구청,2025-12-23
산수동615,1,,광주광역시 동구 산수동 447-22,35.15751648,126.9258454,,한전주,062-608-2894,광주광역시 동구청,2025-12-23
산수동616,1,,광주광역시 동구 산수동 456-9,35.15762638,126.9262664,,전용주,062-608-2894,광주광역시 동구청,2025-12-23
산수동617,1,,광주광역시 동구 산수동 453-41,35.15763234,126.926506,,한전주,062-608-2894,광주광역시 동구청,2025-12-23
산수동618,1,,광주광역시 동구 산수동 455-12,35.15733719,126.9263382,,전용주,062-608-2894,광주광역시 동구청,2025-12-23
산수동619,1,,광주광역시 동구 산수동 455-15,35.15736389,126.9262085,,전용주,062-608-2894,광주광역시 동구청,2025-12-23
산수동620,1,,광주광역시 동구 산수동 453-33,35.15709686,126.9264603,,전용주,062-608-2894,광주광역시 동구청,2025-12-23
산수동621,1,,광주광역시 동구 산수동 456-14,35.15761495,126.9267197,,전용주,062-608-2894,광주광역시 동구청,2025-12-23
산수동622,1,,광주광역시 동구 산수동 456-4,35.15768433,126.926651,,전용주,062-608-2894,광주광역시 동구청,2025-12-23
산수동623,1,,광주광역시 동구 산수동 456-13,35.15735626,126.9267773,,한전주,062-608-2894,광주광역시 동구청,2025-12-23
산수동624,1,,광주광역시 동구 산수동 456-16,35.15743637,126.9269231,,건축물,062-608-2894,광주광역시 동구청,2025-12-23
산수동625,1,,광주광역시 동구 산수동 453-4,35.1573143,126.9270554,,한전주,062-608-2894,광주광역시 동구청,2025-12-23
산수동626,1,,광주광역시 동구 산수동 423-2,35.15708415,126.9275209,,전용주,062-608-2894,광주광역시 동구청,2025-12-23
산수동627,1,,광주광역시 동구 산수동 551-21,35.15723662,126.927607,,한전주,062-608-2894,광주광역시 동구청,2025-12-23
산수동628,1,,광주광역시 동구 산수동 551-17,35.15717487,126.9278336,,전용주,062-608-2894,광주광역시 동구청,2025-12-23
산수동629,1,,광주광역시 동구 산수동 552-18,35.15584833,126.9283371,,한전주,062-608-2894,광주광역시 동구청,2025-12-23
산수동630,1,,광주광역시 동구 산수동 552-6,35.15677643,126.9285933,,한전주,062-608-2894,광주광역시 동구청,2025-12-23
산수동631,1,,광주광역시 동구 산수동 551-38,35.15745544,126.9275513,,전용주,062-608-2894,광주광역시 동구청,2025-12-23
산수동632,1,,광주광역시 동구 산수동 551-36,35.15752777,126.9273107,,한전주,062-608-2894,광주광역시 동구청,2025-12-23
산수동633,1,,광주광역시 동구 산수동 551-62,35.1576767,126.9271164,,전용주,062-608-2894,광주광역시 동구청,2025-12-23
산수동634,1,,광주광역시 동구 산수동 551-56,35.15792772,126.9268875,,한전주,062-608-2894,광주광역시 동구청,2025-12-23
산수동635,1,,광주광역시 동구 산수동 551-53,35.1580162,126.926918,,전용주,062-608-2894,광주광역시 동구청,2025-12-23
산수동636,1,,광주광역시 동구 산수동 551-59,35.15811157,126.9267021,,한전주,062-608-2894,광주광역시 동구청,2025-12-23
산수동637,1,,광주광역시 동구 산수동 551-44,35.158244,126.9268723,,전용주,062-608-2894,광주광역시 동구청,2025-12-23
산수동638,1,,광주광역시 동구 산수동 550-30,35.15831757,126.9272033,,전용주,062-608-2894,광주광역시 동구청,2025-12-23
산수동639,1,,광주광역시 동구 산수동 550-68,35.15802002,126.9275565,,한전주,062-608-2894,광주광역시 동구청,2025-12-23
산수동640,1,,광주광역시 동구 산수동 551-32,35.15771811,126.9274445,,전용주,062-608-2894,광주광역시 동구청,2025-12-23
산수동641,1,,광주광역시 동구 산수동 550-44,35.15774155,126.9278133,,한전주,062-608-2894,광주광역시 동구청,2025-12-23
산수동642,1,,광주광역시 동구 산수동 551-11,35.15725115,126.9280548,,한전주,062-608-2894,광주광역시 동구청,2025-12-23
산수동643,1,,광주광역시 동구 산수동 550-7,35.15723419,126.9283218,,한전주,062-608-2894,광주광역시 동구청,2025-12-23
산수동644,1,,광주광역시 동구 산수동 552-6,35.15673578,126.9285933,,한전주,062-608-2894,광주광역시 동구청,2025-12-23
산수동645,1,,광주광역시 동구 산수동 552-36,35.15728597,126.9287356,,한전주,062-608-2894,광주광역시 동구청,2025-12-23
산수동646,1,,광주광역시 동구 산수동 550-38,35.15764236,126.9282972,,전용주,062-608-2894,광주광역시 동구청,2025-12-23
산수동647,1,,광주광역시 동구 산수동 550-47,35.15787125,126.9282486,,전용주,062-608-2894,광주광역시 동구청,2025-12-23
산수동648,1,,광주광역시 동구 산수동 550-34,35.15795135,126.9279627,,전용주,062-608-2894,광주광역시 동구청,2025-12-23
산수동649,1,,광주광역시 동구 산수동 550-32,35.15812302,126.9277906,,건축물,062-608-2894,광주광역시 동구청,2025-12-23
산수동650,1,,광주광역시 동구 산수동 550-80,35.15819546,126.9277649,,전용주,062-608-2894,광주광역시 동구청,2025-12-23
산수동651,1,,광주광역시 동구 산수동 550-78,35.15839386,126.9275818,,전용주,062-608-2894,광주광역시 동구청,2025-12-23
산수동652,1,,광주광역시 동구 산수동 559-49,35.15378952,126.9276862,,한전주,062-608-2894,광주광역시 동구청,2025-12-23
산수동066,1,,광주광역시 동구 산수동 512-17,35.15444744,126.9364112,,한전주,062-608-2894,광주광역시 동구청,2025-12-23
산수동067,1,,광주광역시 동구 산수동 510-31,35.15535736,126.9358787,,한전주,062-608-2894,광주광역시 동구청,2025-12-23
산수동068,1,,광주광역시 동구 산수동 511-52,35.15538025,126.9362788,,한전주,062-608-2894,광주광역시 동구청,2025-12-23
산수동069,1,,광주광역시 동구 산수동 510-8,35.15542979,126.9356842,,한전주,062-608-2894,광주광역시 동구청,2025-12-23
산수동070,1,,광주광역시 동구 산수동 511-46,35.15507889,126.9356995,,전용주,062-608-2894,광주광역시 동구청,2025-12-23
산수동071,1,,광주광역시 동구 산수동 511-47,35.154953,126.9354889,,한전주,062-608-2894,광주광역시 동구청,2025-12-23
산수동072,1,,광주광역시 동구 산수동 511-35,35.15473938,126.9356415,,전용주,062-608-2894,광주광역시 동구청,2025-12-23
산수동073,1,,광주광역시 동구 산수동 511-34,35.15487289,126.9356179,,전용주,062-608-2894,광주광역시 동구청,2025-12-23
산수동074,1,,광주광역시 동구 산수동 513-41,35.1545771,126.9356003,,한전주,062-608-2894,광주광역시 동구청,2025-12-23
산수동075,1,,광주광역시 동구 산수동 513-42,35.15448139,126.9356709,,전용주,062-608-2894,광주광역시 동구청,2025-12-23
산수동076,1,,광주광역시 동구 산수동 511-18,35.15474209,126.9353771,,전용주,062-608-2894,광주광역시 동구청,2025-12-23
산수동077,1,,광주광역시 동구 산수동 514-25,35.15439224,126.9353195,,한전주,062-608-2894,광주광역시 동구청,2025-12-23
산수동078,1,,광주광역시 동구 산수동 514-38,35.15415955,126.9353183,,한전주,062-608-2894,광주광역시 동구청,2025-12-23
산수동079,1,,광주광역시 동구 산수동 514-10,35.15393448,126.9353976,,한전주,062-608-2894,광주광역시 동구청,2025-12-23
산수동080,1,,광주광역시 동구 산수동 514-26,35.15366271,126.9355554,,한전주,062-608-2894,광주광역시 동구청,2025-12-23
산수동081,1,,광주광역시 동구 산수동 514-22,35.1536293,126.935284,,전용주,062-608-2894,광주광역시 동구청,2025-12-23
산수동082,1,,광주광역시 동구 산수동 514-23,35.15352754,126.9350586,,전용주,062-608-2894,광주광역시 동구청,2025-12-23
산수동083,1,,광주광역시 동구 산수동 514-17,35.15382362,126.9350128,,한전주,062-608-2894,광주광역시 동구청,2025-12-23
산수동084,1,,광주광역시 동구 산수동 514-15,35.15370941,126.9352112,,전용주,062-608-2894,광주광역시 동구청,2025-12-23
산수동085,1,,광주광역시 동구 산수동 514-7,35.1541214,126.9350379,,한전주,062-608-2894,광주광역시 동구청,2025-12-23
산수동086,1,,광주광역시 동구 산수동 515-1,35.15441132,126.9347347,,한전주,062-608-2894,광주광역시 동구청,2025-12-23
산수동087,1,,광주광역시 동구 산수동 515-1,35.15444183,126.934761,,한전주,062-608-2894,광주광역시 동구청,2025-12-23
산수동088,1,,광주광역시 동구 산수동 511-31,35.15457153,126.9349899,,전용주,062-608-2894,광주광역시 동구청,2025-12-23
산수동089,1,,광주광역시 동구 산수동 514-1,35.15447505,126.9352264,,한전주,062-608-2894,광주광역시 동구청,2025-12-23
산수동090,1,,광주광역시 동구 산수동 511-27,35.15480042,126.9352798,,전용주,062-608-2894,광주광역시 동구청,2025-12-23
산수동091,1,,광주광역시 동구 산수동 511-16,35.15467834,126.934845,,한전주,062-608-2894,광주광역시 동구청,2025-12-23
산수동092,1,,광주광역시 동구 산수동 511-21,35.15481903,126.9349442,,전용주,062-608-2894,광주광역시 동구청,2025-12-23
산수동093,1,,광주광역시 동구 산수동 511-13,35.15491486,126.9348097,,한전주,062-608-2894,광주광역시 동구청,2025-12-23
산수동094,1,,광주광역시 동구 산수동 510-33,35.15511703,126.9351078,,한전주,062-608-2894,광주광역시 동구청,2025-12-23
산수동095,1,,광주광역시 동구 산수동 510-35,35.15520306,126.9352483,,한전주,062-608-2894,광주광역시 동구청,2025-12-23
산수동096,1,,광주광역시 동구 산수동 525-3,35.1552414,126.9344658,,전용주,062-608-2894,광주광역시 동구청,2025-12-23
산수동097,1,,광주광역시 동구 산수동 510-16,35.15533829,126.9346168,,한전주,062-608-2894,광주광역시 동구청,2025-12-23
산수동098,1,,광주광역시 동구 산수동 510-50,35.15534973,126.9349442,,전용주,062-608-2894,광주광역시 동구청,2025-12-23
산수동099,1,,광주광역시 동구 산수동 525-34,35.15514374,126.9341431,,한전주,062-608-2894,광주광역시 동구청,2025-12-23
산수동100,1,,광주광역시 동구 산수동 525-8,35.15491662,126.9342346,,한전주,062-608-2894,광주광역시 동구청,2025-12-23
산수동101,1,,광주광역시 동구 산수동 525-26,35.15481325,126.9342575,,한전주,062-608-2894,광주광역시 동구청,2025-12-23
산수동102,1,,광주광역시 동구 산수동 525-20,35.1544342,126.9342117,,한전주,062-608-2894,광주광역시 동구청,2025-12-23
산수동103,1,,광주광역시 동구 산수동 524-26,35.15438461,126.9339885,,한전주,062-608-2894,광주광역시 동구청,2025-12-23
산수동104,1,,광주광역시 동구 산수동 516-1,35.15425873,126.9340598,,한전주,062-608-2894,광주광역시 동구청,2025-12-23
산수동105,1,,광주광역시 동구 산수동 515-7,35.1542827,126.9342713,,한전주,062-608-2894,광주광역시 동구청,2025-12-23
산수동106,1,,광주광역시 동구 산수동 515-57,35.15395737,126.934312,,한전주,062-608-2894,광주광역시 동구청,2025-12-23
산수동107,1,,광주광역시 동구 산수동 515-12,35.15412521,126.934511,,한전주,062-608-2894,광주광역시 동구청,2025-12-23
산수동108,1,,광주광역시 동구 산수동 516-7,35.15400992,126.9338888,,전용주,062-608-2894,광주광역시 동구청,2025-12-23
산수동109,1,,광주광역시 동구 산수동 516-18,35.15376142,126.9340515,,한전주,062-608-2894,광주광역시 동구청,2025-12-23
산수동110,1,,광주광역시 동구 산수동 516-37,35.1536712,126.9339371,,전용주,062-608-2894,광주광역시 동구청,2025-12-23
산수동111,1,,광주광역시 동구 산수동 515-37,35.15375137,126.9343033,,한전주,062-608-2894,광주광역시 동구청,2025-12-23
산수동112,1,,광주광역시 동구 산수동 515-32,35.15340042,126.9344025,,한전주,062-608-2894,광주광역시 동구청,2025-12-23
산수동113,1,,광주광역시 동구 산수동 515-40,35.15363312,126.9344816,,한전주,062-608-2894,광주광역시 동구청,2025-12-23
산수동114,1,,광주광역시 동구 산수동 516-28,35.15333939,126.9338412,,한전주,062-608-2894,광주광역시 동구청,2025-12-23
산수동115,1,,광주광역시 동구 산수동 516-28,35.15335803,126.9338412,,전용주,062-608-2894,광주광역시 동구청,2025-12-23
산수동116,1,,광주광역시 동구 산수동 517-33,35.15367126,126.9335836,,한전주,062-608-2894,광주광역시 동구청,2025-12-23
산수동117,1,,광주광역시 동구 산수동 517-2,35.15390015,126.9333601,,한전주,062-608-2894,광주광역시 동구청,2025-12-23
산수동118,1,,광주광역시 동구 산수동 517-1,35.15414429,126.9335556,,한전주,062-608-2894,광주광역시 동구청,2025-12-23
산수동119,1,,광주광역시 동구 산수동 524-24,35.15433121,126.9338226,,한전주,062-608-2894,광주광역시 동구청,2025-12-23
산수동120,1,,광주광역시 동구 산수동 516-5,35.15419388,126.9337238,,전용주,062-608-2894,광주광역시 동구청,2025-12-23
산수동121,1,,광주광역시 동구 산수동 524-23,35.15444769,126.933609,,건축물,062-608-2894,광주광역시 동구청,2025-12-23
산수동122,1,,광주광역시 동구 산수동 523-39,35.1546463,126.9334717,,한전주,062-608-2894,광주광역시 동구청,2025-12-23
산수동123,1,,광주광역시 동구 산수동 523-5,35.15487747,126.9332352,,전용주,062-608-2894,광주광역시 동구청,2025-12-23
산수동124,1,,광주광역시 동구 산수동 523-1,35.15501022,126.9333228,,한전주,062-608-2894,광주광역시 동구청,2025-12-23
산수동125,1,,광주광역시 동구 산수동 524-30,35.15502315,126.9335744,,한전주,062-608-2894,광주광역시 동구청,2025-12-23
산수동126,1,,광주광역시 동구 산수동 524-37,35.15473175,126.9336111,,한전주,062-608-2894,광주광역시 동구청,2025-12-23
산수동127,1,,광주광역시 동구 산수동 524-21,35.15456418,126.9337616,,전용주,062-608-2894,광주광역시 동구청,2025-12-23
산수동128,1,,광주광역시 동구 산수동 524-5,35.15481567,126.9339905,,전용주,062-608-2894,광주광역시 동구청,2025-12-23
산수동129,1,,광주광역시 동구 산수동 523-37,35.15461731,126.9329039,,한전주,062-608-2894,광주광역시 동구청,2025-12-23
산수동130,1,,광주광역시 동구 산수동 522-9,35.15449392,126.9326771,,한전주,062-608-2894,광주광역시 동구청,2025-12-23
산수동131,1,,광주광역시 동구 산수동 523-28,35.15451431,126.9330292,,전용주,062-608-2894,광주광역시 동구청,2025-12-23
산수동133,1,,광주광역시 동구 산수동 523-32,35.15422524,126.9330358,,한전주,062-608-2894,광주광역시 동구청,2025-12-23
산수동134,1,,광주광역시 동구 산수동 523-32,35.15422524,126.9330358,,한전주,062-608-2894,광주광역시 동구청,2025-12-23
산수동135,1,,광주광역시 동구 산수동 523-33,35.15420914,126.9331583,,전용주,062-608-2894,광주광역시 동구청,2025-12-23
산수동136,1,,광주광역시 동구 산수동 523-23,35.1542511,126.9334335,,한전주,062-608-2894,광주광역시 동구청,2025-12-23
산수동137,1,,광주광역시 동구 산수동 523-19,35.15441513,126.9332536,,전용주,062-608-2894,광주광역시 동구청,2025-12-23
산수동138,1,,광주광역시 동구 산수동 522-62,35.15405273,126.9327545,,전용주,062-608-2894,광주광역시 동구청,2025-12-23
산수동139,1,,광주광역시 동구 산수동 517-14,35.15360372,126.9331386,,한전주,062-608-2894,광주광역시 동구청,2025-12-23
산수동140,1,,광주광역시 동구 산수동 517-8,35.1537056,126.9332352,,전용주,062-608-2894,광주광역시 동구청,2025-12-23
산수동141,1,,광주광역시 동구 산수동 517-9,35.15372467,126.9334165,,한전주,062-608-2894,광주광역시 동구청,2025-12-23
산수동142,1,,광주광역시 동구 산수동 517-22,35.15332667,126.9335257,,전용주,062-608-2894,광주광역시 동구청,2025-12-23
산수동143,1,,광주광역시 동구 산수동 518-4,35.15379016,126.9327164,,한전주,062-608-2894,광주광역시 동구청,2025-12-23
산수동144,1,,광주광역시 동구 산수동 522-22,35.15377426,126.9324875,,건축물,062-608-2894,광주광역시 동구청,2025-12-23
산수동145,1,,광주광역시 동구 산수동 522-36,35.15359871,126.932072,,전용주,062-608-2894,광주광역시 동구청,2025-12-23
산수동146,1,,광주광역시 동구 산수동 518-15,35.15355301,126.9324493,,한전주,062-608-2894,광주광역시 동구청,2025-12-23
산수동147,1,,광주광역시 동구 산수동 522-51,35.15411747,126.9324472,,전용주,062-608-2894,광주광역시 동구청,2025-12-23
산수동148,1,,광주광역시 동구 산수동 522-40,35.153862,126.9321442,,한전주,062-608-2894,광주광역시 동구청,2025-12-23
산수동149,1,,광주광역시 동구 산수동 522-56,35.154263,126.9322739,,한전주,062-608-2894,광주광역시 동구청,2025-12-23
산수동150,1,,광주광역시 동구 산수동 521-55,35.15332794,126.9318771,,건축물,062-608-2894,광주광역시 동구청,2025-12-23
산수동151,1,,광주광역시 동구 산수동 520-21,35.15327208,126.9324265,,한전주,062-608-2894,광주광역시 동구청,2025-12-23
산수동152,1,,광주광역시 동구 산수동 520-54,35.15327072,126.9325409,,한전주,062-608-2894,광주광역시 동구청,2025-12-23
산수동153,1,,광주광역시 동구 산수동 520-17,35.15311813,126.9325477,,한전주,062-608-2894,광주광역시 동구청,2025-12-23
산수동154,1,,광주광역시 동구 산수동 520-4,35.15293121,126.9323654,,한전주,062-608-2894,광주광역시 동구청,2025-12-23
산수동155,1,,광주광역시 동구 산수동 520-1,35.15318298,126.9327698,,한전주,062-608-2894,광주광역시 동구청,2025-12-23
산수동156,1,,광주광역시 동구 산수동 518-13,35.15352241,126.932663,,건축물,062-608-2894,광주광역시 동구청,2025-12-23
산수동157,1,,광주광역시 동구 산수동 519-4,35.15231347,126.9327621,,한전주,062-608-2894,광주광역시 동구청,2025-12-23
산수동158,1,,광주광역시 동구 산수동 519-4,35.15231347,126.932742,,한전주,062-608-2894,광주광역시 동구청,2025-12-23
산수동159,1,,광주광역시 동구 산수동 520-48,35.1522909,126.9323439,,한전주,062-608-2894,광주광역시 동구청,2025-12-23
산수동160,1,,광주광역시 동구 산수동 520-49,35.15241937,126.9323946,,한전주,062-608-2894,광주광역시 동구청,2025-12-23
산수동161,1,,광주광역시 동구 산수동 520-50,35.15250778,126.9324398,,한전주,062-608-2894,광주광역시 동구청,2025-12-23
산수동162,1,,광주광역시 동구 산수동 520-14,35.15288162,126.932579,,한전주,062-608-2894,광주광역시 동구청,2025-12-23
산수동163,1,,광주광역시 동구 산수동 520-46,35.15223375,126.9321289,,한전주,062-608-2894,광주광역시 동구청,2025-12-23
산수동164,1,,광주광역시 동구 산수동 520-33,35.15224457,126.931839,,한전주,062-608-2894,광주광역시 동구청,2025-12-23
산수동165,1,,광주광역시 동구 산수동 520-36,35.15267181,126.9320145,,한전주,062-608-2894,광주광역시 동구청,2025-12-23
산수동166,1,,광주광역시 동구 산수동 520-31,35.15304565,126.9322005,,한전주,062-608-2894,광주광역시 동구청,2025-12-23
산수동167,1,,광주광역시 동구 산수동 520-25,35.15323639,126.9322433,,한전주,062-608-2894,광주광역시 동구청,2025-12-23
산수동168,1,,광주광역시 동구 산수동 521-51,35.15293086,126.9315491,,건축물,062-608-2894,광주광역시 동구청,2025-12-23
산수동169,1,,광주광역시 동구 산수동 521-33,35.15307157,126.9317129,,건축물,062-608-2894,광주광역시 동구청,2025-12-23
산수동170,1,,광주광역시 동구 산수동 539-58,35.1557045,126.9320221,,전용주,062-608-2894,광주광역시 동구청,2025-12-23
산수동171,1,,광주광역시 동구 산수동 539-61,35.15569208,126.932251,,전용주,062-608-2894,광주광역시 동구청,2025-12-23
산수동172,1,,광주광역시 동구 산수동 538-12,35.15714645,126.9320687,,한전주,062-608-2894,광주광역시 동구청,2025-12-23
산수동173,1,,광주광역시 동구 산수동 538-12,35.15719223,126.9320687,,전용주,062-608-2894,광주광역시 동구청,2025-12-23
산수동174,1,,광주광역시 동구 산수동 532-61,35.15705109,126.9323273,,한전주,062-608-2894,광주광역시 동구청,2025-12-23
산수동175,1,,광주광역시 동구 산수동 532-6,35.15679955,126.9324323,,한전주,062-608-2894,광주광역시 동구청,2025-12-23
산수동176,1,,광주광역시 동구 산수동 530-31,35.1565094,126.9324417,,한전주,062-608-2894,광주광역시 동구청,2025-12-23
산수동177,1,,광주광역시 동구 산수동 530-29,35.15643153,126.932613,,전용주,062-608-2894,광주광역시 동구청,2025-12-23
산수동178,1,,광주광역시 동구 산수동 530-24,35.15650579,126.9329071,,전용주,062-608-2894,광주광역시 동구청,2025-12-23
산수동179,1,,광주광역시 동구 산수동 539-7,35.15622624,126.9323883,,한전주,062-608-2894,광주광역시 동구청,2025-12-23
산수동180,1,,광주광역시 동구 산수동 539-11,35.15591049,126.932390,,한전주,062-608-2894,광주광역시 동구청,2025-12-23
산수동181,1,,광주광역시 동구 산수동 539-63,35.15562048,126.9324339,,한전주,062-608-2894,광주광역시 동구청,2025-12-23
산수동182,1,,광주광역시 동구 산수동 539-70,35.15507198,126.932548,,한전주,062-608-2894,광주광역시 동구청,2025-12-23
산수동183,1,,광주광역시 동구 산수동 527-63,35.15564728,126.932760,,한전주,062-608-2894,광주광역시 동구청,2025-12-23
산수동184,1,,광주광역시 동구 산수동 526-34,35.15549446,126.9330697,,건축물,062-608-2894,광주광역시 동구청,2025-12-23
산수동185,1,,광주광역시 동구 산수동 527-57,35.15580433,126.9332035,,한전주,062-608-2894,광주광역시 동구청,2025-12-23
산수동186,1,,광주광역시 동구 산수동 527-60,35.15583038,126.9329954,,한전주,062-608-2894,광주광역시 동구청,2025-12-23
산수동187,1,,광주광역시 동구 산수동 526-14,35.15567231,126.9334412,,전용주,062-608-2894,광주광역시 동구청,2025-12-23
산수동188,1,,광주광역시 동구 산수동 526-47,35.15554047,126.9333572,,건축물,062-608-2894,광주광역시 동구청,2025-12-23
산수동189,1,,광주광역시 동구 산수동 527-19,35.15591751,126.9336375,,한전주,062-608-2894,광주광역시 동구청,2025-12-23
산수동190,1,,광주광역시 동구 산수동 527-21,35.15607452,126.9335627,,한전주,062-608-2894,광주광역시 동구청,2025-12-23
산수동191,1,,광주광역시 동구 산수동 527-26,35.15606308,126.9334385,,한전주,062-608-2894,광주광역시 동구청,2025-12-23
산수동192,1,,광주광역시 동구 산수동 527-7,35.15601349,126.9340668,,한전주,062-608-2894,광주광역시 동구청,2025-12-23
산수동193,1,,광주광역시 동구 산수동 526-49,35.15574646,126.9342598,,한전주,062-608-2894,광주광역시 동구청,2025-12-23
산수동194,1,,광주광역시 동구 산수동 528-11,35.15611727,126.9343414,,한전주,062-608-2894,광주광역시 동구청,2025-12-23
산수동195,1,,광주광역시 동구 산수동 526-54,35.15547513,126.9341049,,전용주,062-608-2894,광주광역시 동구청,2025-12-23
산수동196,1,,광주광역시 동구 산수동 526-64,35.15552473,126.9336984,,건축물,062-608-2894,광주광역시 동구청,2025-12-23
산수동197,1,,광주광역시 동구 산수동 526-45,35.15560939,126.9335653,,한전주,062-608-2894,광주광역시 동구청,2025-12-23
산수동198,1,,광주광역시 동구 산수동 526-27,35.15536118,126.933609,,전용주,062-608-2894,광주광역시 동구청,2025-12-23
산수동199,1,,광주광역시 동구 산수동 526-18,35.15534973,126.9330997,,한전주,062-608-2894,광주광역시 동구청,2025-12-23
산수동200,1,,광주광역시 동구 산수동 526-59,35.15523911,126.9328852,,한전주,062-608-2894,광주광역시 동구청,2025-12-23
산수동201,1,,광주광역시 동구 산수동 526-4,35.15576172,126.9340591,,건축물,062-608-2894,광주광역시 동구청,2025-12-23
산수동202,1,,광주광역시 동구 산수동 528-5,35.15626144,126.9344052,,한전주,062-608-2894,광주광역시 동구청,2025-12-23
산수동203,1,,광주광역시 동구 산수동 527-53,35.15619659,126.933877,,전용주,062-608-2894,광주광역시 동구청,2025-12-23
산수동204,1,,광주광역시 동구 산수동 528-18,35.15645218,126.9342114,,한전주,062-608-2894,광주광역시 동구청,2025-12-23
산수동205,1,,광주광역시 동구 산수동 530-53,35.15652596,126.9338623,,한전주,062-608-2894,광주광역시 동구청,2025-12-23
산수동206,1,,광주광역시 동구 산수동 530-57,35.15640601,126.9334717,,한전주,062-608-2894,광주광역시 동구청,2025-12-23
산수동207,1,,광주광역시 동구 산수동 530-46,35.15634802,126.9331741,,한전주,062-608-2894,광주광역시 동구청,2025-12-23
산수동208,1,,광주광역시 동구 산수동 527-47,35.15602875,126.9330444,,한전주,062-608-2894,광주광역시 동구청,2025-12-23
산수동209,1,,광주광역시 동구 산수동 530-35,35.1562531,126.9328232,,한전주,062-608-2894,광주광역시 동구청,2025-12-23
산수동210,1,,광주광역시 동구 산수동 532-7,35.15682983,126.9326096,,건축물,062-608-2894,광주광역시 동구청,2025-12-23
산수동211,1,,광주광역시 동구 산수동 532-16,35.15671158,126.9327469,,한전주,062-608-2894,광주광역시 동구청,2025-12-23
산수동212,1,,광주광역시 동구 산수동 532-59,35.15690994,126.9329973,,전용주,062-608-2894,광주광역시 동구청,2025-12-23
산수동213,1,,광주광역시 동구 산수동 532-29,35.15684128,126.9331983,,한전주,062-608-2894,광주광역시 동구청,2025-12-23
산수동214,1,,광주광역시 동구 산수동 532-45,35.15702057,126.9332656,,건축물,062-608-2894,광주광역시 동구청,2025-12-23
산수동215,1,,광주광역시 동구 산수동 532-25,35.15696716,126.9336979,,한전주,062-608-2894,광주광역시 동구청,2025-12-23
산수동216,1,,광주광역시 동구 산수동 529-15,35.15680595,126.9340363,,전용주,062-608-2894,광주광역시 동구청,2025-12-23
산수동218,1,,광주광역시 동구 산수동 532-21,35.1570282,126.933471,,한전주,062-608-2894,광주광역시 동구청,2025-12-23
산수동219,1,,광주광역시 동구 산수동 531-21,35.15728743,126.9338226,,한전주,062-608-2894,광주광역시 동구청,2025-12-23
산수동220,1,,광주광역시 동구 산수동 532-35,35.15726471,126.9335709,,건축물,062-608-2894,광주광역시 동구청,2025-12-23
산수동221,1,,광주광역시 동구 산수동 532-37,35.15719223,126.9333878,,한전주,062-608-2894,광주광역시 동구청,2025-12-23
산수동222,1,,광주광역시 동구 산수동 531-23,35.15737915,126.9340077,,건축물,062-608-2894,광주광역시 동구청,2025-12-23
산수동223,1,,광주광역시 동구 산수동 531-25,35.15738106,126.9341583,,전용주,062-608-2894,광주광역시 동구청,2025-12-23
산수동224,1,,광주광역시 동구 산수동 531-20,35.15745544,126.9338089,,한전주,062-608-2894,광주광역시 동구청,2025-12-23
산수동225,1,,광주광역시 동구 산수동 533-35,35.15748596,126.9334808,,한전주,062-608-2894,광주광역시 동구청,2025-12-23
산수동226,1,,광주광역시 동구 산수동 533-25,35.15744566,126.9331182,,한전주,062-608-2894,광주광역시 동구청,2025-12-23
산수동227,1,,광주광역시 동구 산수동 532-48,35.1570859,126.9330673,,전용주,062-608-2894,광주광역시 동구청,2025-12-23
산수동228,1,,광주광역시 동구 산수동 533-23,35.15745544,126.932779,,전용주,062-608-2894,광주광역시 동구청,2025-12-23
산수동229,1,,광주광역시 동구 산수동 532-51,35.15708923,126.9329071,,전용주,062-608-2894,광주광역시 동구청,2025-12-23
산수동230,1,,광주광역시 동구 산수동 533-22,35.15735265,126.9328005,,전용주,062-608-2894,광주광역시 동구청,2025-12-23
산수동231,1,,광주광역시 동구 산수동 533-18,35.15723419,126.9324857,,한전주,062-608-2894,광주광역시 동구청,2025-12-23
산수동232,1,,광주광역시 동구 산수동 532-57,35.15709538,126.9326324,,전용주,062-608-2894,광주광역시 동구청,2025-12-23
산수동233,1,,광주광역시 동구 산수동 533-20,35.15751327,126.932630,,전용주,062-608-2894,광주광역시 동구청,2025-12-23
산수동234,1,,광주광역시 동구 산수동 533-17,35.15722873,126.9323349,,한전주,062-608-2894,광주광역시 동구청,2025-12-23
산수동235,1,,광주광역시 동구 산수동 217-6,35.15761566,126.933712,,한전주,062-608-2894,광주광역시 동구청,2025-12-23
산수동236,1,,광주광역시 동구 산수동 234-1,35.15773283,126.9339275,,건축물,062-608-2894,광주광역시 동구청,2025-12-23
산수동237,1,,광주광역시 동구 산수동 228-7,35.15770721,126.9334717,,전용주,062-608-2894,광주광역시 동구청,2025-12-23
산수동238,1,,광주광역시 동구 산수동 228-6,35.15785217,126.9334694,,건축물,062-608-2894,광주광역시 동구청,2025-12-23
산수동239,1,,광주광역시 동구 산수동 531-5,35.15755844,126.934180,,한전주,062-608-2894,광주광역시 동구청,2025-12-23
산수동240,1,,광주광역시 동구 산수동 233-1,35.1578064,126.9338947,,한전주,062-608-2894,광주광역시 동구청,2025-12-23
산수동241,1,,광주광역시 동구 산수동 233-1,35.15787937,126.9338947,,한전주,062-608-2894,광주광역시 동구청,2025-12-23
산수동242,1,,광주광역시 동구 산수동 255-4,35.15782928,126.9345016,,전용주,062-608-2894,광주광역시 동구청,2025-12-23
산수동243,1,,광주광역시 동구 산수동 255-1,35.15789413,126.9347305,,전용주,062-608-2894,광주광역시 동구청,2025-12-23
산수동244,1,,광주광역시 동구 산수동 714,35.15797043,126.9349109,,전용주,062-608-2894,광주광역시 동구청,2025-12-23
산수동245,1,,광주광역시 동구 산수동 111-20,35.15797506,126.9349895,,한전주,062-608-2894,광주광역시 동구청,2025-12-23
산수동246,1,,광주광역시 동구 산수동 255-2,35.15777969,126.9343626,,한전주,062-608-2894,광주광역시 동구청,2025-12-23
산수동247,1,,광주광역시 동구 산수동 531-42,35.15749603,126.9345762,,건축물,062-608-2894,광주광역시 동구청,2025-12-23
산수동248,1,,광주광역시 동구 산수동 236-1,35.1577301,126.9342651,,한전주,062-608-2894,광주광역시 동구청,2025-12-23
산수동249,1,,광주광역시 동구 산수동 531-3,35.15747833,126.9343491,,건축물,062-608-2894,광주광역시 동구청,2025-12-23
산수동250,1,,광주광역시 동구 산수동 508-28,35.1577301,126.934906,,한전주,062-608-2894,광주광역시 동구청,2025-12-23
산수동251,1,,광주광역시 동구 산수동 508-26,35.15752792,126.9350382,,한전주,062-608-2894,광주광역시 동구청,2025-12-23
산수동252,1,,광주광역시 동구 산수동 508-44,35.15732956,126.9351191,,한전주,062-608-2894,광주광역시 동구청,2025-12-23
산수동253,1,,광주광역시 동구 산수동 508-46,35.15719503,126.935112,,한전주,062-608-2894,광주광역시 동구청,2025-12-23
산수동254,1,,광주광역시 동구 산수동 531-43,35.15740111,126.934845,,전용주,062-608-2894,광주광역시 동구청,2025-12-23
산수동255,1,,광주광역시 동구 산수동 531-12,35.15734943,126.9346848,,한전주,062-608-2894,광주광역시 동구청,2025-12-23
산수동256,1,,광주광역시 동구 산수동 529-47,35.15700824,126.9347305,,건축물,062-608-2894,광주광역시 동구청,2025-12-23
산수동257,1,,광주광역시 동구 산수동 531-49,35.1571312,126.9343567,,한전주,062-608-2894,광주광역시 동구청,2025-12-23
산수동258,1,,광주광역시 동구 산수동 531-10,35.15731571,126.9343189,,건축물,062-608-2894,광주광역시 동구청,2025-12-23
산수동260,1,,광주광역시 동구 산수동 529-13,35.1568222,126.9342422,,전용주,062-608-2894,광주광역시 동구청,2025-12-23
산수동261,1,,광주광역시 동구 산수동 529-26,35.15661621,126.9344238,,한전주,062-608-2894,광주광역시 동구청,2025-12-23
산수동262,1,,광주광역시 동구 산수동 528-25,35.15644455,126.9344911,,건축물,062-608-2894,광주광역시 동구청,2025-12-23
산수동263,1,,광주광역시 동구 산수동 529-27,35.1566658,126.9345856,,한전주,062-608-2894,광주광역시 동구청,2025-12-23
산수동264,1,,광주광역시 동구 산수동 528-21,35.15647316,126.9347687,,건축물,062-608-2894,광주광역시 동구청,2025-12-23
산수동265,1,,광주광역시 동구 산수동 529-45,35.15673447,126.9347826,,한전주,062-608-2894,광주광역시 동구청,2025-12-23
산수동266,1,,광주광역시 동구 산수동 529-40,35.15688705,126.9347916,,건축물,062-608-2894,광주광역시 동구청,2025-12-23
산수동267,1,,광주광역시 동구 산수동 508-11,35.15681839,126.9353655,,전용주,062-608-2894,광주광역시 동구청,2025-12-23
산수동268,1,,광주광역시 동구 산수동 508-8,35.15710532,126.9352894,,한전주,062-608-2894,광주광역시 동구청,2025-12-23
산수동269,1,,광주광역시 동구 산수동 528-8,35.15648189,126.9351999,,한전주,062-608-2894,광주광역시 동구청,2025-12-23
산수동270,1,,광주광역시 동구 산수동 528-32,35.15633011,126.9352416,,한전주,062-608-2894,광주광역시 동구청,2025-12-23
산수동271,1,,광주광역시 동구 산수동 508-57,35.15643692,126.9357071,,전용주,062-608-2894,광주광역시 동구청,2025-12-23
산수동272,1,,광주광역시 동구 산수동 509-74,35.15608597,126.935291,,한전주,062-608-2894,광주광역시 동구청,2025-12-23
산수동273,1,,광주광역시 동구 산수동 528-33,35.1563286,126.9350586,,한전주,062-608-2894,광주광역시 동구청,2025-12-23
산수동274,1,,광주광역시 동구 산수동 509-51,35.15600967,126.9351349,,전용주,062-608-2894,광주광역시 동구청,2025-12-23
산수동275,1,,광주광역시 동구 산수동 528-38,35.15620041,126.9348074,,한전주,062-608-2894,광주광역시 동구청,2025-12-23
산수동276,1,,광주광역시 동구 산수동 509-55,35.15592957,126.9349093,,전용주,062-608-2894,광주광역시 동구청,2025-12-23
산수동277,1,,광주광역시 동구 산수동 509-34,35.15573502,126.9346542,,한전주,062-608-2894,광주광역시 동구청,2025-12-23
산수동278,1,,광주광역시 동구 산수동 509-12,35.15593999,126.9351273,,건축물,062-608-2894,광주광역시 동구청,2025-12-23
산수동279,1,,광주광역시 동구 산수동 509-64,35.15594101,126.935379,,전용주,062-608-2894,광주광역시 동구청,2025-12-23
산수동280,1,,광주광역시 동구 산수동 509-25,35.15605927,126.9357452,,전용주,062-608-2894,광주광역시 동구청,2025-12-23
산수동281,1,,광주광역시 동구 산수동 508-31,35.15728697,126.9353485,,한전주,062-608-2894,광주광역시 동구청,2025-12-23
산수동282,1,,광주광역시 동구 산수동 508-42,35.15715027,126.9355946,,건축물,062-608-2894,광주광역시 동구청,2025-12-23
산수동283,1,,광주광역시 동구 산수동 508-21,35.15778102,126.935208,,건축물,062-608-2894,광주광역시 동구청,2025-12-23
산수동284,1,,광주광역시 동구 산수동 111-14,35.15806961,126.9352826,,한전주,062-608-2894,광주광역시 동구청,2025-12-23
산수동285,1,,광주광역시 동구 산수동 111-34,35.1582025,126.9355698,,한전주,062-608-2894,광주광역시 동구청,2025-12-23
산수동286,1,,광주광역시 동구 산수동 112-24,35.15839767,126.935725,,한전주,062-608-2894,광주광역시 동구청,2025-12-23
산수동287,1,,광주광역시 동구 산수동 108-11,35.15815735,126.9361191,,전용주,062-608-2894,광주광역시 동구청,2025-12-23
산수동288,1,,광주광역시 동구 산수동 112-30,35.15850046,126.9360657,,건축물,062-608-2894,광주광역시 동구청,2025-12-23
산수동289,1,,광주광역시 동구 산수동 108-4,35.1580658,126.9358826,,전용주,062-608-2894,광주광역시 동구청,2025-12-23
산수동290,1,,광주광역시 동구 산수동 107-3,35.15781488,126.9358368,,한전주,062-608-2894,광주광역시 동구청,2025-12-23
산수동291,1,,광주광역시 동구 산수동 104-6,35.15782279,126.9359569,,한전주,062-608-2894,광주광역시 동구청,2025-12-23
산수동292,1,,광주광역시 동구 산수동 104-3,35.15784007,126.9360795,,한전주,062-608-2894,광주광역시 동구청,2025-12-23
산수동293,1,,광주광역시 동구 산수동 104-3,35.15784007,126.9360795,,한전주,062-608-2894,광주광역시 동구청,2025-12-23
산수동294,1,,광주광역시 동구 산수동 104-3,35.15784007,126.9360795,,한전주,062-608-2894,광주광역시 동구청,2025-12-23
산수동295,1,,광주광역시 동구 산수동 104-10,35.15782867,126.9372046,,한전주,062-608-2894,광주광역시 동구청,2025-12-23
산수동296,1,,광주광역시 동구 산수동 104-41,35.15809631,126.9371033,,한전주,062-608-2894,광주광역시 동구청,2025-12-23
산수동297,1,,광주광역시 동구 산수동 104-34,35.15824127,126.9372836,,한전주,062-608-2894,광주광역시 동구청,2025-12-23
산수동298,1,,광주광역시 동구 산수동 508-17,35.15764999,126.9353905,,한전주,062-608-2894,광주광역시 동구청,2025-12-23
산수동299,1,,광주광역시 동구 산수동 573-1,35.1605384,126.9356033,,한전주,062-608-2894,광주광역시 동구청,2025-12-23
산수동300,1,,광주광역시 동구 산수동 573-1,35.1605384,126.9356033,,한전주,062-608-2894,광주광역시 동구청,2025-12-23
산수동301,1,,광주광역시 동구 산수동 573-1,35.1605384,126.9356033,,한전주,062-608-2894,광주광역시 동구청,2025-12-23
산수동302,1,,광주광역시 동구 산수동 569-2,35.15938568,126.9356918,,한전주,062-608-2894,광주광역시 동구청,2025-12-23
산수동303,1,,광주광역시 동구 산수동 569-2,35.15932078,126.9356995,,건축물,062-608-2894,광주광역시 동구청,2025-12-23
산수동304,1,,광주광역시 동구 산수동 569-4,35.15904617,126.9356763,,한전주,062-608-2894,광주광역시 동구청,2025-12-23
산수동305,1,,광주광역시 동구 산수동 산21-7,35.15883255,126.9356155,,전용주,062-608-2894,광주광역시 동구청,2025-12-23
산수동306,1,,광주광역시 동구 산수동 114-10,35.15943527,126.9363734,,한전주,062-608-2894,광주광역시 동구청,2025-12-23
산수동307,1,,광주광역시 동구 산수동 571-1,35.15908618,126.9362033,,한전주,062-608-2894,광주광역시 동구청,2025-12-23
산수동308,1,,광주광역시 동구 산수동 571-2,35.15896054,126.9362187,,한전주,062-608-2894,광주광역시 동구청,2025-12-23
산수동309,1,,광주광역시 동구 산수동 571-3,35.15880203,126.9362336,,한전주,062-608-2894,광주광역시 동구청,2025-12-23
산수동310,1,,광주광역시 동구 산수동 산20-1,35.15926428,126.9368658,,한전주,062-608-2894,광주광역시 동구청,2025-12-23
산수동311,1,,광주광역시 동구 산수동 695,35.15985676,126.9365997,,한전주,062-608-2894,광주광역시 동구청,2025-12-23
산수동312,1,,광주광역시 동구 산수동 707,35.15982008,126.9370499,,한전주,062-608-2894,광주광역시 동구청,2025-12-23
산수동313,1,,광주광역시 동구 산수동 705,35.16003036,126.9370346,,한전주,062-608-2894,광주광역시 동구청,2025-12-23
산수동314,1,,광주광역시 동구 산수동 704,35.16027069,126.9370193,,한전주,062-608-2894,광주광역시 동구청,2025-12-23
산수동315,1,,광주광역시 동구 산수동 698,35.1599488,126.9367593,,한전주,062-608-2894,광주광역시 동구청,2025-12-23
산수동316,1,,광주광역시 동구 산수동 696,35.16021785,126.9367511,,한전주,062-608-2894,광주광역시 동구청,2025-12-23
산수동317,1,,광주광역시 동구 산수동 569-7,35.15936279,126.9355036,,한전주,062-608-2894,광주광역시 동구청,2025-12-23
산수동318,1,,광주광역시 동구 산수동 573-1,35.1605384,126.9356033,,한전주,062-608-2894,광주광역시 동구청,2025-12-23
산수동319,1,,광주광역시 동구 산수동 573-1,35.1605384,126.9356033,,한전주,062-608-2894,광주광역시 동구청,2025-12-23
산수동320,1,,광주광역시 동구 산수동 573-1,35.1605384,126.9356033,,한전주,062-608-2894,광주광역시 동구청,2025-12-23
산수동321,1,,광주광역시 동구 산수동 689,35.160543,126.936796,,전용주,062-608-2894,광주광역시 동구청,2025-12-23
산수동322,1,,광주광역시 동구 산수동 689,35.160543,126.936796,,전용주,062-608-2894,광주광역시 동구청,2025-12-23
산수동323,1,,광주광역시 동구 산수동 689,35.160543,126.936796,,전용주,062-608-2894,광주광역시 동구청,2025-12-23
산수동324,1,,광주광역시 동구 산수동 689,35.160543,126.936796,,전용주,062-608-2894,광주광역시 동구청,2025-12-23
산수동326,1,,광주광역시 동구 산수동 687,35.16158946,126.9379881,,전용주,062-608-2894,광주광역시 동구청,2025-12-23
산수동327,1,,광주광역시 동구 산수동 686,35.16085778,126.9354858,,전용주,062-608-2894,광주광역시 동구청,2025-12-23
산수동328,1,,광주광역시 동구 산수동 228-1,35.15790156,126.9332602,,한전주,062-608-2894,광주광역시 동구청,2025-12-23
산수동329,1,,광주광역시 동구 산수동 227-10,35.15772629,126.9330978,,한전주,062-608-2894,광주광역시 동구청,2025-12-23
산수동330,1,,광주광역시 동구 산수동 228-1,35.15792084,126.9332581,,전용주,062-608-2894,광주광역시 동구청,2025-12-23
산수동331,1,,광주광역시 동구 산수동 240-14,35.15810013,126.9335044,,한전주,062-608-2894,광주광역시 동구청,2025-12-23
산수동332,1,,광주광역시 동구 산수동 240-14,35.1581955,126.9335044,,한전주,062-608-2894,광주광역시 동구청,2025-12-23
산수동333,1,,광주광역시 동구 산수동 164-56,35.15831528,126.9331512,,한전주,062-608-2894,광주광역시 동구청,2025-12-23
산수동334,1,,광주광역시 동구 산수동 164-19,35.15860367,126.9329097,,한전주,062-608-2894,광주광역시 동구청,2025-12-23
산수동335,1,,광주광역시 동구 산수동 219-4,35.15774536,126.9330314,,한전주,062-608-2894,광주광역시 동구청,2025-12-23
산수동336,1,,광주광역시 동구 산수동 534-25,35.15781021,126.9327164,,한전주,062-608-2894,광주광역시 동구청,2025-12-23
산수동337,1,,광주광역시 동구 산수동 534-13,35.1578598,126.9326225,,한전주,062-608-2894,광주광역시 동구청,2025-12-23
산수동338,1,,광주광역시 동구 산수동 533-26,35.15776443,126.9323425,,한전주,062-608-2894,광주광역시 동구청,2025-12-23
산수동339,1,,광주광역시 동구 산수동 533-15,35.15748388,126.9323026,,한전주,062-608-2894,광주광역시 동구청,2025-12-23
산수동340,1,,광주광역시 동구 산수동 534-41,35.15784836,126.9322277,,한전주,062-608-2894,광주광역시 동구청,2025-12-23
산수동341,1,,광주광역시 동구 산수동 534-39,35.15803346,126.9321365,,한전주,062-608-2894,광주광역시 동구청,2025-12-23
산수동342,1,,광주광역시 동구 산수동 534-11,35.15810013,126.932106,,한전주,062-608-2894,광주광역시 동구청,2025-12-23
산수동343,1,,광주광역시 동구 산수동 227-3,35.15822983,126.9322739,,전용주,062-608-2894,광주광역시 동구청,2025-12-23
산수동344,1,,광주광역시 동구 산수동 534-22,35.15834808,126.9321409,,한전주,062-608-2894,광주광역시 동구청,2025-12-23
산수동345,1,,광주광역시 동구 산수동 164-54,35.15837381,126.9323353,,한전주,062-608-2894,광주광역시 동구청,2025-12-23
산수동346,1,,광주광역시 동구 산수동 164-50,35.15848541,126.9324417,,한전주,062-608-2894,광주광역시 동구청,2025-12-23
산수동347,1,,광주광역시 동구 산수동 164-54,35.15839767,126.9323807,,한전주,062-608-2894,광주광역시 동구청,2025-12-23
산수동348,1,,광주광역시 동구 산수동 227-15,35.15819654,126.9323834,,전용주,062-608-2894,광주광역시 동구청,2025-12-23
산수동349,1,,광주광역시 동구 산수동 164-57,35.15874481,126.9324376,,전용주,062-608-2894,광주광역시 동구청,2025-12-23
산수동350,1,,광주광역시 동구 산수동 164-29,35.15888977,126.932413,,한전주,062-608-2894,광주광역시 동구청,2025-12-23
산수동351,1,,광주광역시 동구 산수동 164-13,35.15907553,126.9323498,,한전주,062-608-2894,광주광역시 동구청,2025-12-23
산수동352,1,,광주광역시 동구 산수동 164-77,35.15935516,126.9323204,,전용주,062-608-2894,광주광역시 동구청,2025-12-23
산수동353,1,,광주광역시 동구 산수동 164-66,35.15906525,126.9321365,,전용주,062-608-2894,광주광역시 동구청,2025-12-23
산수동354,1,,광주광역시 동구 산수동 534-4,35.15932465,126.9320374,,전용주,062-608-2894,광주광역시 동구청,2025-12-23
산수동355,1,,광주광역시 동구 산수동 164-11,35.15943909,126.9321241,,건축물,062-608-2894,광주광역시 동구청,2025-12-23
산수동356,1,,광주광역시 동구 산수동 164-24,35.15862656,126.9327469,,한전주,062-608-2894,광주광역시 동구청,2025-12-23
산수동357,1,,광주광역시 동구 산수동 164-42,35.15829468,126.9328003,,한전주,062-608-2894,광주광역시 동구청,2025-12-23
산수동358,1,,광주광역시 동구 산수동 227-11,35.15799713,126.9328003,,전용주,062-608-2894,광주광역시 동구청,2025-12-23
산수동359,1,,광주광역시 동구 산수동 164-17,35.15890104,126.9328739,,한전주,062-608-2894,광주광역시 동구청,2025-12-23
산수동360,1,,광주광역시 동구 산수동 126-24,35.15922928,126.932794,,한전주,062-608-2894,광주광역시 동구청,2025-12-23
산수동361,1,,광주광역시 동구 산수동 164-20,35.15913773,126.9326248,,한전주,062-608-2894,광주광역시 동구청,2025-12-23
산수동362,1,,광주광역시 동구 산수동 164-22,35.15891647,126.932734,,한전주,062-608-2894,광주광역시 동구청,2025-12-23
산수동363,1,,광주광역시 동구 산수동 126-14,35.15939331,126.9326548,,한전주,062-608-2894,광주광역시 동구청,2025-12-23
산수동364,1,,광주광역시 동구 산수동 126-17,35.15974808,126.9325333,,한전주,062-608-2894,광주광역시 동구청,2025-12-23
산수동365,1,,광주광역시 동구 산수동 126-23,35.1594429,126.9327783,,전용주,062-608-2894,광주광역시 동구청,2025-12-23
산수동366,1,,광주광역시 동구 산수동 126-21,35.15964127,126.9327494,,한전주,062-608-2894,광주광역시 동구청,2025-12-23
산수동367,1,,광주광역시 동구 산수동 126-19,35.15983582,126.9327043,,전용주,062-608-2894,광주광역시 동구청,2025-12-23
산수동368,1,,광주광역시 동구 산수동 126-36,35.16001511,126.9326195,,한전주,062-608-2894,광주광역시 동구청,2025-12-23
산수동369,1,,광주광역시 동구 산수동 126-1,35.15988541,126.9323863,,한전주,062-608-2894,광주광역시 동구청,2025-12-23
산수동370,1,,광주광역시 동구 산수동 127-12,35.1602211,126.9324092,,전용주,062-608-2894,광주광역시 동구청,2025-12-23
산수동371,1,,광주광역시 동구 산수동 129-5,35.15978465,126.9320771,,전용주,062-608-2894,광주광역시 동구청,2025-12-23
산수동372,1,,광주광역시 동구 산수동 129-19,35.15968036,126.9320739,,전용주,062-608-2894,광주광역시 동구청,2025-12-23
산수동373,1,,광주광역시 동구 산수동 534-36,35.15976646,126.9319357,,한전주,062-608-2894,광주광역시 동구청,2025-12-23
산수동374,1,,광주광역시 동구 산수동 534-38,35.15978241,126.9318084,,한전주,062-608-2894,광주광역시 동구청,2025-12-23
산수동375,1,,광주광역시 동구 산수동 534-1,35.15991974,126.9318255,,한전주,062-608-2894,광주광역시 동구청,2025-12-23
산수동376,1,,광주광역시 동구 산수동 534-33,35.15948868,126.9318161,,한전주,062-608-2894,광주광역시 동구청,2025-12-23
산수동377,1,,광주광역시 동구 산수동 534-26,35.15926361,126.9318619,,전용주,062-608-2894,광주광역시 동구청,2025-12-23
산수동378,1,,광주광역시 동구 산수동 534-37,35.15912333,126.931900,,한전주,062-608-2894,광주광역시 동구청,2025-12-23
산수동379,1,,광주광역시 동구 산수동 534-6,35.15914574,126.9320259,,전용주,062-608-2894,광주광역시 동구청,2025-12-23
산수동380,1,,광주광역시 동구 산수동 534-7,35.15886688,126.9320932,,건축물,062-608-2894,광주광역시 동구청,2025-12-23
산수동381,1,,광주광역시 동구 산수동 534-18,35.15864563,126.9320328,,한전주,062-608-2894,광주광역시 동구청,2025-12-23
산수동382,1,,광주광역시 동구 산수동 535-34,35.16022491,126.9316559,,한전주,062-608-2894,광주광역시 동구청,2025-12-23
산수동383,1,,광주광역시 동구 산수동 132-19,35.16048431,126.932457,,한전주,062-608-2894,광주광역시 동구청,2025-12-23
산수동384,1,,광주광역시 동구 산수동 126-35,35.16018883,126.9325817,,한전주,062-608-2894,광주광역시 동구청,2025-12-23
산수동385,1,,광주광역시 동구 산수동 538-40,35.15780258,126.931694,,전용주,062-608-2894,광주광역시 동구청,2025-12-23
산수동386,1,,광주광역시 동구 산수동 538-52,35.15793228,126.9317322,,전용주,062-608-2894,광주광역시 동구청,2025-12-23
산수동387,1,,광주광역시 동구 산수동 538-4,35.15809081,126.9317373,,건축물,062-608-2894,광주광역시 동구청,2025-12-23
산수동388,1,,광주광역시 동구 산수동 537-11,35.15868509,126.9316025,,전용주,062-608-2894,광주광역시 동구청,2025-12-23
산수동389,1,,광주광역시 동구 산수동 537-60,35.15920213,126.9314575,,전용주,062-608-2894,광주광역시 동구청,2025-12-23
산수동390,1,,광주광역시 동구 산수동 537-46,35.15945435,126.9314191,,전용주,062-608-2894,광주광역시 동구청,2025-12-23
산수동391,1,,광주광역시 동구 산수동 537-42,35.15968236,126.9312982,,한전주,062-608-2894,광주광역시 동구청,2025-12-23
산수동392,1,,광주광역시 동구 산수동 543-29,35.16083167,126.9298782,,한전주,062-608-2894,광주광역시 동구청,2025-12-23
산수동393,1,,광주광역시 동구 산수동 544-1,35.16065598,126.9294586,,한전주,062-608-2894,광주광역시 동구청,2025-12-23
산수동394,1,,광주광역시 동구 산수동 544-3,35.16049576,126.9296265,,한전주,062-608-2894,광주광역시 동구청,2025-12-23
산수동395,1,,광주광역시 동구 산수동 544-36,35.16025383,126.9295731,,전용주,062-608-2894,광주광역시 동구청,2025-12-23
산수동396,1,,광주광역시 동구 산수동 544-5,35.16030941,126.9296857,,한전주,062-608-2894,광주광역시 동구청,2025-12-23
산수동397,1,,광주광역시 동구 산수동 544-38,35.16017914,126.9294774,,건축물,062-608-2894,광주광역시 동구청,2025-12-23
산수동398,1,,광주광역시 동구 산수동 544-20,35.16004944,126.9297486,,한전주,062-608-2894,광주광역시 동구청,2025-12-23
산수동399,1,,광주광역시 동구 산수동 544-52,35.16007233,126.9295959,,건축물,062-608-2894,광주광역시 동구청,2025-12-23
산수동400,1,,광주광역시 동구 산수동 544-35,35.15977116,126.9299393,,한전주,062-608-2894,광주광역시 동구청,2025-12-23
산수동401,1,,광주광역시 동구 산수동 544-30,35.15963364,126.9299622,,한전주,062-608-2894,광주광역시 동구청,2025-12-23
산수동402,1,,광주광역시 동구 산수동 546-29,35.15953064,126.9299641,,한전주,062-608-2894,광주광역시 동구청,2025-12-23
산수동403,1,,광주광역시 동구 산수동 543-23,35.15978042,126.9303207,,한전주,062-608-2894,광주광역시 동구청,2025-12-23
산수동404,1,,광주광역시 동구 산수동 542-48,35.15955251,126.9304352,,한전주,062-608-2894,광주광역시 동구청,2025-12-23
산수동405,1,,광주광역시 동구 산수동 543-22,35.15985107,126.9303741,,건축물,062-608-2894,광주광역시 동구청,2025-12-23
산수동406,1,,광주광역시 동구 산수동 543-30,35.16077042,126.9298941,,전용주,062-608-2894,광주광역시 동구청,2025-12-23
산수동407,1,,광주광역시 동구 산수동 544-32,35.15963218,126.9297409,,한전주,062-608-2894,광주광역시 동구청,2025-12-23
산수동408,1,,광주광역시 동구 산수동 546-37,35.15927505,126.9298248,,한전주,062-608-2894,광주광역시 동구청,2025-12-23
산수동409,1,,광주광역시 동구 산수동 544-34,35.15985107,126.9296112,,한전주,062-608-2894,광주광역시 동구청,2025-12-23
산수동410,1,,광주광역시 동구 산수동 544-42,35.15962219,126.9294045,,한전주,062-608-2894,광주광역시 동구청,2025-12-23
산수동411,1,,광주광역시 동구 산수동 544-44,35.15975952,126.9295578,,건축물,062-608-2894,광주광역시 동구청,2025-12-23
산수동428,1,,광주광역시 동구 산수동 545-73,35.15973282,126.9279748,,한전주,062-608-2894,광주광역시 동구청,2025-12-23
산수동429,1,,광주광역시 동구 산수동 545-53,35.15952682,126.9277115,,한전주,062-608-2894,광주광역시 동구청,2025-12-23
산수동430,1,,광주광역시 동구 산수동 545-46,35.15941238,126.9280472,,전용주,062-608-2894,광주광역시 동구청,2025-12-23
산수동431,1,,광주광역시 동구 산수동 545-36,35.15926361,126.9281845,,한전주,062-608-2894,광주광역시 동구청,2025-12-23
산수동432,1,,광주광역시 동구 산수동 545-29,35.15944672,126.9283676,,건축물,062-608-2894,광주광역시 동구청,2025-12-23
산수동433,1,,광주광역시 동구 산수동 545-25,35.15951299,126.9284515,,건축물,062-608-2894,광주광역시 동구청,2025-12-23
산수동434,1,,광주광역시 동구 산수동 545-26,35.15935516,126.928566,,한전주,062-608-2894,광주광역시 동구청,2025-12-23
산수동435,1,,광주광역시 동구 산수동 545-21,35.15954971,126.9285431,,건축물,062-608-2894,광주광역시 동구청,2025-12-23
산수동436,1,,광주광역시 동구 산수동 545-17,35.15950012,126.9287055,,건축물,062-608-2894,광주광역시 동구청,2025-12-23
산수동437,1,,광주광역시 동구 산수동 545-16,35.15963364,126.9286346,,건축물,062-608-2894,광주광역시 동구청,2025-12-23
산수동438,1,,광주광역시 동구 산수동 545-18,35.15940857,126.9287872,,한전주,062-608-2894,광주광역시 동구청,2025-12-23
산수동439,1,,광주광역시 동구 산수동 547-50,35.15922704,126.9288483,,건축물,062-608-2894,광주광역시 동구청,2025-12-23
산수동440,1,,광주광역시 동구 산수동 545-63,35.15983052,126.9289088,,건축물,062-608-2894,광주광역시 동구청,2025-12-23
산수동441,1,,광주광역시 동구 산수동 545-68,35.15943527,126.9289322,,전용주,062-608-2894,광주광역시 동구청,2025-12-23
산수동442,1,,광주광역시 동구 산수동 547-30,35.15923691,126.9290231,,건축물,062-608-2894,광주광역시 동구청,2025-12-23
산수동443,1,,광주광역시 동구 산수동 545-60,35.15951277,126.9290323,,한전주,062-608-2894,광주광역시 동구청,2025-12-23
산수동444,1,,광주광역시 동구 산수동 547-75,35.15934753,126.9293518,,전용주,062-608-2894,광주광역시 동구청,2025-12-23
산수동445,1,,광주광역시 동구 산수동 546-44,35.15906906,126.9296083,,한전주,062-608-2894,광주광역시 동구청,2025-12-23
산수동446,1,,광주광역시 동구 산수동 547-53,35.15896998,126.9292037,,한전주,062-608-2894,광주광역시 동구청,2025-12-23
산수동447,1,,광주광역시 동구 산수동 547-52,35.15890121,126.9293035,,건축물,062-608-2894,광주광역시 동구청,2025-12-23
산수동448,1,,광주광역시 동구 산수동 547-54,35.15894919,126.929100,,전용주,062-608-2894,광주광역시 동구청,2025-12-23
산수동449,1,,광주광역시 동구 산수동 463-9,35.15866733,126.9293998,,전용주,062-608-2894,광주광역시 동구청,2025-12-23
산수동450,1,,광주광역시 동구 산수동 546-14,35.15871048,126.9297148,,한전주,062-608-2894,광주광역시 동구청,2025-12-23
산수동451,1,,광주광역시 동구 산수동 546-9,35.15829849,126.9298701,,한전주,062-608-2894,광주광역시 동구청,2025-12-23
산수동452,1,,광주광역시 동구 산수동 463-19,35.158701,126.9284171,,한전주,062-608-2894,광주광역시 동구청,2025-12-23
산수동453,1,,광주광역시 동구 산수동 463-19,35.158701,126.9284171,,전용주,062-608-2894,광주광역시 동구청,2025-12-23
산수동454,1,,광주광역시 동구 산수동 463-12,35.15826253,126.9290855,,한전주,062-608-2894,광주광역시 동구청,2025-12-23
산수동455,1,,광주광역시 동구 산수동 548-41,35.15781784,126.9294434,,한전주,062-608-2894,광주광역시 동구청,2025-12-23
산수동456,1,,광주광역시 동구 산수동 547-69,35.15777233,126.9290543,,전용주,062-608-2894,광주광역시 동구청,2025-12-23
산수동457,1,,광주광역시 동구 산수동 547-64,35.15792465,126.9290412,,전용주,062-608-2894,광주광역시 동구청,2025-12-23
산수동458,1,,광주광역시 동구 산수동 547-61,35.15805817,126.9287969,,전용주,062-608-2894,광주광역시 동구청,2025-12-23
산수동459,1,,광주광역시 동구 산수동 547-19,35.15832901,126.9284515,,전용주,062-608-2894,광주광역시 동구청,2025-12-23
산수동460,1,,광주광역시 동구 산수동 547-37,35.15855789,126.9281158,,전용주,062-608-2894,광주광역시 동구청,2025-12-23
산수동461,1,,광주광역시 동구 산수동 463-20,35.15852272,126.9283628,,한전주,062-608-2894,광주광역시 동구청,2025-12-23
산수동462,1,,광주광역시 동구 산수동 463-20,35.15852272,126.9283628,,한전주,062-608-2894,광주광역시 동구청,2025-12-23
산수동463,1,,광주광역시 동구 산수동 547-57,35.15855408,126.9282991,,한전주,062-608-2894,광주광역시 동구청,2025-12-23
산수동464,1,,광주광역시 동구 산수동 547-22,35.158384,126.9284973,,한전주,062-608-2894,광주광역시 동구청,2025-12-23
산수동465,1,,광주광역시 동구 산수동 463-9,35.15866733,126.9293998,,전용주,062-608-2894,광주광역시 동구청,2025-12-23
산수동466,1,,광주광역시 동구 산수동 463-9,35.15866733,126.9293998,,한전주,062-608-2894,광주광역시 동구청,2025-12-23
산수동467,1,,광주광역시 동구 산수동 463-9,35.15866733,126.9293998,,전용주,062-608-2894,광주광역시 동구청,2025-12-23
산수동468,1,,광주광역시 동구 산수동 468-2,35.15887007,126.9292953,,전용주,062-608-2894,광주광역시 동구청,2025-12-23
산수동469,1,,광주광역시 동구 산수동 542-11,35.15952914,126.9302208,,전용주,062-608-2894,광주광역시 동구청,2025-12-23
산수동470,1,,광주광역시 동구 산수동 542-15,35.15925217,126.9303418,,전용주,062-608-2894,광주광역시 동구청,2025-12-23
산수동471,1,,광주광역시 동구 산수동 546-2,35.15907669,126.9300615,,한전주,062-608-2894,광주광역시 동구청,2025-12-23
산수동472,1,,광주광역시 동구 산수동 546-24,35.15878573,126.9301605,,한전주,062-608-2894,광주광역시 동구청,2025-12-23
산수동473,1,,광주광역시 동구 산수동 546-23,35.15883255,126.9299516,,전용주,062-608-2894,광주광역시 동구청,2025-12-23
산수동474,1,,광주광역시 동구 산수동 546-34,35.15855026,126.930182,,한전주,062-608-2894,광주광역시 동구청,2025-12-23
산수동475,1,,광주광역시 동구 산수동 546-47,35.15830612,126.930275,,한전주,062-608-2894,광주광역시 동구청,2025-12-23
산수동476,1,,광주광역시 동구 산수동 548-54,35.15816498,126.9301431,,전용주,062-608-2894,광주광역시 동구청,2025-12-23
산수동477,1,,광주광역시 동구 산수동 546-58,35.15931043,126.929512,,전용주,062-608-2894,광주광역시 동구청,2025-12-23
산수동478,1,,광주광역시 동구 산수동 542-10,35.1583252,126.930542,,전용주,062-608-2894,광주광역시 동구청,2025-12-23
산수동479,1,,광주광역시 동구 산수동 542-10,35.15838407,126.9305801,,전용주,062-608-2894,광주광역시 동구청,2025-12-23
산수동480,1,,광주광역시 동구 산수동 542-37,35.15871048,126.9304996,,전용주,062-608-2894,광주광역시 동구청,2025-12-23
산수동481,1,,광주광역시 동구 산수동 542-50,35.15896988,126.9306227,,한전주,062-608-2894,광주광역시 동구청,2025-12-23
산수동482,1,,광주광역시 동구 산수동 541-21,35.15821534,126.9307938,,전용주,062-608-2894,광주광역시 동구청,2025-12-23
산수동483,1,,광주광역시 동구 산수동 541-19,35.15792084,126.9307682,,전용주,062-608-2894,광주광역시 동구청,2025-12-23
산수동484,1,,광주광역시 동구 산수동 542-54,35.15934753,126.9304795,,전용주,062-608-2894,광주광역시 동구청,2025-12-23
산수동485,1,,광주광역시 동구 산수동 541-31,35.15776062,126.9307949,,전용주,062-608-2894,광주광역시 동구청,2025-12-23
산수동486,1,,광주광역시 동구 산수동 541-7,35.15760364,126.9308624,,한전주,062-608-2894,광주광역시 동구청,2025-12-23
산수동487,1,,광주광역시 동구 산수동 541-58,35.15703122,126.9310247,,한전주,062-608-2894,광주광역시 동구청,2025-12-23
산수동488,1,,광주광역시 동구 산수동 541-11,35.15732956,126.9309058,,전용주,062-608-2894,광주광역시 동구청,2025-12-23
산수동489,1,,광주광역시 동구 산수동 540-59,35.15662003,126.9310558,,전용주,062-608-2894,광주광역시 동구청,2025-12-23
산수동490,1,,광주광역시 동구 산수동 540-7,35.15640444,126.9310303,,전용주,062-608-2894,광주광역시 동구청,2025-12-23
산수동491,1,,광주광역시 동구 산수동 540-24,35.15618134,126.9309387,,한전주,062-608-2894,광주광역시 동구청,2025-12-23
산수동492,1,,광주광역시 동구 산수동 540-34,35.15632447,126.9312515,,전용주,062-608-2894,광주광역시 동구청,2025-12-23
산수동493,1,,광주광역시 동구 산수동 540-52,35.15678137,126.9307251,,전용주,062-608-2894,광주광역시 동구청,2025-12-23
산수동494,1,,광주광역시 동구 산수동 548-45,35.15694341,126.9305496,,한전주,062-608-2894,광주광역시 동구청,2025-12-23
산수동495,1,,광주광역시 동구 산수동 548-43,35.15718079,126.9304536,,한전주,062-608-2894,광주광역시 동구청,2025-12-23
산수동496,1,,광주광역시 동구 산수동 548-10,35.15723543,126.9304886,,전용주,062-608-2894,광주광역시 동구청,2025-12-23
산수동497,1,,광주광역시 동구 산수동 541-10,35.15724182,126.9307349,,전용주,062-608-2894,광주광역시 동구청,2025-12-23
산수동498,1,,광주광역시 동구 산수동 541-10,35.15729145,126.9307349,,건축물,062-608-2894,광주광역시 동구청,2025-12-23
산수동499,1,,광주광역시 동구 산수동 548-21,35.15763092,126.930349,,한전주,062-608-2894,광주광역시 동구청,2025-12-23
산수동500,1,,광주광역시 동구 산수동 548-1,35.15810394,126.9302787,,한전주,062-608-2894,광주광역시 동구청,2025-12-23
산수동501,1,,광주광역시 동구 산수동 548-2,35.15795135,126.9302971,,전용주,062-608-2894,광주광역시 동구청,2025-12-23
산수동502,1,,광주광역시 동구 산수동 548-32,35.15780239,126.9301877,,한전주,062-608-2894,광주광역시 동구청,2025-12-23
산수동503,1,,광주광역시 동구 산수동 541-36,35.15782547,126.9305191,,한전주,062-608-2894,광주광역시 동구청,2025-12-23
산수동504,1,,광주광역시 동구 산수동 548-5,35.15784454,126.9298775,,전용주,062-608-2894,광주광역시 동구청,2025-12-23
산수동505,1,,광주광역시 동구 산수동 541-27,35.15799466,126.9305256,,전용주,062-608-2894,광주광역시 동구청,2025-12-23
산수동506,1,,광주광역시 동구 산수동 548-35,35.15762329,126.9297691,,한전주,062-608-2894,광주광역시 동구청,2025-12-23
산수동507,1,,광주광역시 동구 산수동 548-34,35.15769958,126.9298603,,한전주,062-608-2894,광주광역시 동구청,2025-12-23
산수동508,1,,광주광역시 동구 산수동 548-16,35.15747452,126.9300326,,전용주,062-608-2894,광주광역시 동구청,2025-12-23
산수동509,1,,광주광역시 동구 산수동 548-17,35.15740161,126.9299545,,한전주,062-608-2894,광주광역시 동구청,2025-12-23
산수동510,1,,광주광역시 동구 산수동 548-51,35.157230,126.930130,,전용주,062-608-2894,광주광역시 동구청,2025-12-23
산수동511,1,,광주광역시 동구 산수동 548-11,35.15723419,126.9302216,,전용주,062-608-2894,광주광역시 동구청,2025-12-23
산수동512,1,,광주광역시 동구 산수동 548-48,35.15701675,126.9303144,,한전주,062-608-2894,광주광역시 동구청,2025-12-23
산수동513,1,,광주광역시 동구 산수동 548-46,35.15691164,126.9304581,,전용주,062-608-2894,광주광역시 동구청,2025-12-23
산수동514,1,,광주광역시 동구 산수동 549-17,35.15672684,126.9303284,,전용주,062-608-2894,광주광역시 동구청,2025-12-23
산수동515,1,,광주광역시 동구 산수동 549-20,35.15678406,126.9301682,,전용주,062-608-2894,광주광역시 동구청,2025-12-23
산수동516,1,,광주광역시 동구 산수동 540-72,35.15654755,126.9305878,,전용주,062-608-2894,광주광역시 동구청,2025-12-23
산수동517,1,,광주광역시 동구 산수동 540-27,35.15651703,126.9303422,,한전주,062-608-2894,광주광역시 동구청,2025-12-23
산수동518,1,,광주광역시 동구 산수동 549-37,35.15705198,126.9298019,,전용주,062-608-2894,광주광역시 동구청,2025-12-23
산수동519,1,,광주광역시 동구 산수동 549-31,35.15721893,126.9295578,,전용주,062-608-2894,광주광역시 동구청,2025-12-23
산수동520,1,,광주광역시 동구 산수동 540-46,35.15633774,126.9305479,,전용주,062-608-2894,광주광역시 동구청,2025-12-23
산수동521,1,,광주광역시 동구 산수동 540-28,35.15625799,126.9306335,,전용주,062-608-2894,광주광역시 동구청,2025-12-23
산수동522,1,,광주광역시 동구 산수동 540-87,35.15582524,126.9312552,,전용주,062-608-2894,광주광역시 동구청,2025-12-23
산수동523,1,,광주광역시 동구 산수동 553-26,35.15513611,126.9309006,,전용주,062-608-2894,광주광역시 동구청,2025-12-23
산수동524,1,,광주광역시 동구 산수동 553-124,35.15512418,126.930974,,한전주,062-608-2894,광주광역시 동구청,2025-12-23
산수동525,1,,광주광역시 동구 산수동 553-77,35.15522766,126.9306183,,전용주,062-608-2894,광주광역시 동구청,2025-12-23
산수동526,1,,광주광역시 동구 산수동 553-23,35.15535532,126.9305649,,한전주,062-608-2894,광주광역시 동구청,2025-12-23
산수동527,1,,광주광역시 동구 산수동 553-5,35.15566254,126.9302526,,한전주,062-608-2894,광주광역시 동구청,2025-12-23
산수동528,1,,광주광역시 동구 산수동 553-17,35.15555191,126.9302444,,한전주,062-608-2894,광주광역시 동구청,2025-12-23
산수동529,1,,광주광역시 동구 산수동 553-8,35.1558342,126.9300396,,한전주,062-608-2894,광주광역시 동구청,2025-12-23
산수동530,1,,광주광역시 동구 산수동 553-84,35.15542984,126.9302751,,전용주,062-608-2894,광주광역시 동구청,2025-12-23
산수동531,1,,광주광역시 동구 산수동 553-60,35.15526581,126.9302216,,한전주,062-608-2894,광주광역시 동구청,2025-12-23
산수동532,1,,광주광역시 동구 산수동 553-91,35.15611649,126.929924,,한전주,062-608-2894,광주광역시 동구청,2025-12-23
산수동533,1,,광주광역시 동구 산수동 554-1,35.15573502,126.9296417,,한전주,062-608-2894,광주광역시 동구청,2025-12-23
산수동534,1,,광주광역시 동구 산수동 552-11,35.15589905,126.9295734,,전용주,062-608-2894,광주광역시 동구청,2025-12-23
산수동535,1,,광주광역시 동구 산수동 554-2,35.15550789,126.929720,,한전주,062-608-2894,광주광역시 동구청,2025-12-23
산수동536,1,,광주광역시 동구 산수동 553-61,35.15520854,126.9301071,,한전주,062-608-2894,광주광역시 동구청,2025-12-23
산수동537,1,,광주광역시 동구 산수동 553-66,35.15500184,126.9302292,,전용주,062-608-2894,광주광역시 동구청,2025-12-23
산수동538,1,,광주광역시 동구 산수동 553-67,35.15503286,126.9304736,,한전주,062-608-2894,광주광역시 동구청,2025-12-23
산수동539,1,,광주광역시 동구 산수동 553-42,35.15477753,126.9304307,,한전주,062-608-2894,광주광역시 동구청,2025-12-23
소태동026,1,,광주광역시 동구 소태동 815,35.13014438,126.9418335,,한전주,062-608-2894,광주광역시 동구청,2025-12-23
소태동027,1,,광주광역시 동구 소태동 817,35.12999725,126.9415541,,한전주,062-608-2894,광주광역시 동구청,2025-12-23
소태동028,1,,광주광역시 동구 소태동 818,35.12997706,126.9413243,,한전주,062-608-2894,광주광역시 동구청,2025-12-23
소태동029,1,,광주광역시 동구 소태동 769-2,35.13091066,126.9389271,,한전주,062-608-2894,광주광역시 동구청,2025-12-23
소태동030,1,,광주광역시 동구 소태동 855-77,35.13143539,126.9384095,,한전주,062-608-2894,광주광역시 동구청,2025-12-23
소태동031,1,,광주광역시 동구 소태동 729-1,35.13149096,126.938106,,한전주,062-608-2894,광주광역시 동구청,2025-12-23
소태동032,1,,광주광역시 동구 소태동 729-2,35.13154238,126.9382635,,한전주,062-608-2894,광주광역시 동구청,2025-12-23
소태동033,1,,광주광역시 동구 소태동 730-1,35.13187689,126.9376351,,한전주,062-608-2894,광주광역시 동구청,2025-12-23
소태동034,1,,광주광역시 동구 소태동 769-1,35.13108394,126.9383623,,한전주,062-608-2894,광주광역시 동구청,2025-12-23
소태동035,1,,광주광역시 동구 소태동 727-7,35.13100815,126.9373169,,전용주,062-608-2894,광주광역시 동구청,2025-12-23
소태동036,1,,광주광역시 동구 소태동 725-1,35.13068944,126.9371033,,전용주,062-608-2894,광주광역시 동구청,2025-12-23
소태동037,1,,광주광역시 동구 소태동 722-44,35.13091039,126.936632,,한전주,062-608-2894,광주광역시 동구청,2025-12-23
소태동038,1,,광주광역시 동구 소태동 726-15,35.13080211,126.9374424,,한전주,062-608-2894,광주광역시 동구청,2025-12-23
소태동039,1,,광주광역시 동구 소태동 725-18,35.13087584,126.9374308,,한전주,062-608-2894,광주광역시 동구청,2025-12-23
소태동040,1,,광주광역시 동구 소태동 724-20,35.13013528,126.9361462,,한전주,062-608-2894,광주광역시 동구청,2025-12-23
소태동041,1,,광주광역시 동구 소태동 856-22,35.13054928,126.9366284,,전용주,062-608-2894,광주광역시 동구청,2025-12-23
소태동042,1,,광주광역시 동구 소태동 723-33,35.13050461,126.9362183,,건축물,062-608-2894,광주광역시 동구청,2025-12-23
소태동043,1,,광주광역시 동구 소태동 722-25,35.13063739,126.9363937,,한전주,062-608-2894,광주광역시 동구청,2025-12-23
소태동044,1,,광주광역시 동구 소태동 722-22,35.13101743,126.9365761,,한전주,062-608-2894,광주광역시 동구청,2025-12-23
소태동045,1,,광주광역시 동구 소태동 722-72,35.13153819,126.9368341,,한전주,062-608-2894,광주광역시 동구청,2025-12-23
소태동046,1,,광주광역시 동구 소태동 722-8,35.13115773,126.937088,,한전주,062-608-2894,광주광역시 동구청,2025-12-23
소태동047,1,,광주광역시 동구 소태동 722-6,35.13140541,126.9371508,,한전주,062-608-2894,광주광역시 동구청,2025-12-23
소태동048,1,,광주광역시 동구 소태동 722-5,35.13151169,126.9371109,,한전주,062-608-2894,광주광역시 동구청,2025-12-23
소태동049,1,,광주광역시 동구 소태동 722-72,35.13153819,126.9368341,,한전주,062-608-2894,광주광역시 동구청,2025-12-23
소태동050,1,,광주광역시 동구 소태동 722-1,35.13153819,126.9368341,,전용주,062-608-2894,광주광역시 동구청,2025-12-23
소태동051,1,,광주광역시 동구 소태동 722-73,35.13166428,126.936676,,한전주,062-608-2894,광주광역시 동구청,2025-12-23
소태동052,1,,광주광역시 동구 소태동 722-70,35.1318779,126.9365211,,한전주,062-608-2894,광주광역시 동구청,2025-12-23
소태동053,1,,광주광역시 동구 소태동 722-38,35.13175964,126.9364179,,한전주,062-608-2894,광주광역시 동구청,2025-12-23
소태동054,1,,광주광역시 동구 소태동 722-41,35.13143921,126.9362259,,건축물,062-608-2894,광주광역시 동구청,2025-12-23
소태동055,1,,광주광역시 동구 소태동 722-38,35.13175998,126.9364179,,한전주,062-608-2894,광주광역시 동구청,2025-12-23
소태동056,1,,광주광역시 동구 소태동 717-1,35.13039437,126.9358202,,전용주,062-608-2894,광주광역시 동구청,2025-12-23
소태동057,1,,광주광역시 동구 소태동 717-1,35.13039437,126.9358202,,전용주,062-608-2894,광주광역시 동구청,2025-12-23
소태동058,1,,광주광역시 동구 소태동 717-1,35.13039437,126.9358202,,전용주,062-608-2894,광주광역시 동구청,2025-12-23
소태동059,1,,광주광역시 동구 소태동 717-4,35.13058398,126.9355736,,한전주,062-608-2894,광주광역시 동구청,2025-12-23
소태동060,1,,광주광역시 동구 소태동 724-21,35.13002014,126.9361483,,한전주,062-608-2894,광주광역시 동구청,2025-12-23
소태동061,1,,광주광역시 동구 소태동 724-6,35.12992477,126.9362411,,전용주,062-608-2894,광주광역시 동구청,2025-12-23
소태동062,1,,광주광역시 동구 소태동 산259-19,35.12958908,126.9358902,,건축물,062-608-2894,광주광역시 동구청,2025-12-23
소태동063,1,,광주광역시 동구 소태동 698-48,35.12954712,126.9354852,,한전주,062-608-2894,광주광역시 동구청,2025-12-23
소태동064,1,,광주광역시 동구 소태동 698-32,35.12924194,126.9350404,,한전주,062-608-2894,광주광역시 동구청,2025-12-23
소태동065,1,,광주광역시 동구 소태동 700-2,35.12907435,126.9348495,,한전주,062-608-2894,광주광역시 동구청,2025-12-23
소태동066,1,,광주광역시 동구 소태동 700-1,35.1289302,126.9346848,,한전주,062-608-2894,광주광역시 동구청,2025-12-23
소태동067,1,,광주광역시 동구 소태동 700-2,35.12907435,126.9348145,,한전주,062-608-2894,광주광역시 동구청,2025-12-23
소태동068,1,,광주광역시 동구 소태동 698-29,35.12936969,126.934967,,한전주,062-608-2894,광주광역시 동구청,2025-12-23
소태동069,1,,광주광역시 동구 소태동 709-2,35.12937813,126.9347458,,전용주,062-608-2894,광주광역시 동구청,2025-12-23
소태동070,1,,광주광역시 동구 소태동 698-40,35.12944226,126.9351501,,전용주,062-608-2894,광주광역시 동구청,2025-12-23
소태동071,1,,광주광역시 동구 소태동 856-25,35.12959924,126.9351204,,한전주,062-608-2894,광주광역시 동구청,2025-12-23
소태동072,1,,광주광역시 동구 소태동 697-5,35.12989483,126.9356232,,전용주,062-608-2894,광주광역시 동구청,2025-12-23
소태동073,1,,광주광역시 동구 소태동 709-13,35.1295929,126.9345397,,전용주,062-608-2894,광주광역시 동구청,2025-12-23
소태동074,1,,광주광역시 동구 소태동 709-4,35.12957071,126.9346425,,한전주,062-608-2894,광주광역시 동구청,2025-12-23
소태동075,1,,광주광역시 동구 소태동 708-6,35.12961578,126.934494,,한전주,062-608-2894,광주광역시 동구청,2025-12-23
소태동076,1,,광주광역시 동구 소태동 709-2,35.12937813,126.9347236,,한전주,062-608-2894,광주광역시 동구청,2025-12-23
소태동077,1,,광주광역시 동구 소태동 712-11,35.12973184,126.9343869,,전용주,062-608-2894,광주광역시 동구청,2025-12-23
소태동078,1,,광주광역시 동구 소태동 716-6,35.12993622,126.9346469,,한전주,062-608-2894,광주광역시 동구청,2025-12-23
소태동079,1,,광주광역시 동구 소태동 716-13,35.13015366,126.9346804,,한전주,062-608-2894,광주광역시 동구청,2025-12-23
소태동080,1,,광주광역시 동구 소태동 712-8,35.13005137,126.9344073,,한전주,062-608-2894,광주광역시 동구청,2025-12-23
소태동081,1,,광주광역시 동구 소태동 715-1,35.13031414,126.9346848,,한전주,062-608-2894,광주광역시 동구청,2025-12-23
소태동082,1,,광주광역시 동구 소태동 716-3,35.13032223,126.9350128,,한전주,062-608-2894,광주광역시 동구청,2025-12-23
소태동083,1,,광주광역시 동구 소태동 715-7,35.13013077,126.9340515,,전용주,062-608-2894,광주광역시 동구청,2025-12-23
소태동084,1,,광주광역시 동구 소태동 715-13,35.12998705,126.9338074,,한전주,062-608-2894,광주광역시 동구청,2025-12-23
소태동085,1,,광주광역시 동구 소태동 715-16,35.13001251,126.9336395,,건축물,062-608-2894,광주광역시 동구청,2025-12-23
소태동086,1,,광주광역시 동구 소태동 715-3,35.12992477,126.9333496,,한전주,062-608-2894,광주광역시 동구청,2025-12-23
소태동087,1,,광주광역시 동구 소태동 715-21,35.13005066,126.9333267,,전용주,062-608-2894,광주광역시 동구청,2025-12-23
소태동088,1,,광주광역시 동구 소태동 534-2,35.12997055,126.9332581,,한전주,062-608-2894,광주광역시 동구청,2025-12-23
소태동089,1,,광주광역시 동구 소태동 514-2,35.13002467,126.9330292,,한전주,062-608-2894,광주광역시 동구청,2025-12-23
소태동090,1,,광주광역시 동구 소태동 514-5,35.12991683,126.9328268,,한전주,062-608-2894,광주광역시 동구청,2025-12-23
소태동091,1,,광주광역시 동구 소태동 514-6,35.13002014,126.9326324,,한전주,062-608-2894,광주광역시 동구청,2025-12-23
소태동092,1,,광주광역시 동구 소태동 855-1,35.13022614,126.9324735,,전용주,062-608-2894,광주광역시 동구청,2025-12-23
소태동093,1,,광주광역시 동구 소태동 534-8,35.12958914,126.9327087,,한전주,062-608-2894,광주광역시 동구청,2025-12-23
소태동094,1,,광주광역시 동구 소태동 535-13,35.1294725,126.9330368,,한전주,062-608-2894,광주광역시 동구청,2025-12-23
소태동095,1,,광주광역시 동구 소태동 534-46,35.12975332,126.9329605,,한전주,062-608-2894,광주광역시 동구청,2025-12-23
소태동096,1,,광주광역시 동구 소태동 534-24,35.12963486,126.9332832,,한전주,062-608-2894,광주광역시 동구청,2025-12-23
소태동097,1,,광주광역시 동구 소태동 535-6,35.12931249,126.9333694,,한전주,062-608-2894,광주광역시 동구청,2025-12-23
소태동098,1,,광주광역시 동구 소태동 535-21,35.12911171,126.9332775,,한전주,062-608-2894,광주광역시 동구청,2025-12-23
소태동099,1,,광주광역시 동구 소태동 706-10,35.12947924,126.9338226,,한전주,062-608-2894,광주광역시 동구청,2025-12-23
소태동100,1,,광주광역시 동구 소태동 706-10,35.12947845,126.9338542,,한전주,062-608-2894,광주광역시 동구청,2025-12-23
소태동101,1,,광주광역시 동구 소태동 706-4,35.12971878,126.9336014,,한전주,062-608-2894,광주광역시 동구청,2025-12-23
소태동102,1,,광주광역시 동구 소태동 706-1,35.12984467,126.9337158,,한전주,062-608-2894,광주광역시 동구청,2025-12-23
소태동103,1,,광주광역시 동구 소태동 706-17,35.12961578,126.9338913,,건축물,062-608-2894,광주광역시 동구청,2025-12-23
소태동104,1,,광주광역시 동구 소태동 706-16,35.12971945,126.9340744,,한전주,062-608-2894,광주광역시 동구청,2025-12-23
소태동105,1,,광주광역시 동구 소태동 713-2,35.12977433,126.9341575,,전용주,062-608-2894,광주광역시 동구청,2025-12-23
소태동106,1,,광주광역시 동구 소태동 709,35.12928907,126.9343338,,한전주,062-608-2894,광주광역시 동구청,2025-12-23
소태동107,1,,광주광역시 동구 소태동 709-3,35.12927075,126.9341965,,한전주,062-608-2894,광주광역시 동구청,2025-12-23
소태동108,1,,광주광역시 동구 소태동 855-32,35.12930637,126.9340421,,한전주,062-608-2894,광주광역시 동구청,2025-12-23
소태동109,1,,광주광역시 동구 소태동 704-11,35.12897491,126.9342097,,한전주,062-608-2894,광주광역시 동구청,2025-12-23
소태동110,1,,광주광역시 동구 소태동 704-10,35.12905884,126.9342913,,한전주,062-608-2894,광주광역시 동구청,2025-12-23
소태동111,1,,광주광역시 동구 소태동 703-7,35.1287384,126.9342957,,한전주,062-608-2894,광주광역시 동구청,2025-12-23
소태동112,1,,광주광역시 동구 소태동 700,35.1288681,126.9345885,,한전주,062-608-2894,광주광역시 동구청,2025-12-23
소태동114,1,,광주광역시 동구 소태동 698-9,35.12868881,126.934938,,한전주,062-608-2894,광주광역시 동구청,2025-12-23
소태동115,1,,광주광역시 동구 소태동 698-38,35.12844649,126.9350433,,전용주,062-608-2894,광주광역시 동구청,2025-12-23
소태동116,1,,광주광역시 동구 소태동 702-9,35.12851645,126.9342646,,한전주,062-608-2894,광주광역시 동구청,2025-12-23
소태동117,1,,광주광역시 동구 소태동 702-6,35.12862778,126.934433,,건축물,062-608-2894,광주광역시 동구청,2025-12-23
소태동118,1,,광주광역시 동구 소태동 701-3,35.12825051,126.9343491,,한전주,062-608-2894,광주광역시 동구청,2025-12-23
소태동119,1,,광주광역시 동구 소태동 701-2,35.12847137,126.9344961,,한전주,062-608-2894,광주광역시 동구청,2025-12-23
소태동120,1,,광주광역시 동구 소태동 701-11,35.12856674,126.9346161,,한전주,062-608-2894,광주광역시 동구청,2025-12-23
소태동121,1,,광주광역시 동구 소태동 553-34,35.12799454,126.9345245,,한전주,062-608-2894,광주광역시 동구청,2025-12-23
소태동122,1,,광주광역시 동구 소태동 701-5,35.12843704,126.9346771,,한전주,062-608-2894,광주광역시 동구청,2025-12-23
소태동123,1,,광주광역시 동구 소태동 698-10,35.12855911,126.934891,,한전주,062-608-2894,광주광역시 동구청,2025-12-23
소태동124,1,,광주광역시 동구 소태동 554,35.12800598,126.9348145,,한전주,062-608-2894,광주광역시 동구청,2025-12-23
소태동125,1,,광주광역시 동구 소태동 556,35.12794546,126.9348191,,한전주,062-608-2894,광주광역시 동구청,2025-12-23
소태동126,1,,광주광역시 동구 소태동 505-1,35.12777562,126.9355171,,한전주,062-608-2894,광주광역시 동구청,2025-12-23
소태동127,1,,광주광역시 동구 소태동 554-2,35.12820475,126.9352615,,한전주,062-608-2894,광주광역시 동구청,2025-12-23
소태동128,1,,광주광역시 동구 소태동 산8,35.12806975,126.9353097,,전용주,062-608-2894,광주광역시 동구청,2025-12-23
소태동129,1,,광주광역시 동구 소태동 산8,35.12806975,126.9353097,,전용주,062-608-2894,광주광역시 동구청,2025-12-23
소태동130,1,,광주광역시 동구 소태동 506-5,35.12760544,126.9354584,,한전주,062-608-2894,광주광역시 동구청,2025-12-23
소태동131,1,,광주광역시 동구 소태동 506-7,35.12750639,126.9354019,,한전주,062-608-2894,광주광역시 동구청,2025-12-23
소태동132,1,,광주광역시 동구 소태동 512-15,35.12714767,126.935323,,한전주,062-608-2894,광주광역시 동구청,2025-12-23
소태동133,1,,광주광역시 동구 소태동 507,35.1271563,126.9356229,,한전주,062-608-2894,광주광역시 동구청,2025-12-23
소태동134,1,,광주광역시 동구 소태동 512-21,35.12704563,126.9353149,,한전주,062-608-2894,광주광역시 동구청,2025-12-23
소태동135,1,,광주광역시 동구 소태동 512-4,35.12725449,126.9349158,,한전주,062-608-2894,광주광역시 동구청,2025-12-23
소태동136,1,,광주광역시 동구 소태동 512-19,35.12696553,126.9348831,,한전주,062-608-2894,광주광역시 동구청,2025-12-23
소태동137,1,,광주광역시 동구 소태동 559-3,35.12714767,126.934556,,한전주,062-608-2894,광주광역시 동구청,2025-12-23
소태동138,1,,광주광역시 동구 소태동 560-11,35.12693526,126.934069,,한전주,062-608-2894,광주광역시 동구청,2025-12-23
소태동139,1,,광주광역시 동구 소태동 560-10,35.12730408,126.9341431,,건축물,062-608-2894,광주광역시 동구청,2025-12-23
소태동140,1,,광주광역시 동구 소태동 552-12,35.12772733,126.9339752,,한전주,062-608-2894,광주광역시 동구청,2025-12-23
산수동412,1,,광주광역시 동구 산수동 545-5,35.15984726,126.9290359,,전용주,062-608-2894,광주광역시 동구청,2025-12-23
산수동413,1,,광주광역시 동구 산수동 544-10,35.16004193,126.9294434,,건축물,062-608-2894,광주광역시 동구청,2025-12-23
산수동414,1,,광주광역시 동구 산수동 544-68,35.16000748,126.9292136,,한전주,062-608-2894,광주광역시 동구청,2025-12-23
산수동415,1,,광주광역시 동구 산수동 545-65,35.15977957,126.9287949,,한전주,062-608-2894,광주광역시 동구청,2025-12-23
산수동416,1,,광주광역시 동구 산수동 544-68,35.16008759,126.9292136,,한전주,062-608-2894,광주광역시 동구청,2025-12-23
산수동417,1,,광주광역시 동구 산수동 544-67,35.16016388,126.929306,,한전주,062-608-2894,광주광역시 동구청,2025-12-23
산수동418,1,,광주광역시 동구 산수동 544-63,35.16029942,126.9290009,,한전주,062-608-2894,광주광역시 동구청,2025-12-23
산수동419,1,,광주광역시 동구 산수동 544-11,35.16038386,126.9290009,,한전주,062-608-2894,광주광역시 동구청,2025-12-23
산수동420,1,,광주광역시 동구 산수동 545-1,35.16027077,126.9288406,,한전주,062-608-2894,광주광역시 동구청,2025-12-23
산수동421,1,,광주광역시 동구 산수동 544-61,35.16045262,126.9291969,,한전주,062-608-2894,광주광역시 동구청,2025-12-23
산수동422,1,,광주광역시 동구 산수동 545-2,35.16019821,126.9287406,,한전주,062-608-2894,광주광역시 동구청,2025-12-23
산수동423,1,,광주광역시 동구 산수동 545-48,35.16009521,126.9284592,,한전주,062-608-2894,광주광역시 동구청,2025-12-23
산수동424,1,,광주광역시 동구 산수동 545-33,35.16003036,126.9284155,,전용주,062-608-2894,광주광역시 동구청,2025-12-23
산수동425,1,,광주광역시 동구 산수동 545-8,35.1598587,126.928421,,건축물,062-608-2894,광주광역시 동구청,2025-12-23
산수동426,1,,광주광역시 동구 산수동 545-85,35.15987778,126.9280853,,한전주,062-608-2894,광주광역시 동구청,2025-12-23
산수동427,1,,광주광역시 동구 산수동 545-79,35.15970993,126.9283871,,건축물,062-608-2894,광주광역시 동구청,2025-12-23
산수동653,1,,광주광역시 동구 산수동 559-41,35.1536293,126.927902,,한전주,062-608-2894,광주광역시 동구청,2025-12-23
산수동654,1,,광주광역시 동구 산수동 559-64,35.15354538,126.9279022,,한전주,062-608-2894,광주광역시 동구청,2025-12-23
산수동655,1,,광주광역시 동구 산수동 559-81,35.15361875,126.928214,,건축물,062-608-2894,광주광역시 동구청,2025-12-23
산수동656,1,,광주광역시 동구 산수동 559-22,35.15360641,126.9282933,,한전주,062-608-2894,광주광역시 동구청,2025-12-23
산수동657,1,,광주광역시 동구 산수동 559-25,35.15370941,126.9285126,,건축물,062-608-2894,광주광역시 동구청,2025-12-23
산수동658,1,,광주광역시 동구 산수동 559-86,35.15360364,126.9285746,,건축물,062-608-2894,광주광역시 동구청,2025-12-23
산수동659,1,,광주광역시 동구 산수동 559-67,35.15386581,126.9292614,,한전주,062-608-2894,광주광역시 동구청,2025-12-23
산수동660,1,,광주광역시 동구 산수동 559-4,35.15395737,126.9289932,,한전주,062-608-2894,광주광역시 동구청,2025-12-23
산수동661,1,,광주광역시 동구 산수동 559-12,35.15392303,126.9287491,,한전주,062-608-2894,광주광역시 동구청,2025-12-23
산수동662,1,,광주광역시 동구 산수동 559-62,35.15376663,126.928833,,한전주,062-608-2894,광주광역시 동구청,2025-12-23
산수동663,1,,광주광역시 동구 산수동 559-16,35.15372086,126.9286652,,건축물,062-608-2894,광주광역시 동구청,2025-12-23
산수동664,1,,광주광역시 동구 산수동 559-20,35.15378291,126.928255,,한전주,062-608-2894,광주광역시 동구청,2025-12-23
산수동665,1,,광주광역시 동구 산수동 557-34,35.15396881,126.929918,,건축물,062-608-2894,광주광역시 동구청,2025-12-23
산수동666,1,,광주광역시 동구 산수동 557-16,35.15398026,126.9301469,,건축물,062-608-2894,광주광역시 동구청,2025-12-23
산수동667,1,,광주광역시 동구 산수동 555-10,35.15427399,126.9306107,,한전주,062-608-2894,광주광역시 동구청,2025-12-23
산수동668,1,,광주광역시 동구 산수동 555-10,35.15424212,126.9306641,,한전주,062-608-2894,광주광역시 동구청,2025-12-23
산수동669,1,,광주광역시 동구 산수동 558-1,35.15367512,126.9304581,,전용주,062-608-2894,광주광역시 동구청,2025-12-23
산수동670,1,,광주광역시 동구 산수동 558-33,35.15367126,126.9302673,,한전주,062-608-2894,광주광역시 동구청,2025-12-23
산수동671,1,,광주광역시 동구 산수동 557-26,35.15378189,126.9299698,,건축물,062-608-2894,광주광역시 동구청,2025-12-23
산수동672,1,,광주광역시 동구 산수동 558-2,35.15355524,126.9299622,,건축물,062-608-2894,광주광역시 동구청,2025-12-23
산수동673,1,,광주광역시 동구 산수동 557-27,35.15369495,126.9298155,,건축물,062-608-2894,광주광역시 동구청,2025-12-23
산수동674,1,,광주광역시 동구 산수동 558-3,35.15351486,126.9298507,,한전주,062-608-2894,광주광역시 동구청,2025-12-23
산수동675,1,,광주광역시 동구 산수동 558-58,35.15343475,126.9297328,,건축물,062-608-2894,광주광역시 동구청,2025-12-23
산수동676,1,,광주광역시 동구 산수동 715,35.15310533,126.9292801,,한전주,062-608-2894,광주광역시 동구청,2025-12-23
산수동677,1,,광주광역시 동구 산수동 556-4,35.15366104,126.9307327,,한전주,062-608-2894,광주광역시 동구청,2025-12-23
산수동678,1,,광주광역시 동구 산수동 555-19,35.153998,126.9309468,,한전주,062-608-2894,광주광역시 동구청,2025-12-23
산수동679,1,,광주광역시 동구 산수동 556-18,35.1535759,126.9309387,,건축물,062-608-2894,광주광역시 동구청,2025-12-23
산수동680,1,,광주광역시 동구 산수동 555-21,35.15431442,126.9311752,,건축물,062-608-2894,광주광역시 동구청,2025-12-23
산수동681,1,,광주광역시 동구 산수동 555-5,35.15447998,126.9312439,,한전주,062-608-2894,광주광역시 동구청,2025-12-23
산수동682,1,,광주광역시 동구 산수동 555-27,35.15438461,126.9310079,,한전주,062-608-2894,광주광역시 동구청,2025-12-23
산수동683,1,,광주광역시 동구 산수동 558-62,35.1537056,126.9305344,,한전주,062-608-2894,광주광역시 동구청,2025-12-23
산수동684,1,,광주광역시 동구 산수동 556-5,35.1535759,126.9306183,,한전주,062-608-2894,광주광역시 동구청,2025-12-23
산수동685,1,,광주광역시 동구 산수동 558-40,35.15339242,126.9303775,,한전주,062-608-2894,광주광역시 동구청,2025-12-23
산수동686,1,,광주광역시 동구 산수동 558-36,35.15343475,126.9301158,,건축물,062-608-2894,광주광역시 동구청,2025-12-23
산수동687,1,,광주광역시 동구 산수동 558-15,35.15318271,126.9302905,,한전주,062-608-2894,광주광역시 동구청,2025-12-23
산수동688,1,,광주광역시 동구 산수동 558-18,35.15327072,126.930069,,건축물,062-608-2894,광주광역시 동구청,2025-12-23
산수동689,1,,광주광역시 동구 산수동 558-8,35.15310974,126.9302673,,한전주,062-608-2894,광주광역시 동구청,2025-12-23
산수동690,1,,광주광역시 동구 산수동 558-23,35.15283203,126.9301758,,한전주,062-608-2894,광주광역시 동구청,2025-12-23
산수동691,1,,광주광역시 동구 산수동 556-54,35.153229,126.9306903,,건축물,062-608-2894,광주광역시 동구청,2025-12-23
산수동692,1,,광주광역시 동구 산수동 556-57,35.15340042,126.9309259,,한전주,062-608-2894,광주광역시 동구청,2025-12-23
산수동693,1,,광주광역시 동구 산수동 558-28,35.15290833,126.9299088,,건축물,062-608-2894,광주광역시 동구청,2025-12-23
산수동694,1,,광주광역시 동구 산수동 558-30,35.15307251,126.930038,,건축물,062-608-2894,광주광역시 동구청,2025-12-23
산수동695,1,,광주광역시 동구 산수동 558-52,35.15280151,126.9297419,,건축물,062-608-2894,광주광역시 동구청,2025-12-23
산수동696,1,,광주광역시 동구 산수동 558-46,35.1531105,126.9297401,,한전주,062-608-2894,광주광역시 동구청,2025-12-23
산수동697,1,,광주광역시 동구 산수동 558-47,35.15331621,126.9298317,,한전주,062-608-2894,광주광역시 동구청,2025-12-23
산수동698,1,,광주광역시 동구 산수동 558-48,35.15321386,126.9296077,,전용주,062-608-2894,광주광역시 동구청,2025-12-23
산수동699,1,,광주광역시 동구 산수동 715,35.15310533,126.9292801,,한전주,062-608-2894,광주광역시 동구청,2025-12-23
산수동700,1,,광주광역시 동구 산수동 715,35.15310533,126.9292801,,한전주,062-608-2894,광주광역시 동구청,2025-12-23
산수동701,1,,광주광역시 동구 산수동 358-23,35.15374374,126.9270108,,한전주,062-608-2894,광주광역시 동구청,2025-12-23
산수동702,1,,광주광역시 동구 산수동 358-21,35.15341884,126.9271851,,한전주,062-608-2894,광주광역시 동구청,2025-12-23
산수동703,1,,광주광역시 동구 산수동 359-33,35.15322495,126.9266968,,전용주,062-608-2894,광주광역시 동구청,2025-12-23
산수동704,1,,광주광역시 동구 산수동 359-6,35.15306854,126.9266833,,전용주,062-608-2894,광주광역시 동구청,2025-12-23
산수동705,1,,광주광역시 동구 산수동 359-38,35.15293121,126.9267197,,전용주,062-608-2894,광주광역시 동구청,2025-12-23
산수동706,1,,광주광역시 동구 산수동 362-10,35.15320969,126.9262916,,전용주,062-608-2894,광주광역시 동구청,2025-12-23
산수동707,1,,광주광역시 동구 산수동 365-8,35.15340805,126.9260575,,한전주,062-608-2894,광주광역시 동구청,2025-12-23
산수동708,1,,광주광역시 동구 산수동 365-11,35.15351868,126.9258251,,한전주,062-608-2894,광주광역시 동구청,2025-12-23
산수동709,1,,광주광역시 동구 산수동 362-4,35.15332413,126.9263351,,한전주,062-608-2894,광주광역시 동구청,2025-12-23
산수동710,1,,광주광역시 동구 산수동 361-8,35.15355301,126.9261015,,건축물,062-608-2894,광주광역시 동구청,2025-12-23
산수동711,1,,광주광역시 동구 산수동 361-5,35.15367508,126.9261322,,전용주,062-608-2894,광주광역시 동구청,2025-12-23
산수동712,1,,광주광역시 동구 산수동 361-1,35.15369737,126.9263458,,전용주,062-608-2894,광주광역시 동구청,2025-12-23
산수동713,1,,광주광역시 동구 산수동 360-21,35.15358353,126.9264145,,한전주,062-608-2894,광주광역시 동구청,2025-12-23
산수동714,1,,광주광역시 동구 산수동 361-9,35.15348816,126.9262341,,건축물,062-608-2894,광주광역시 동구청,2025-12-23
산수동715,1,,광주광역시 동구 산수동 363-21,35.15313999,126.9251862,,전용주,062-608-2894,광주광역시 동구청,2025-12-23
산수동716,1,,광주광역시 동구 산수동 363-22,35.15320206,126.9252556,,전용주,062-608-2894,광주광역시 동구청,2025-12-23
산수동717,1,,광주광역시 동구 산수동 363-5,35.15318298,126.9250271,,전용주,062-608-2894,광주광역시 동구청,2025-12-23
산수동718,1,,광주광역시 동구 산수동 368-19,35.15322664,126.9249156,,전용주,062-608-2894,광주광역시 동구청,2025-12-23
산수동719,1,,광주광역시 동구 산수동 368-20,35.15333939,126.9248406,,건축물,062-608-2894,광주광역시 동구청,2025-12-23
산수동720,1,,광주광역시 동구 산수동 367-14,35.15343857,126.9249089,,전용주,062-608-2894,광주광역시 동구청,2025-12-23
산수동721,1,,광주광역시 동구 산수동 363-37,35.15288544,126.9255981,,한전주,062-608-2894,광주광역시 동구청,2025-12-23
산수동723,1,,광주광역시 동구 산수동 723,35.15557021,126.9258549,,한전주,062-608-2894,광주광역시 동구청,2025-12-23
산수동724,1,,광주광역시 동구 산수동 483-1,35.15615463,126.9232153,,한전주,062-608-2894,광주광역시 동구청,2025-12-23
산수동725,1,,광주광역시 동구 산수동 479-12,35.15595245,126.9238009,,한전주,062-608-2894,광주광역시 동구청,2025-12-23
산수동726,1,,광주광역시 동구 산수동 479-22,35.15587234,126.9235498,,전용주,062-608-2894,광주광역시 동구청,2025-12-23
산수동727,1,,광주광역시 동구 산수동 485,35.1556557,126.9230576,,한전주,062-608-2894,광주광역시 동구청,2025-12-23
산수동728,1,,광주광역시 동구 산수동 486-3,35.15563202,126.922871,,전용주,062-608-2894,광주광역시 동구청,2025-12-23
산수동729,1,,광주광역시 동구 산수동 486-19,35.15553665,126.9224968,,전용주,062-608-2894,광주광역시 동구청,2025-12-23
산수동730,1,,광주광역시 동구 산수동 487-15,35.15507889,126.9221725,,전용주,062-608-2894,광주광역시 동구청,2025-12-23
산수동731,1,,광주광역시 동구 산수동 487-19,35.15486526,126.922287,,전용주,062-608-2894,광주광역시 동구청,2025-12-23
산수동732,1,,광주광역시 동구 산수동 495-9,35.15475464,126.9223944,,전용주,062-608-2894,광주광역시 동구청,2025-12-23
산수동733,1,,광주광역시 동구 산수동 495-12,35.15461156,126.9225845,,한전주,062-608-2894,광주광역시 동구청,2025-12-23
산수동734,1,,광주광역시 동구 산수동 489-20,35.15478134,126.9226227,,한전주,062-608-2894,광주광역시 동구청,2025-12-23
산수동735,1,,광주광역시 동구 산수동 488-7,35.15504074,126.9225235,,전용주,062-608-2894,광주광역시 동구청,2025-12-23
산수동736,1,,광주광역시 동구 산수동 488-10,35.15521622,126.9224396,,전용주,062-608-2894,광주광역시 동구청,2025-12-23
산수동737,1,,광주광역시 동구 산수동 482-1,35.15548706,126.9233493,,전용주,062-608-2894,광주광역시 동구청,2025-12-23
산수동738,1,,광주광역시 동구 산수동 490-8,35.15530014,126.9231815,,한전주,062-608-2894,광주광역시 동구청,2025-12-23
산수동739,1,,광주광역시 동구 산수동 490-29,35.15499878,126.9233932,,전용주,062-608-2894,광주광역시 동구청,2025-12-23
산수동740,1,,광주광역시 동구 산수동 490-33,35.15502212,126.9232712,,전용주,062-608-2894,광주광역시 동구청,2025-12-23
산수동741,1,,광주광역시 동구 산수동 481-16,35.15511173,126.9237061,,전용주,062-608-2894,광주광역시 동구청,2025-12-23
산수동742,1,,광주광역시 동구 산수동 372-10,35.15474319,126.923967,,전용주,062-608-2894,광주광역시 동구청,2025-12-23
산수동743,1,,광주광역시 동구 산수동 372-6,35.15481949,126.9240309,,한전주,062-608-2894,광주광역시 동구청,2025-12-23
산수동744,1,,광주광역시 동구 산수동 490-32,35.1548233,126.9235992,,한전주,062-608-2894,광주광역시 동구청,2025-12-23
산수동745,1,,광주광역시 동구 산수동 490-30,35.1548233,126.9234238,,전용주,062-608-2894,광주광역시 동구청,2025-12-23
산수동746,1,,광주광역시 동구 산수동 488-20,35.15488052,126.9228058,,전용주,062-608-2894,광주광역시 동구청,2025-12-23
산수동748,1,,광주광역시 동구 산수동 489-16,35.15473271,126.9232445,,전용주,062-608-2894,광주광역시 동구청,2025-12-23
산수동749,1,,광주광역시 동구 산수동 489-16,35.15472794,126.923233,,전용주,062-608-2894,광주광역시 동구청,2025-12-23
산수동750,1,,광주광역시 동구 산수동 489-14,35.15457153,126.923439,,전용주,062-608-2894,광주광역시 동구청,2025-12-23
산수동751,1,,광주광역시 동구 산수동 485-9,35.15532176,126.9229054,,한전주,062-608-2894,광주광역시 동구청,2025-12-23
산수동752,1,,광주광역시 동구 산수동 481-6,35.15546345,126.9234712,,한전주,062-608-2894,광주광역시 동구청,2025-12-23
산수동753,1,,광주광역시 동구 산수동 481-2,35.15527725,126.9236603,,전용주,062-608-2894,광주광역시 동구청,2025-12-23
산수동754,1,,광주광역시 동구 산수동 479-9,35.15565491,126.9238052,,한전주,062-608-2894,광주광역시 동구청,2025-12-23
산수동755,1,,광주광역시 동구 산수동 480-1,35.1554932,126.9238998,,전용주,062-608-2894,광주광역시 동구청,2025-12-23
산수동756,1,,광주광역시 동구 산수동 479-32,35.15555954,126.923996,,전용주,062-608-2894,광주광역시 동구청,2025-12-23
산수동757,1,,광주광역시 동구 산수동 480-15,35.15517044,126.9238822,,건축물,062-608-2894,광주광역시 동구청,2025-12-23
산수동758,1,,광주광역시 동구 산수동 371-19,35.15467072,126.9242859,,전용주,062-608-2894,광주광역시 동구청,2025-12-23
산수동759,1,,광주광역시 동구 산수동 371-1,35.15430438,126.9244936,,전용주,062-608-2894,광주광역시 동구청,2025-12-23
산수동760,1,,광주광역시 동구 산수동 489-5,35.15438065,126.9239059,,한전주,062-608-2894,광주광역시 동구청,2025-12-23
산수동761,1,,광주광역시 동구 산수동 371-9,35.15438518,126.9242249,,전용주,062-608-2894,광주광역시 동구청,2025-12-23
산수동762,1,,광주광역시 동구 산수동 489-7,35.15415129,126.9241077,,한전주,062-608-2894,광주광역시 동구청,2025-12-23
산수동763,1,,광주광역시 동구 산수동 489-7,35.15412521,126.9241638,,전용주,062-608-2894,광주광역시 동구청,2025-12-23
산수동764,1,,광주광역시 동구 산수동 489-42,35.15451813,126.9233748,,전용주,062-608-2894,광주광역시 동구청,2025-12-23
산수동765,1,,광주광역시 동구 산수동 489-25,35.15465262,126.9229497,,전용주,062-608-2894,광주광역시 동구청,2025-12-23
산수동766,1,,광주광역시 동구 산수동 489-19,35.15472794,126.9228405,,전용주,062-608-2894,광주광역시 동구청,2025-12-23
산수동767,1,,광주광역시 동구 산수동 495-3,35.15430789,126.9228678,,한전주,062-608-2894,광주광역시 동구청,2025-12-23
산수동768,1,,광주광역시 동구 산수동 495-21,35.15410545,126.9231873,,한전주,062-608-2894,광주광역시 동구청,2025-12-23
산수동769,1,,광주광역시 동구 산수동 368-11,35.15377464,126.9235712,,한전주,062-608-2894,광주광역시 동구청,2025-12-23
산수동770,1,,광주광역시 동구 산수동 494-7,35.15393829,126.9236374,,전용주,062-608-2894,광주광역시 동구청,2025-12-23
산수동771,1,,광주광역시 동구 산수동 494-28,35.15382004,126.9238129,,전용주,062-608-2894,광주광역시 동구청,2025-12-23
산수동772,1,,광주광역시 동구 산수동 368-16,35.15359267,126.9238887,,한전주,062-608-2894,광주광역시 동구청,2025-12-23
산수동773,1,,광주광역시 동구 산수동 368,35.15364838,126.9242325,,전용주,062-608-2894,광주광역시 동구청,2025-12-23
산수동774,1,,광주광역시 동구 산수동 368-14,35.15339661,126.9241811,,전용주,062-608-2894,광주광역시 동구청,2025-12-23
산수동775,1,,광주광역시 동구 산수동 368-14,35.15337372,126.9241104,,전용주,062-608-2894,광주광역시 동구청,2025-12-23
산수동776,1,,광주광역시 동구 산수동 509-6,35.15600236,126.9355372,,건축물,062-608-2894,광주광역시 동구청,2025-12-23
산수동777,1,,광주광역시 동구 산수동 675,35.161207,126.9356362,,전용주,062-608-2894,광주광역시 동구청,2025-12-23
산수동778,1,,광주광역시 동구 산수동 675,35.161207,126.9356362,,건축물,062-608-2894,광주광역시 동구청,2025-12-23
산수동779,1,,광주광역시 동구 산수동 675,35.161207,126.9356362,,건축물,062-608-2894,광주광역시 동구청,2025-12-23
산수동780,1,,광주광역시 동구 산수동 675,35.161207,126.9356362,,건축물,062-608-2894,광주광역시 동구청,2025-12-23
산수동781,1,,광주광역시 동구 산수동 675,35.161207,126.9356362,,건축물,062-608-2894,광주광역시 동구청,2025-12-23
산수동782,1,,광주광역시 동구 산수동 675,35.16123257,126.9356593,,건축물,062-608-2894,광주광역시 동구청,2025-12-23
산수동783,1,,광주광역시 동구 산수동 675,35.161207,126.9356704,,건축물,062-608-2894,광주광역시 동구청,2025-12-23
산수동785,1,,광주광역시 동구 산수동 577,35.15915978,126.936284,,한전주,062-608-2894,광주광역시 동구청,2025-12-23
산수동787,1,,광주광역시 동구 산수동 537-39,35.15859855,126.9315892,,전용주,062-608-2894,광주광역시 동구청,2025-12-23
산수동788,1,,광주광역시 동구 산수동 562-3,35.15338392,126.9285777,,전용주,062-608-2894,광주광역시 동구청,2025-12-23
산수동789,1,,광주광역시 동구 산수동 562-3,35.15338392,126.9285777,,전용주,062-608-2894,광주광역시 동구청,2025-12-23
산수동790,1,,광주광역시 동구 산수동 562-3,35.15338392,126.9285777,,전용주,062-608-2894,광주광역시 동구청,2025-12-23
산수동791,1,,광주광역시 동구 산수동 562-3,35.15338392,126.9285777,,전용주,062-608-2894,광주광역시 동구청,2025-12-23
산수동792,1,,광주광역시 동구 산수동 562-3,35.15338392,126.9285777,,전용주,062-608-2894,광주광역시 동구청,2025-12-23
산수동793,1,,광주광역시 동구 산수동 562-3,35.15338392,126.9285777,,전용주,062-608-2894,광주광역시 동구청,2025-12-23
산수동794,1,,광주광역시 동구 산수동 562-3,35.15338392,126.9285777,,전용주,062-608-2894,광주광역시 동구청,2025-12-23
산수동795,1,,광주광역시 동구 산수동 562-3,35.15338392,126.9285777,,전용주,062-608-2894,광주광역시 동구청,2025-12-23
산수동796,1,,광주광역시 동구 산수동 562-3,35.15338392,126.9285777,,전용주,062-608-2894,광주광역시 동구청,2025-12-23
산수동797,1,,광주광역시 동구 산수동 485-16,35.15526748,126.9227854,,한전주,062-608-2894,광주광역시 동구청,2025-12-23
산수동798,1,,광주광역시 동구 산수동 485-10,35.15475411,126.9234858,,전용주,062-608-2894,광주광역시 동구청,2025-12-23
산수동799,1,,광주광역시 동구 산수동 562-1,35.15770197,126.9344013,,한전주,062-608-2894,광주광역시 동구청,2025-12-23
산수동800,1,,광주광역시 동구 산수동 530-30,35.15657987,126.9325652,,건축물,062-608-2894,광주광역시 동구청,2025-12-23
산수동801,1,,광주광역시 동구 산수동 562-4,35.15644994,126.9277375,,한전주,062-608-2894,광주광역시 동구청,2025-12-23
산수동802,1,,광주광역시 동구 산수동 675,35.161207,126.9356362,,건축물,062-608-2894,광주광역시 동구청,2025-12-23
산수동803,1,,광주광역시 동구 산수동 675,35.161207,126.9356362,,건축물,062-608-2894,광주광역시 동구청,2025-12-23
산수동804,1,,광주광역시 동구 산수동 562-1,35.15770197,126.9344013,,전용주,062-608-2894,광주광역시 동구청,2025-12-23
산수동805,1,,광주광역시 동구 산수동 554-13,35.15430706,126.9301224,,전용주,062-608-2894,광주광역시 동구청,2025-12-23
산수동806,1,,광주광역시 동구 산수동 401-16,35.1548329,126.9275663,,한전주,062-608-2894,광주광역시 동구청,2025-12-23
산수동807,1,,광주광역시 동구 산수동 396-20,35.15440943,126.927823,,한전주,062-608-2894,광주광역시 동구청,2025-12-23
산수동808,1,,광주광역시 동구 산수동 554-76,35.1549897,126.929831,,한전주,062-608-2894,광주광역시 동구청,2025-12-23
산수동809,1,,광주광역시 동구 산수동 562-1,35.15770197,126.9344013,,한전주,062-608-2894,광주광역시 동구청,2025-12-23
산수동810,1,,광주광역시 동구 산수동 562-1,35.15770197,126.9344013,,한전주,062-608-2894,광주광역시 동구청,2025-12-23
산수동811,1,,광주광역시 동구 산수동 562-1,35.15770197,126.9344013,,한전주,062-608-2894,광주광역시 동구청,2025-12-23
산수동812,1,,광주광역시 동구 산수동 540-2,35.15677498,126.9308941,,한전주,062-608-2894,광주광역시 동구청,2025-12-23
산수동813,1,,광주광역시 동구 산수동 562-4,35.15644994,126.9277375,,한전주,062-608-2894,광주광역시 동구청,2025-12-23
산수동814,1,,광주광역시 동구 산수동 401-125,35.1553738,126.9278374,,한전주,062-608-2894,광주광역시 동구청,2025-12-23
산수동815,1,,광주광역시 동구 산수동 562-5,35.15874939,126.9302484,,한전주,062-608-2894,광주광역시 동구청,2025-12-23
서석동001,1,,광주광역시 동구 서석동 산131,35.14600564,126.9343635,,한전주,062-608-2894,광주광역시 동구청,2025-12-23
서석동002,1,,광주광역시 동구 서석동 산131,35.14600564,126.9343635,,한전주,062-608-2894,광주광역시 동구청,2025-12-23
서석동003,1,,광주광역시 동구 서석동 515-16,35.14134979,126.9251556,,한전주,062-608-2894,광주광역시 동구청,2025-12-23
서석동004,1,,광주광역시 동구 서석동 523-1,35.14175034,126.9249878,,한전주,062-608-2894,광주광역시 동구청,2025-12-23
서석동005,1,,광주광역시 동구 서석동 522-9,35.14197159,126.9249115,,전용주,062-608-2894,광주광역시 동구청,2025-12-23
서석동006,1,,광주광역시 동구 서석동 520-4,35.14222336,126.9249115,,한전주,062-608-2894,광주광역시 동구청,2025-12-23
서석동007,1,,광주광역시 동구 서석동 433-2,35.14518971,126.9267787,,한전주,062-608-2894,광주광역시 동구청,2025-12-23
서석동008,1,,광주광역시 동구 서석동 428-4,35.14524203,126.9270006,,한전주,062-608-2894,광주광역시 동구청,2025-12-23
서석동009,1,,광주광역시 동구 서석동 428-3,35.14528656,126.9268936,,전용주,062-608-2894,광주광역시 동구청,2025-12-23
서석동010,1,,광주광역시 동구 서석동 428-9,35.1450541,126.9271424,,한전주,062-608-2894,광주광역시 동구청,2025-12-23
서석동011,1,,광주광역시 동구 서석동 429-26,35.14504242,126.927400,,한전주,062-608-2894,광주광역시 동구청,2025-12-23
서석동012,1,,광주광역시 동구 서석동 430-26,35.14493135,126.9273071,,한전주,062-608-2894,광주광역시 동구청,2025-12-23
서석동013,1,,광주광역시 동구 서석동 423-25,35.14462867,126.9278168,,한전주,062-608-2894,광주광역시 동구청,2025-12-23
서석동014,1,,광주광역시 동구 서석동 423-15,35.14476125,126.9279404,,전용주,062-608-2894,광주광역시 동구청,2025-12-23
서석동015,1,,광주광역시 동구 서석동 421,35.14379042,126.9280982,,한전주,062-608-2894,광주광역시 동구청,2025-12-23
서석동016,1,,광주광역시 동구 서석동 423-27,35.14474115,126.9283388,,한전주,062-608-2894,광주광역시 동구청,2025-12-23
서석동017,1,,광주광역시 동구 서석동 422-14,35.14485168,126.9284337,,한전주,062-608-2894,광주광역시 동구청,2025-12-23
서석동018,1,,광주광역시 동구 서석동 510-15,35.14518738,126.9286041,,한전주,062-608-2894,광주광역시 동구청,2025-12-23
서석동019,1,,광주광역시 동구 서석동 422-1,35.145298,126.9282761,,한전주,062-608-2894,광주광역시 동구청,2025-12-23
서석동020,1,,광주광역시 동구 서석동 422-2,35.14517593,126.9281237,,한전주,062-608-2894,광주광역시 동구청,2025-12-23
서석동021,1,,광주광역시 동구 서석동 423-18,35.14502335,126.9279721,,한전주,062-608-2894,광주광역시 동구청,2025-12-23
서석동022,1,,광주광역시 동구 서석동 424-1,35.14545912,126.9279709,,전용주,062-608-2894,광주광역시 동구청,2025-12-23
서석동023,1,,광주광역시 동구 서석동 426-1,35.14544716,126.9277039,,한전주,062-608-2894,광주광역시 동구청,2025-12-23
서석동024,1,,광주광역시 동구 서석동 424-6,35.14524078,126.9277649,,한전주,062-608-2894,광주광역시 동구청,2025-12-23
서석동025,1,,광주광역시 동구 서석동 423-2,35.14510452,126.9276123,,전용주,062-608-2894,광주광역시 동구청,2025-12-23
서석동026,1,,광주광역시 동구 서석동 423-3,35.14505386,126.927764,,한전주,062-608-2894,광주광역시 동구청,2025-12-23
서석동027,1,,광주광역시 동구 서석동 425-3,35.1455307,126.927992,,한전주,062-608-2894,광주광역시 동구청,2025-12-23
서석동028,1,,광주광역시 동구 서석동 425-3,35.14555668,126.927992,,한전주,062-608-2894,광주광역시 동구청,2025-12-23
서석동029,1,,광주광역시 동구 서석동 425-1,35.14566803,126.9275277,,전용주,062-608-2894,광주광역시 동구청,2025-12-23
서석동030,1,,광주광역시 동구 서석동 427-3,35.14578502,126.9273062,,건축물,062-608-2894,광주광역시 동구청,2025-12-23
서석동031,1,,광주광역시 동구 서석동 427-6,35.14564133,126.9271393,,한전주,062-608-2894,광주광역시 동구청,2025-12-23
서석동032,1,,광주광역시 동구 서석동 427-4,35.14574051,126.927231,,한전주,062-608-2894,광주광역시 동구청,2025-12-23
서석동033,1,,광주광역시 동구 서석동 425,35.1457732,126.9275818,,한전주,062-608-2894,광주광역시 동구청,2025-12-23
서석동034,1,,광주광역시 동구 서석동 1-12,35.14588955,126.9272607,,전용주,062-608-2894,광주광역시 동구청,2025-12-23
서석동035,1,,광주광역시 동구 서석동 420-1,35.14469147,126.9291312,,한전주,062-608-2894,광주광역시 동구청,2025-12-23
서석동036,1,,광주광역시 동구 서석동 421-5,35.14472232,126.9286809,,한전주,062-608-2894,광주광역시 동구청,2025-12-23
서석동037,1,,광주광역시 동구 서석동 420-3,35.14448772,126.929342,,한전주,062-608-2894,광주광역시 동구청,2025-12-23
서석동038,1,,광주광역시 동구 서석동 445-1,35.14445496,126.9295786,,전용주,062-608-2894,광주광역시 동구청,2025-12-23
서석동039,1,,광주광역시 동구 서석동 350-1,35.14435607,126.9298325,,한전주,062-608-2894,광주광역시 동구청,2025-12-23
서석동040,1,,광주광역시 동구 서석동 420-4,35.14444733,126.9290848,,한전주,062-608-2894,광주광역시 동구청,2025-12-23
서석동041,1,,광주광역시 동구 서석동 420-5,35.14428711,126.9289627,,한전주,062-608-2894,광주광역시 동구청,2025-12-23
서석동042,1,,광주광역시 동구 서석동 428-7,35.14510873,126.9270145,,한전주,062-608-2894,광주광역시 동구청,2025-12-23
서석동043,1,,광주광역시 동구 서석동 428-7,35.14510873,126.9270145,,한전주,062-608-2894,광주광역시 동구청,2025-12-23
서석동044,1,,광주광역시 동구 서석동 445-8,35.14412689,126.9291626,,한전주,062-608-2894,광주광역시 동구청,2025-12-23
서석동045,1,,광주광역시 동구 서석동 445-20,35.14403534,126.9291851,,한전주,062-608-2894,광주광역시 동구청,2025-12-23
서석동046,1,,광주광역시 동구 서석동 351-12,35.1440431,126.9294968,,한전주,062-608-2894,광주광역시 동구청,2025-12-23
서석동047,1,,광주광역시 동구 서석동 419-9,35.14447224,126.9299976,,한전주,062-608-2894,광주광역시 동구청,2025-12-23
서석동048,1,,광주광역시 동구 서석동 419-3,35.14437866,126.9302063,,한전주,062-608-2894,광주광역시 동구청,2025-12-23
서석동049,1,,광주광역시 동구 서석동 419-3,35.14439224,126.9302227,,한전주,062-608-2894,광주광역시 동구청,2025-12-23
서석동050,1,,광주광역시 동구 서석동 418-1,35.1448822,126.9304943,,한전주,062-608-2894,광주광역시 동구청,2025-12-23
서석동051,1,,광주광역시 동구 서석동 419-13,35.1447653,126.9301994,,전용주,062-608-2894,광주광역시 동구청,2025-12-23
서석동052,1,,광주광역시 동구 서석동 11-6,35.14678425,126.9262383,,한전주,062-608-2894,광주광역시 동구청,2025-12-23
서석동053,1,,광주광역시 동구 서석동 5-1,35.14650845,126.9267143,,한전주,062-608-2894,광주광역시 동구청,2025-12-23
서석동054,1,,광주광역시 동구 서석동 5-11,35.14636943,126.9268138,,전용주,062-608-2894,광주광역시 동구청,2025-12-23
서석동055,1,,광주광역시 동구 서석동 10-17,35.14645004,126.9262289,,건축물,062-608-2894,광주광역시 동구청,2025-12-23
서석동056,1,,광주광역시 동구 서석동 9-1,35.14621362,126.9262614,,한전주,062-608-2894,광주광역시 동구청,2025-12-23
서석동057,1,,광주광역시 동구 서석동 11-11,35.14642715,126.9262899,,한전주,062-608-2894,광주광역시 동구청,2025-12-23
서석동058,1,,광주광역시 동구 서석동 6,35.14639763,126.9264796,,한전주,062-608-2894,광주광역시 동구청,2025-12-23
서석동059,1,,광주광역시 동구 서석동 6-7,35.14618683,126.9264112,,건축물,062-608-2894,광주광역시 동구청,2025-12-23
서석동060,1,,광주광역시 동구 서석동 8-8,35.14590702,126.9257522,,전용주,062-608-2894,광주광역시 동구청,2025-12-23
서석동061,1,,광주광역시 동구 서석동 8-7,35.14598846,126.9258957,,전용주,062-608-2894,광주광역시 동구청,2025-12-23
서석동062,1,,광주광역시 동구 서석동 7-5,35.14579348,126.9262479,,한전주,062-608-2894,광주광역시 동구청,2025-12-23
서석동063,1,,광주광역시 동구 서석동 7-5,35.14579348,126.9262479,,한전주,062-608-2894,광주광역시 동구청,2025-12-23
서석동064,1,,광주광역시 동구 서석동 7-22,35.14556885,126.9257736,,한전주,062-608-2894,광주광역시 동구청,2025-12-23
서석동065,1,,광주광역시 동구 서석동 7-12,35.14552833,126.9256103,,한전주,062-608-2894,광주광역시 동구청,2025-12-23
서석동066,1,,광주광역시 동구 서석동 21-30,35.14530026,126.9256661,,건축물,062-608-2894,광주광역시 동구청,2025-12-23
서석동067,1,,광주광역시 동구 서석동 21-21,35.14534967,126.9253845,,건축물,062-608-2894,광주광역시 동구청,2025-12-23
서석동068,1,,광주광역시 동구 서석동 21-23,35.1451416,126.9252608,,한전주,062-608-2894,광주광역시 동구청,2025-12-23
서석동069,1,,광주광역시 동구 서석동 7-9,35.14524654,126.9259796,,한전주,062-608-2894,광주광역시 동구청,2025-12-23
서석동070,1,,광주광역시 동구 서석동 6-17,35.14527944,126.9261169,,한전주,062-608-2894,광주광역시 동구청,2025-12-23
서석동071,1,,광주광역시 동구 서석동 6-41,35.14575195,126.9264374,,한전주,062-608-2894,광주광역시 동구청,2025-12-23
서석동072,1,,광주광역시 동구 서석동 5-8,35.1462059,126.926796,,건축물,062-608-2894,광주광역시 동구청,2025-12-23
서석동073,1,,광주광역시 동구 서석동 435-11,35.14508139,126.9260941,,건축물,062-608-2894,광주광역시 동구청,2025-12-23
서석동074,1,,광주광역시 동구 서석동 7-8,35.14523372,126.9259415,,한전주,062-608-2894,광주광역시 동구청,2025-12-23
서석동075,1,,광주광역시 동구 서석동 21-33,35.14508528,126.9256566,,건축물,062-608-2894,광주광역시 동구청,2025-12-23
서석동076,1,,광주광역시 동구 서석동 21-50,35.14496613,126.9256944,,한전주,062-608-2894,광주광역시 동구청,2025-12-23
서석동077,1,,광주광역시 동구 서석동 21-44,35.14492035,126.925621,,건축물,062-608-2894,광주광역시 동구청,2025-12-23
서석동078,1,,광주광역시 동구 서석동 436-6,35.14455503,126.9255797,,한전주,062-608-2894,광주광역시 동구청,2025-12-23
서석동079,1,,광주광역시 동구 서석동 435-8,35.14442825,126.925498,,한전주,062-608-2894,광주광역시 동구청,2025-12-23
서석동080,1,,광주광역시 동구 서석동 132,35.14735874,126.9236173,,전용주,062-608-2894,광주광역시 동구청,2025-12-23
서석동081,1,,광주광역시 동구 서석동 435-27,35.14468002,126.9255368,,한전주,062-608-2894,광주광역시 동구청,2025-12-23
서석동082,1,,광주광역시 동구 서석동 22-3,35.14490307,126.9250793,,한전주,062-608-2894,광주광역시 동구청,2025-12-23
서석동083,1,,광주광역시 동구 서석동 22-3,35.14494324,126.925043,,한전주,062-608-2894,광주광역시 동구청,2025-12-23
서석동084,1,,광주광역시 동구 서석동 19-4,35.14529355,126.9244622,,건축물,062-608-2894,광주광역시 동구청,2025-12-23
서석동085,1,,광주광역시 동구 서석동 26-1,35.14516449,126.9243774,,한전주,062-608-2894,광주광역시 동구청,2025-12-23
서석동086,1,,광주광역시 동구 서석동 20-1,35.14567791,126.9246096,,전용주,062-608-2894,광주광역시 동구청,2025-12-23
서석동087,1,,광주광역시 동구 서석동 20-4,35.14566803,126.9246861,,한전주,062-608-2894,광주광역시 동구청,2025-12-23
서석동088,1,,광주광역시 동구 서석동 7-2,35.14569855,126.9251178,,건축물,062-608-2894,광주광역시 동구청,2025-12-23
서석동089,1,,광주광역시 동구 서석동 17-9,35.1459465,126.9246821,,한전주,062-608-2894,광주광역시 동구청,2025-12-23
서석동090,1,,광주광역시 동구 서석동 16,35.14594124,126.9249496,,한전주,062-608-2894,광주광역시 동구청,2025-12-23
서석동091,1,,광주광역시 동구 서석동 15-8,35.14610363,126.9250717,,한전주,062-608-2894,광주광역시 동구청,2025-12-23
서석동092,1,,광주광역시 동구 서석동 15,35.14620972,126.9252472,,한전주,062-608-2894,광주광역시 동구청,2025-12-23
서석동093,1,,광주광역시 동구 서석동 31-9,35.14642333,126.9235978,,한전주,062-608-2894,광주광역시 동구청,2025-12-23
서석동094,1,,광주광역시 동구 서석동 18-5,35.14578247,126.9242051,,전용주,062-608-2894,광주광역시 동구청,2025-12-23
서석동096,1,,광주광역시 동구 서석동 30,35.14547965,126.9235154,,전용주,062-608-2894,광주광역시 동구청,2025-12-23
서석동097,1,,광주광역시 동구 서석동 31-10,35.14638545,126.9227537,,전용주,062-608-2894,광주광역시 동구청,2025-12-23
서석동098,1,,광주광역시 동구 서석동 28-17,35.14535904,126.9238358,,한전주,062-608-2894,광주광역시 동구청,2025-12-23
서석동099,1,,광주광역시 동구 서석동 28-4,35.14557266,126.9238868,,한전주,062-608-2894,광주광역시 동구청,2025-12-23
서석동100,1,,광주광역시 동구 서석동 26-7,35.14514261,126.9242119,,한전주,062-608-2894,광주광역시 동구청,2025-12-23
서석동101,1,,광주광역시 동구 서석동 42-12,35.14698582,126.9225566,,한전주,062-608-2894,광주광역시 동구청,2025-12-23
서석동102,1,,광주광역시 동구 서석동 31-11,35.1460475,126.9243024,,전용주,062-608-2894,광주광역시 동구청,2025-12-23
서석동104,1,,광주광역시 동구 서석동 48-5,35.14603504,126.9223053,,한전주,062-608-2894,광주광역시 동구청,2025-12-23
서석동105,1,,광주광역시 동구 서석동 50-6,35.14611816,126.9222382,,한전주,062-608-2894,광주광역시 동구청,2025-12-23
서석동106,1,,광주광역시 동구 서석동 136,35.14634705,126.9226546,,한전주,062-608-2894,광주광역시 동구청,2025-12-23
서석동107,1,,광주광역시 동구 서석동 42-21,35.14665573,126.9227796,,한전주,062-608-2894,광주광역시 동구청,2025-12-23
서석동108,1,,광주광역시 동구 서석동 42-10,35.14681295,126.9229584,,건축물,062-608-2894,광주광역시 동구청,2025-12-23
서석동109,1,,광주광역시 동구 서석동 41-3,35.14708616,126.9231949,,한전주,062-608-2894,광주광역시 동구청,2025-12-23
서석동110,1,,광주광역시 동구 서석동 132,35.14730835,126.9236173,,한전주,062-608-2894,광주광역시 동구청,2025-12-23
서석동111,1,,광주광역시 동구 서석동 14-1,35.14755252,126.925560,,한전주,062-608-2894,광주광역시 동구청,2025-12-23
서석동112,1,,광주광역시 동구 서석동 42-18,35.14690781,126.9228058,,건축물,062-608-2894,광주광역시 동구청,2025-12-23
서석동113,1,,광주광역시 동구 서석동 42-1,35.14690781,126.9226499,,전용주,062-608-2894,광주광역시 동구청,2025-12-23
서석동114,1,,광주광역시 동구 서석동 47-1,35.14692275,126.9222738,,전용주,062-608-2894,광주광역시 동구청,2025-12-23
서석동115,1,,광주광역시 동구 서석동 45-12,35.14717651,126.9224945,,전용주,062-608-2894,광주광역시 동구청,2025-12-23
서석동116,1,,광주광역시 동구 서석동 33-4,35.1453743,126.922390,,전용주,062-608-2894,광주광역시 동구청,2025-12-23
서석동117,1,,광주광역시 동구 서석동 91-42,35.1451756,126.922493,,전용주,062-608-2894,광주광역시 동구청,2025-12-23
서석동118,1,,광주광역시 동구 서석동 31-5,35.14528736,126.922627,,전용주,062-608-2894,광주광역시 동구청,2025-12-23
서석동119,1,,광주광역시 동구 서석동 30-12,35.14511108,126.922750,,전용주,062-608-2894,광주광역시 동구청,2025-12-23
서석동120,1,,광주광역시 동구 서석동 27-17,35.1448288,126.9235492,,전용주,062-608-2894,광주광역시 동구청,2025-12-23
서석동121,1,,광주광역시 동구 서석동 96-2,35.14400658,126.9238455,,전용주,062-608-2894,광주광역시 동구청,2025-12-23
서석동122,1,,광주광역시 동구 서석동 95-2,35.14417569,126.9237442,,한전주,062-608-2894,광주광역시 동구청,2025-12-23
서석동123,1,,광주광역시 동구 서석동 95-26,35.14436826,126.9236946,,한전주,062-608-2894,광주광역시 동구청,2025-12-23
서석동124,1,,광주광역시 동구 서석동 95-5,35.14447295,126.9234194,,전용주,062-608-2894,광주광역시 동구청,2025-12-23
서석동125,1,,광주광역시 동구 서석동 94-23,35.14459562,126.9231289,,전용주,062-608-2894,광주광역시 동구청,2025-12-23
서석동126,1,,광주광역시 동구 서석동 93-3,35.14472961,126.9229125,,한전주,062-608-2894,광주광역시 동구청,2025-12-23
서석동127,1,,광주광역시 동구 서석동 93-14,35.14463407,126.9229355,,전용주,062-608-2894,광주광역시 동구청,2025-12-23
서석동128,1,,광주광역시 동구 서석동 92-8,35.14481735,126.9226799,,한전주,062-608-2894,광주광역시 동구청,2025-12-23
서석동129,1,,광주광역시 동구 서석동 92-11,35.14487076,126.9225567,,한전주,062-608-2894,광주광역시 동구청,2025-12-23
서석동130,1,,광주광역시 동구 서석동 92-2,35.14482813,126.9223572,,전용주,062-608-2894,광주광역시 동구청,2025-12-23
서석동131,1,,광주광역시 동구 서석동 95,35.14411558,126.9235986,,한전주,062-608-2894,광주광역시 동구청,2025-12-23
서석동132,1,,광주광역시 동구 서석동 97-42,35.14413834,126.9234585,,한전주,062-608-2894,광주광역시 동구청,2025-12-23
서석동133,1,,광주광역시 동구 서석동 95-6,35.14440288,126.9232235,,건축물,062-608-2894,광주광역시 동구청,2025-12-23
서석동134,1,,광주광역시 동구 서석동 96-4,35.1439916,126.9236735,,한전주,062-608-2894,광주광역시 동구청,2025-12-23
서석동135,1,,광주광역시 동구 서석동 97-43,35.14387787,126.9234619,,한전주,062-608-2894,광주광역시 동구청,2025-12-23
서석동136,1,,광주광역시 동구 서석동 97-43,35.14387787,126.9234201,,건축물,062-608-2894,광주광역시 동구청,2025-12-23
서석동137,1,,광주광역시 동구 서석동 97-10,35.14368057,126.923186,,한전주,062-608-2894,광주광역시 동구청,2025-12-23
서석동138,1,,광주광역시 동구 서석동 97-5,35.1438179,126.9230937,,한전주,062-608-2894,광주광역시 동구청,2025-12-23
서석동139,1,,광주광역시 동구 서석동 101-1,35.14399338,126.9229438,,한전주,062-608-2894,광주광역시 동구청,2025-12-23
서석동140,1,,광주광역시 동구 서석동 101,35.14406287,126.9227829,,한전주,062-608-2894,광주광역시 동구청,2025-12-23
서석동141,1,,광주광역시 동구 서석동 94-2,35.1444495,126.9229126,,전용주,062-608-2894,광주광역시 동구청,2025-12-23
서석동142,1,,광주광역시 동구 서석동 106-3,35.14442825,126.9224526,,한전주,062-608-2894,광주광역시 동구청,2025-12-23
서석동143,1,,광주광역시 동구 서석동 106-14,35.14434052,126.9223557,,전용주,062-608-2894,광주광역시 동구청,2025-12-23
서석동144,1,,광주광역시 동구 서석동 108-2,35.14459546,126.9222919,,한전주,062-608-2894,광주광역시 동구청,2025-12-23
서석동145,1,,광주광역시 동구 서석동 109-1,35.1446353,126.9221815,,한전주,062-608-2894,광주광역시 동구청,2025-12-23
서석동146,1,,광주광역시 동구 서석동 86-2,35.14461136,126.921936,,전용주,062-608-2894,광주광역시 동구청,2025-12-23
서석동147,1,,광주광역시 동구 서석동 83-7,35.14460906,126.9217606,,전용주,062-608-2894,광주광역시 동구청,2025-12-23
서석동148,1,,광주광역시 동구 서석동 85-3,35.14452744,126.9215317,,한전주,062-608-2894,광주광역시 동구청,2025-12-23
서석동149,1,,광주광역시 동구 서석동 90-36,35.14484685,126.9222787,,한전주,062-608-2894,광주광역시 동구청,2025-12-23
서석동150,1,,광주광역시 동구 서석동 91-23,35.14511108,126.9219284,,전용주,062-608-2894,광주광역시 동구청,2025-12-23
서석동151,1,,광주광역시 동구 서석동 89-1,35.14502778,126.9217945,,한전주,062-608-2894,광주광역시 동구청,2025-12-23
서석동152,1,,광주광역시 동구 서석동 98-1,35.14360157,126.9229126,,한전주,062-608-2894,광주광역시 동구청,2025-12-23
서석동153,1,,광주광역시 동구 서석동 100-9,35.14372253,126.9225777,,한전주,062-608-2894,광주광역시 동구청,2025-12-23
서석동154,1,,광주광역시 동구 서석동 100-11,35.14361572,126.9225861,,한전주,062-608-2894,광주광역시 동구청,2025-12-23
서석동155,1,,광주광역시 동구 서석동 126-4,35.14322752,126.9221256,,한전주,062-608-2894,광주광역시 동구청,2025-12-23
서석동156,1,,광주광역시 동구 서석동 122-3,35.14341354,126.921936,,한전주,062-608-2894,광주광역시 동구청,2025-12-23
서석동157,1,,광주광역시 동구 서석동 121,35.14353943,126.9220788,,한전주,062-608-2894,광주광역시 동구청,2025-12-23
서석동158,1,,광주광역시 동구 서석동 120-3,35.1436615,126.9219485,,전용주,062-608-2894,광주광역시 동구청,2025-12-23
서석동159,1,,광주광역시 동구 서석동 122-1,35.14359378,126.9221725,,한전주,062-608-2894,광주광역시 동구청,2025-12-23
서석동160,1,,광주광역시 동구 서석동 120-1,35.14389801,126.9219059,,한전주,062-608-2894,광주광역시 동구청,2025-12-23
서석동161,1,,광주광역시 동구 서석동 118-13,35.14389642,126.9221639,,전용주,062-608-2894,광주광역시 동구청,2025-12-23
서석동162,1,,광주광역시 동구 서석동 100,35.14385605,126.9227334,,한전주,062-608-2894,광주광역시 동구청,2025-12-23
서석동163,1,,광주광역시 동구 서석동 118-8,35.14396667,126.9224548,,전용주,062-608-2894,광주광역시 동구청,2025-12-23
서석동164,1,,광주광역시 동구 서석동 115-3,35.14392853,126.9218386,,한전주,062-608-2894,광주광역시 동구청,2025-12-23
서석동165,1,,광주광역시 동구 서석동 111-4,35.14425278,126.9217209,,전용주,062-608-2894,광주광역시 동구청,2025-12-23
서석동166,1,,광주광역시 동구 서석동 111-5,35.144104,126.9218903,,전용주,062-608-2894,광주광역시 동구청,2025-12-23
서석동167,1,,광주광역시 동구 서석동 116-2,35.14422607,126.9220063,,전용주,062-608-2894,광주광역시 동구청,2025-12-23
서석동168,1,,광주광역시 동구 서석동 117-2,35.14415359,126.9223325,,한전주,062-608-2894,광주광역시 동구청,2025-12-23
서석동169,1,,광주광역시 동구 서석동 999,35.14316533,126.9232483,,전용주,062-608-2894,광주광역시 동구청,2025-12-23
서석동170,1,,광주광역시 동구 서석동 999-17,35.14305485,126.9238119,,한전주,062-608-2894,광주광역시 동구청,2025-12-23
서석동171,1,,광주광역시 동구 서석동 470-49,35.14344788,126.9237976,,한전주,062-608-2894,광주광역시 동구청,2025-12-23
서석동172,1,,광주광역시 동구 서석동 999-17,35.14305485,126.9238281,,전용주,062-608-2894,광주광역시 동구청,2025-12-23
서석동173,1,,광주광역시 동구 서석동 473-5,35.14295849,126.9241476,,한전주,062-608-2894,광주광역시 동구청,2025-12-23
서석동174,1,,광주광역시 동구 서석동 472-10,35.14306259,126.9242279,,한전주,062-608-2894,광주광역시 동구청,2025-12-23
서석동175,1,,광주광역시 동구 서석동 999-16,35.1426239,126.9242601,,한전주,062-608-2894,광주광역시 동구청,2025-12-23
서석동176,1,,광주광역시 동구 서석동 470-59,35.14368236,126.9238471,,한전주,062-608-2894,광주광역시 동구청,2025-12-23
서석동177,1,,광주광역시 동구 서석동 470-28,35.14361572,126.9241589,,건축물,062-608-2894,광주광역시 동구청,2025-12-23
서석동178,1,,광주광역시 동구 서석동 470-50,35.14347839,126.923894,,한전주,062-608-2894,광주광역시 동구청,2025-12-23
서석동179,1,,광주광역시 동구 서석동 469-4,35.14370346,126.924122,,한전주,062-608-2894,광주광역시 동구청,2025-12-23
서석동180,1,,광주광역시 동구 서석동 429-4,35.14512655,126.927561,,한전주,062-608-2894,광주광역시 동구청,2025-12-23
서석동181,1,,광주광역시 동구 서석동 471-13,35.14357758,126.9245969,,한전주,062-608-2894,광주광역시 동구청,2025-12-23
서석동182,1,,광주광역시 동구 서석동 470-22,35.14343277,126.9243088,,한전주,062-608-2894,광주광역시 동구청,2025-12-23
서석동183,1,,광주광역시 동구 서석동 472-5,35.1431864,126.9245162,,전용주,062-608-2894,광주광역시 동구청,2025-12-23
서석동184,1,,광주광역시 동구 서석동 472-6,35.14318466,126.9243125,,건축물,062-608-2894,광주광역시 동구청,2025-12-23
서석동185,1,,광주광역시 동구 서석동 471-11,35.14362322,126.9248325,,한전주,062-608-2894,광주광역시 동구청,2025-12-23
서석동186,1,,광주광역시 동구 서석동 471-17,35.14353561,126.9249115,,한전주,062-608-2894,광주광역시 동구청,2025-12-23
서석동187,1,,광주광역시 동구 서석동 471-20,35.14337331,126.9248581,,전용주,062-608-2894,광주광역시 동구청,2025-12-23
서석동188,1,,광주광역시 동구 서석동 473-2,35.14329147,126.9247971,,한전주,062-608-2894,광주광역시 동구청,2025-12-23
서석동189,1,,광주광역시 동구 서석동 473-15,35.14279144,126.9245605,,한전주,062-608-2894,광주광역시 동구청,2025-12-23
서석동190,1,,광주광역시 동구 서석동 473-8,35.14291584,126.9244537,,한전주,062-608-2894,광주광역시 동구청,2025-12-23
서석동191,1,,광주광역시 동구 서석동 467-12,35.14370192,126.9250488,,전용주,062-608-2894,광주광역시 동구청,2025-12-23
서석동192,1,,광주광역시 동구 서석동 466-17,35.14378403,126.9252472,,한전주,062-608-2894,광주광역시 동구청,2025-12-23
서석동193,1,,광주광역시 동구 서석동 466-1,35.14413071,126.9252269,,한전주,062-608-2894,광주광역시 동구청,2025-12-23
서석동194,1,,광주광역시 동구 서석동 468-11,35.14411545,126.9248962,,한전주,062-608-2894,광주광역시 동구청,2025-12-23
서석동195,1,,광주광역시 동구 서석동 1005-9,35.1440239,126.9247971,,한전주,062-608-2894,광주광역시 동구청,2025-12-23
서석동196,1,,광주광역시 동구 서석동 467-14,35.14395905,126.9248505,,한전주,062-608-2894,광주광역시 동구청,2025-12-23
서석동197,1,,광주광역시 동구 서석동 467-11,35.14384842,126.925131,,한전주,062-608-2894,광주광역시 동구청,2025-12-23
서석동198,1,,광주광역시 동구 서석동 468-30,35.14404297,126.9245529,,전용주,062-608-2894,광주광역시 동구청,2025-12-23
서석동199,1,,광주광역시 동구 서석동 23-6,35.1443188,126.9245758,,한전주,062-608-2894,광주광역시 동구청,2025-12-23
서석동200,1,,광주광역시 동구 서석동 23-36,35.14424475,126.9243511,,한전주,062-608-2894,광주광역시 동구청,2025-12-23
서석동201,1,,광주광역시 동구 서석동 70-2,35.14512253,126.9208755,,전용주,062-608-2894,광주광역시 동구청,2025-12-23
서석동202,1,,광주광역시 동구 서석동 91-14,35.14526749,126.9214478,,전용주,062-608-2894,광주광역시 동구청,2025-12-23
서석동203,1,,광주광역시 동구 서석동 27-24,35.14571402,126.9240503,,전용주,062-608-2894,광주광역시 동구청,2025-12-23
서석동204-1,0,,광주광역시 동구 학동 687-2,35.13659257,126.9322904,,전용주,062-608-2894,광주광역시 동구청,2025-12-23
서석동204-2,0,,광주광역시 동구 서석동 산 92,35.14600564,126.9343635,,전용주,062-608-2894,광주광역시 동구청,2025-12-23
서석동204-3,0,,광주광역시 동구 서석동 산 92,35.14600564,126.9343635,,전용주,062-608-2894,광주광역시 동구청,2025-12-23
서석동204-4,0,,광주광역시 동구 서석동 산 92,35.14600564,126.9343635,,전용주,062-608-2894,광주광역시 동구청,2025-12-23
서석동204-5,0,,광주광역시 동구 서석동 산 92,35.14600564,126.9343635,,전용주,062-608-2894,광주광역시 동구청,2025-12-23
서석동204-6,1,,광주광역시 동구 서석동 산 92,35.14600564,126.9343635,,전용주,062-608-2894,광주광역시 동구청,2025-12-23
서석동204-7,1,,광주광역시 동구 서석동 산 92,35.14600564,126.9343635,,전용주,062-608-2894,광주광역시 동구청,2025-12-23
서석동204-8,1,,광주광역시 동구 서석동 산 84-3,35.13880128,126.9366193,,전용주,062-608-2894,광주광역시 동구청,2025-12-23
서석동204-9,1,,광주광역시 동구 서석동 산 84-3,35.13880128,126.9366193,,전용주,062-608-2894,광주광역시 동구청,2025-12-23
서석동204-10,1,,광주광역시 동구 서석동 산 84-3,35.13880128,126.9366675,,전용주,062-608-2894,광주광역시 동구청,2025-12-23
서석동204-11,1,,광주광역시 동구 서석동 산 84-3,35.13880128,126.9366193,,전용주,062-608-2894,광주광역시 동구청,2025-12-23
서석동204-12,1,,광주광역시 동구 서석동 산 84-3,35.13880128,126.9366193,,전용주,062-608-2894,광주광역시 동구청,2025-12-23
서석동204-12-1,1,,광주광역시 동구 학동 산 68,35.13993794,126.9372102,,전용주,062-608-2894,광주광역시 동구청,2025-12-23
서석동204-12-2,1,,광주광역시 동구 학동 211,35.13907158,126.9375868,,전용주,062-608-2894,광주광역시 동구청,2025-12-23
서석동204-12-3,1,,광주광역시 동구 학동 산 69,35.1387062,126.9372419,,전용주,062-608-2894,광주광역시 동구청,2025-12-23
서석동204-12-4,1,,광주광역시 동구 학동 215,35.13828835,126.9384122,,전용주,062-608-2894,광주광역시 동구청,2025-12-23
서석동204-13,0,,광주광역시 동구 서석동 산 64,35.14600564,126.9343635,,전용주,062-608-2894,광주광역시 동구청,2025-12-23
서석동204-14,0,,광주광역시 동구 서석동 산 64,35.14600564,126.9343635,,전용주,062-608-2894,광주광역시 동구청,2025-12-23
서석동204-15,0,,광주광역시 동구 서석동 산 64,35.14600564,126.9343635,,전용주,062-608-2894,광주광역시 동구청,2025-12-23
서석동204-16,0,,광주광역시 동구 서석동 산 64,35.14600564,126.9343635,,전용주,062-608-2894,광주광역시 동구청,2025-12-23
서석동204-17,0,,광주광역시 동구 서석동 산 60-1,35.14204507,126.9358735,,전용주,062-608-2894,광주광역시 동구청,2025-12-23
서석동204-18,0,,광주광역시 동구 서석동 산 60-1,35.14204507,126.9358735,,전용주,062-608-2894,광주광역시 동구청,2025-12-23
서석동204-19,0,,광주광역시 동구 서석동 산 60-1,35.14204507,126.9358735,,전용주,062-608-2894,광주광역시 동구청,2025-12-23
서석동204-20,0,,광주광역시 동구 학동 산 54,35.14178061,126.9372073,,전용주,062-608-2894,광주광역시 동구청,2025-12-23
서석동204-21,0,,광주광역시 동구 서석동 산 56-1,35.14402625,126.9353039,,전용주,062-608-2894,광주광역시 동구청,2025-12-23
서석동204-22,0,,광주광역시 동구 지산동 산 122-2,35.14452028,126.9368127,,전용주,062-608-2894,광주광역시 동구청,2025-12-23
선교동001,1,,광주광역시 동구 선교동 202,35.08672199,126.9492344,,한전주,062-608-2894,광주광역시 동구청,2025-12-23
선교동002,1,,광주광역시 동구 선교동 산189-5,35.08106232,126.9513931,,한전주,062-608-2894,광주광역시 동구청,2025-12-23
선교동003,1,,광주광역시 동구 선교동 166-5,35.08244788,126.9508469,,한전주,062-608-2894,광주광역시 동구청,2025-12-23
선교동004,1,,광주광역시 동구 선교동 483,35.08084687,126.9525588,,한전주,062-608-2894,광주광역시 동구청,2025-12-23
선교동005,1,,광주광역시 동구 선교동 산133-5,35.08723073,126.9497832,,한전주,062-608-2894,광주광역시 동구청,2025-12-23
선교동007,1,,광주광역시 동구 선교동 산133-1,35.08796692,126.9500451,,한전주,062-608-2894,광주광역시 동구청,2025-12-23
선교동008,1,,광주광역시 동구 선교동 산133-1,35.08792237,126.9500451,,한전주,062-608-2894,광주광역시 동구청,2025-12-23
선교동009,1,,광주광역시 동구 선교동 268,35.08858477,126.9504395,,한전주,062-608-2894,광주광역시 동구청,2025-12-23
선교동010,1,,광주광역시 동구 선교동 229,35.08936362,126.9482862,,한전주,062-608-2894,광주광역시 동구청,2025-12-23
선교동011,1,,광주광역시 동구 선교동 231,35.08934021,126.9485296,,한전주,062-608-2894,광주광역시 동구청,2025-12-23
선교동012,1,,광주광역시 동구 선교동 472-24,35.08898163,126.9487841,,한전주,062-608-2894,광주광역시 동구청,2025-12-23
선교동013,1,,광주광역시 동구 선교동 262,35.08869051,126.9495679,,전용주,062-608-2894,광주광역시 동구청,2025-12-23
선교동014,1,,광주광역시 동구 선교동 244,35.08971024,126.9492011,,전용주,062-608-2894,광주광역시 동구청,2025-12-23
선교동015,1,,광주광역시 동구 선교동 248,35.08973694,126.9494578,,한전주,062-608-2894,광주광역시 동구청,2025-12-23
선교동016,1,,광주광역시 동구 선교동 247,35.08982085,126.9497027,,한전주,062-608-2894,광주광역시 동구청,2025-12-23
선교동017,1,,광주광역시 동구 선교동 산51-1,35.09302188,126.9509887,,한전주,062-608-2894,광주광역시 동구청,2025-12-23
선교동018,1,,광주광역시 동구 선교동 472,35.0903396,126.9528694,,전용주,062-608-2894,광주광역시 동구청,2025-12-23
선교동022,1,,광주광역시 동구 선교동 474-2,35.08903121,126.9526396,,한전주,062-608-2894,광주광역시 동구청,2025-12-23
선교동023,1,,광주광역시 동구 선교동 402,35.09131622,126.9541304,,한전주,062-608-2894,광주광역시 동구청,2025-12-23
선교동024,1,,광주광역시 동구 선교동 404,35.09130126,126.9540342,,한전주,062-608-2894,광주광역시 동구청,2025-12-23
선교동025,1,,광주광역시 동구 선교동 392,35.09141729,126.9545059,,건축물,062-608-2894,광주광역시 동구청,2025-12-23
선교동026,1,,광주광역시 동구 선교동 395-1,35.09114838,126.954895,,한전주,062-608-2894,광주광역시 동구청,2025-12-23
선교동027,1,,광주광역시 동구 선교동 385-1,35.09135174,126.9554441,,전용주,062-608-2894,광주광역시 동구청,2025-12-23
선교동028,1,,광주광역시 동구 선교동 473-15,35.09152985,126.9562531,,한전주,062-608-2894,광주광역시 동구청,2025-12-23
선교동029,1,,광주광역시 동구 선교동 358,35.09165525,126.9562225,,한전주,062-608-2894,광주광역시 동구청,2025-12-23
선교동030,1,,광주광역시 동구 선교동 371,35.09189606,126.9565201,,한전주,062-608-2894,광주광역시 동구청,2025-12-23
선교동031,1,,광주광역시 동구 선교동 13-1,35.09187222,126.9570584,,한전주,062-608-2894,광주광역시 동구청,2025-12-23
선교동032,1,,광주광역시 동구 선교동 373,35.09198821,126.9567795,,건축물,062-608-2894,광주광역시 동구청,2025-12-23
소태동001,1,,광주광역시 동구 소태동 532-199,35.12837982,126.931282,,한전주,062-608-2894,광주광역시 동구청,2025-12-23
소태동002,1,,광주광역시 동구 소태동 855-56,35.13159271,126.9416714,,전용주,062-608-2894,광주광역시 동구청,2025-12-23
소태동003,1,,광주광역시 동구 소태동 761-3,35.13193778,126.9404256,,전용주,062-608-2894,광주광역시 동구청,2025-12-23
소태동004,1,,광주광역시 동구 소태동 산280-1,35.13144562,126.9395694,,한전주,062-608-2894,광주광역시 동구청,2025-12-23
소태동005,1,,광주광역시 동구 소태동 795,35.13072205,126.9398282,,한전주,062-608-2894,광주광역시 동구청,2025-12-23
소태동006,1,,광주광역시 동구 소태동 798,35.13055038,126.9401703,,전용주,062-608-2894,광주광역시 동구청,2025-12-23
소태동007,1,,광주광역시 동구 소태동 855-38,35.12955024,126.9433718,,전용주,062-608-2894,광주광역시 동구청,2025-12-23
소태동008,1,,광주광역시 동구 소태동 771-1,35.13068771,126.9396988,,한전주,062-608-2894,광주광역시 동구청,2025-12-23
소태동009,1,,광주광역시 동구 소태동 794-1,35.13054586,126.9399514,,한전주,062-608-2894,광주광역시 동구청,2025-12-23
소태동010,1,,광주광역시 동구 소태동 793-2,35.13029861,126.9401692,,한전주,062-608-2894,광주광역시 동구청,2025-12-23
소태동011,1,,광주광역시 동구 소태동 859,35.1297568,126.9400378,,한전주,062-608-2894,광주광역시 동구청,2025-12-23
소태동012,1,,광주광역시 동구 소태동 788,35.12977389,126.9401264,,한전주,062-608-2894,광주광역시 동구청,2025-12-23
소태동013,1,,광주광역시 동구 소태동 827-9,35.12957764,126.9403113,,한전주,062-608-2894,광주광역시 동구청,2025-12-23
소태동014,1,,광주광역시 동구 소태동 786-1,35.12938808,126.9402093,,한전주,062-608-2894,광주광역시 동구청,2025-12-23
소태동015,1,,광주광역시 동구 소태동 산267-1,35.12900925,126.9404872,,한전주,062-608-2894,광주광역시 동구청,2025-12-23
소태동016,1,,광주광역시 동구 소태동 791-1,35.13018799,126.940059,,전용주,062-608-2894,광주광역시 동구청,2025-12-23
소태동017,1,,광주광역시 동구 소태동 790,35.13013927,126.9401957,,한전주,062-608-2894,광주광역시 동구청,2025-12-23
소태동018,1,,광주광역시 동구 소태동 827,35.12982914,126.940627,,한전주,062-608-2894,광주광역시 동구청,2025-12-23
소태동019,1,,광주광역시 동구 소태동 793-1,35.13028996,126.9401692,,한전주,062-608-2894,광주광역시 동구청,2025-12-23
소태동020,1,,광주광역시 동구 소태동 799,35.13069979,126.9408875,,한전주,062-608-2894,광주광역시 동구청,2025-12-23
소태동021,1,,광주광역시 동구 소태동 801,35.13069924,126.9410553,,한전주,062-608-2894,광주광역시 동구청,2025-12-23
소태동022,1,,광주광역시 동구 소태동 803-3,35.1306762,126.9413476,,전용주,062-608-2894,광주광역시 동구청,2025-12-23
소태동023,1,,광주광역시 동구 소태동 823,35.1304254,126.9408161,,전용주,062-608-2894,광주광역시 동구청,2025-12-23
소태동024,1,,광주광역시 동구 소태동 805,35.13044797,126.9416454,,한전주,062-608-2894,광주광역시 동구청,2025-12-23
소태동025,1,,광주광역시 동구 소태동 858,35.13022817,126.9401704,,전용주,062-608-2894,광주광역시 동구청,2025-12-23
소태동179,1,,광주광역시 동구 소태동 1006,35.12710964,126.9290642,,한전주,062-608-2894,광주광역시 동구청,2025-12-23
소태동180,1,,광주광역시 동구 소태동 1002,35.12683748,126.9293213,,한전주,062-608-2894,광주광역시 동구청,2025-12-23
소태동181,1,,광주광역시 동구 소태동 1080,35.12709296,126.9293573,,전용주,062-608-2894,광주광역시 동구청,2025-12-23
소태동182,1,,광주광역시 동구 소태동 1085,35.12723952,126.9293676,,한전주,062-608-2894,광주광역시 동구청,2025-12-23
소태동183,1,,광주광역시 동구 소태동 1009,35.12733512,126.928991,,전용주,062-608-2894,광주광역시 동구청,2025-12-23
소태동184,1,,광주광역시 동구 소태동 1088,35.12744522,126.9294318,,전용주,062-608-2894,광주광역시 동구청,2025-12-23
소태동185,1,,광주광역시 동구 소태동 988,35.12824703,126.9293024,,한전주,062-608-2894,광주광역시 동구청,2025-12-23
소태동186,1,,광주광역시 동구 소태동 1099,35.12833023,126.929184,,한전주,062-608-2894,광주광역시 동구청,2025-12-23
소태동187,1,,광주광역시 동구 소태동 1046,35.12846756,126.9289985,,전용주,062-608-2894,광주광역시 동구청,2025-12-23
소태동188,1,,광주광역시 동구 소태동 1058,35.12815709,126.9288406,,전용주,062-608-2894,광주광역시 동구청,2025-12-23
소태동189,1,,광주광역시 동구 소태동 1056,35.12806294,126.9286378,,전용주,062-608-2894,광주광역시 동구청,2025-12-23
소태동190,1,,광주광역시 동구 소태동 1067,35.12799454,126.9290695,,한전주,062-608-2894,광주광역시 동구청,2025-12-23
소태동191,1,,광주광역시 동구 소태동 994,35.12773051,126.9293213,,한전주,062-608-2894,광주광역시 동구청,2025-12-23
소태동192,1,,광주광역시 동구 소태동 1094,35.12763032,126.9290161,,전용주,062-608-2894,광주광역시 동구청,2025-12-23
소태동193,1,,광주광역시 동구 소태동 1066,35.12785379,126.9288864,,한전주,062-608-2894,광주광역시 동구청,2025-12-23
소태동194,1,,광주광역시 동구 소태동 1037,35.12860592,126.928942,,한전주,062-608-2894,광주광역시 동구청,2025-12-23
소태동195,1,,광주광역시 동구 소태동 1102,35.12851874,126.9290894,,한전주,062-608-2894,광주광역시 동구청,2025-12-23
소태동196,1,,광주광역시 동구 소태동 1030,35.12852689,126.9285062,,한전주,062-608-2894,광주광역시 동구청,2025-12-23
소태동197,1,,광주광역시 동구 소태동 979,35.12881186,126.9286824,,전용주,062-608-2894,광주광역시 동구청,2025-12-23
소태동198,1,,광주광역시 동구 소태동 1031,35.12867785,126.9284715,,전용주,062-608-2894,광주광역시 동구청,2025-12-23
소태동199,1,,광주광역시 동구 소태동 855-84,35.12744904,126.9301682,,한전주,062-608-2894,광주광역시 동구청,2025-12-23
소태동200,1,,광주광역시 동구 소태동 587-16,35.12705612,126.9302597,,한전주,062-608-2894,광주광역시 동구청,2025-12-23
소태동201,1,,광주광역시 동구 소태동 587-1,35.12695078,126.930224,,한전주,062-608-2894,광주광역시 동구청,2025-12-23
소태동202,1,,광주광역시 동구 소태동 639-3,35.12650681,126.9305878,,건축물,062-608-2894,광주광역시 동구청,2025-12-23
소태동203,1,,광주광역시 동구 소태동 579,35.12638092,126.9310415,,전용주,062-608-2894,광주광역시 동구청,2025-12-23
소태동204,1,,광주광역시 동구 소태동 585-20,35.12672043,126.9307824,,한전주,062-608-2894,광주광역시 동구청,2025-12-23
소태동205,1,,광주광역시 동구 소태동 585-7,35.12724304,126.9304708,,한전주,062-608-2894,광주광역시 동구청,2025-12-23
소태동206,1,,광주광역시 동구 소태동 200-2,35.11612436,126.9360666,,한전주,062-608-2894,광주광역시 동구청,2025-12-23
소태동207,1,,광주광역시 동구 소태동 532-81,35.12798425,126.933210,,한전주,062-608-2894,광주광역시 동구청,2025-12-23
소태동208,1,,광주광역시 동구 소태동 550-9,35.1274212,126.9334415,,전용주,062-608-2894,광주광역시 동구청,2025-12-23
소태동209,1,,광주광역시 동구 소태동 565-8,35.12719345,126.9336768,,한전주,062-608-2894,광주광역시 동구청,2025-12-23
소태동210,1,,광주광역시 동구 소태동 550-25,35.12713623,126.9333012,,한전주,062-608-2894,광주광역시 동구청,2025-12-23
소태동211,1,,광주광역시 동구 소태동 565-1,35.12710229,126.9335403,,한전주,062-608-2894,광주광역시 동구청,2025-12-23
소태동212,1,,광주광역시 동구 소태동 566-18,35.12688065,126.9334946,,한전주,062-608-2894,광주광역시 동구청,2025-12-23
소태동213,1,,광주광역시 동구 소태동 564-3,35.12678909,126.9337006,,건축물,062-608-2894,광주광역시 동구청,2025-12-23
소태동214,1,,광주광역시 동구 소태동 564-5,35.12660314,126.9337463,,한전주,062-608-2894,광주광역시 동구청,2025-12-23
소태동215,1,,광주광역시 동구 소태동 566-2,35.125543,126.9330661,,한전주,062-608-2894,광주광역시 동구청,2025-12-23
소태동216,1,,광주광역시 동구 소태동 856-5,35.12651361,126.9337274,,한전주,062-608-2894,광주광역시 동구청,2025-12-23
소태동217,1,,광주광역시 동구 소태동 570-3,35.12727906,126.9330368,,한전주,062-608-2894,광주광역시 동구청,2025-12-23
소태동218,1,,광주광역시 동구 소태동 540-3,35.1275962,126.932991,,전용주,062-608-2894,광주광역시 동구청,2025-12-23
소태동219,1,,광주광역시 동구 소태동 540-35,35.12768968,126.9333746,,한전주,062-608-2894,광주광역시 동구청,2025-12-23
소태동220,1,,광주광역시 동구 소태동 569-3,35.12749481,126.9333496,,한전주,062-608-2894,광주광역시 동구청,2025-12-23
소태동221,1,,광주광역시 동구 소태동 540-38,35.12763977,126.9327164,,건축물,062-608-2894,광주광역시 동구청,2025-12-23
소태동222,1,,광주광역시 동구 소태동 566-35,35.12696389,126.9328293,,한전주,062-608-2894,광주광역시 동구청,2025-12-23
소태동224,1,,광주광역시 동구 소태동 540-53,35.12740485,126.9325571,,한전주,062-608-2894,광주광역시 동구청,2025-12-23
소태동225,1,,광주광역시 동구 소태동 540-55,35.12744216,126.9327064,,건축물,062-608-2894,광주광역시 동구청,2025-12-23
소태동226,1,,광주광역시 동구 소태동 573-23,35.12710301,126.9322433,,건축물,062-608-2894,광주광역시 동구청,2025-12-23
소태동227,1,,광주광역시 동구 소태동 573-19,35.12691779,126.9319783,,한전주,062-608-2894,광주광역시 동구청,2025-12-23
소태동228,1,,광주광역시 동구 소태동 540-18,35.12733078,126.9319001,,한전주,062-608-2894,광주광역시 동구청,2025-12-23
소태동229,1,,광주광역시 동구 소태동 540-7,35.12726345,126.9318182,,한전주,062-608-2894,광주광역시 동구청,2025-12-23
소태동230,1,,광주광역시 동구 소태동 566-27,35.1263691,126.9320906,,전용주,062-608-2894,광주광역시 동구청,2025-12-23
소태동231,1,,광주광역시 동구 소태동 599-2,35.12611953,126.931649,,건축물,062-608-2894,광주광역시 동구청,2025-12-23
소태동232,1,,광주광역시 동구 소태동 601-1,35.12588882,126.9319839,,전용주,062-608-2894,광주광역시 동구청,2025-12-23
소태동233,1,,광주광역시 동구 소태동 604-18,35.12488916,126.9325921,,한전주,062-608-2894,광주광역시 동구청,2025-12-23
소태동234,1,,광주광역시 동구 소태동 656,35.12474224,126.9322729,,한전주,062-608-2894,광주광역시 동구청,2025-12-23
소태동235,1,,광주광역시 동구 소태동 657,35.12485978,126.9321213,,한전주,062-608-2894,광주광역시 동구청,2025-12-23
소태동236,1,,광주광역시 동구 소태동 653-13,35.12409592,126.932663,,한전주,062-608-2894,광주광역시 동구청,2025-12-23
소태동237,1,,광주광역시 동구 소태동 653-17,35.12395096,126.9326782,,건축물,062-608-2894,광주광역시 동구청,2025-12-23
소태동238,1,,광주광역시 동구 소태동 656,35.12471008,126.9322729,,건축물,062-608-2894,광주광역시 동구청,2025-12-23
소태동239,1,,광주광역시 동구 소태동 650-15,35.12345886,126.933075,,한전주,062-608-2894,광주광역시 동구청,2025-12-23
소태동240,1,,광주광역시 동구 소태동 650-2,35.12337569,126.9326192,,전용주,062-608-2894,광주광역시 동구청,2025-12-23
소태동241,1,,광주광역시 동구 소태동 646-11,35.12334353,126.933256,,건축물,062-608-2894,광주광역시 동구청,2025-12-23
소태동242,1,,광주광역시 동구 소태동 650-17,35.12327576,126.9330981,,한전주,062-608-2894,광주광역시 동구청,2025-12-23
소태동243,1,,광주광역시 동구 소태동 645-9,35.12302399,126.9331732,,한전주,062-608-2894,광주광역시 동구청,2025-12-23
소태동244,1,,광주광역시 동구 소태동 672-5,35.12268066,126.9333801,,한전주,062-608-2894,광주광역시 동구청,2025-12-23
소태동245,1,,광주광역시 동구 소태동 672-4,35.12250575,126.9333651,,한전주,062-608-2894,광주광역시 동구청,2025-12-23
소태동246,1,,광주광역시 동구 소태동 673-16,35.12241153,126.933540,,한전주,062-608-2894,광주광역시 동구청,2025-12-23
소태동247,1,,광주광역시 동구 소태동 674,35.12213516,126.9334451,,한전주,062-608-2894,광주광역시 동구청,2025-12-23
소태동248,1,,광주광역시 동구 소태동 676-8,35.1221728,126.9337234,,전용주,062-608-2894,광주광역시 동구청,2025-12-23
소태동249,1,,광주광역시 동구 소태동 674-2,35.12192324,126.9337311,,한전주,062-608-2894,광주광역시 동구청,2025-12-23
소태동250,1,,광주광역시 동구 소태동 676-11,35.12184232,126.9336166,,한전주,062-608-2894,광주광역시 동구청,2025-12-23
소태동251,1,,광주광역시 동구 소태동 678-55,35.12171936,126.9339247,,한전주,062-608-2894,광주광역시 동구청,2025-12-23
소태동252,1,,광주광역시 동구 소태동 678-38,35.12188339,126.9342105,,한전주,062-608-2894,광주광역시 동구청,2025-12-23
소태동253,1,,광주광역시 동구 소태동 678-34,35.12201922,126.9339371,,건축물,062-608-2894,광주광역시 동구청,2025-12-23
소태동254,1,,광주광역시 동구 소태동 678-24,35.12192593,126.9340928,,한전주,062-608-2894,광주광역시 동구청,2025-12-23
소태동255,1,,광주광역시 동구 소태동 678-25,35.12215424,126.9340668,,한전주,062-608-2894,광주광역시 동구청,2025-12-23
소태동256,1,,광주광역시 동구 소태동 678-4,35.12243271,126.9341812,,한전주,062-608-2894,광주광역시 동구청,2025-12-23
소태동257,1,,광주광역시 동구 소태동 678-60,35.12168884,126.9341331,,한전주,062-608-2894,광주광역시 동구청,2025-12-23
소태동260,1,,광주광역시 동구 소태동 678,35.12259391,126.9342575,,한전주,062-608-2894,광주광역시 동구청,2025-12-23
소태동262,1,,광주광역시 동구 소태동 638-11,35.12282181,126.9343262,,한전주,062-608-2894,광주광역시 동구청,2025-12-23
소태동263,1,,광주광역시 동구 소태동 638-13,35.12282562,126.9345016,,한전주,062-608-2894,광주광역시 동구청,2025-12-23
소태동265,1,,광주광역시 동구 소태동 673-8,35.12267267,126.9338424,,한전주,062-608-2894,광주광역시 동구청,2025-12-23
소태동266,1,,광주광역시 동구 소태동 640-5,35.12306381,126.9339259,,한전주,062-608-2894,광주광역시 동구청,2025-12-23
소태동267,1,,광주광역시 동구 소태동 644-6,35.12321733,126.9336365,,한전주,062-608-2894,광주광역시 동구청,2025-12-23
소태동268,1,,광주광역시 동구 소태동 644-3,35.12335205,126.933697,,한전주,062-608-2894,광주광역시 동구청,2025-12-23
소태동269,1,,광주광역시 동구 소태동 644-1,35.12351427,126.9336929,,한전주,062-608-2894,광주광역시 동구청,2025-12-23
소태동270,1,,광주광역시 동구 소태동 646-9,35.12358416,126.9335098,,한전주,062-608-2894,광주광역시 동구청,2025-12-23
소태동271,1,,광주광역시 동구 소태동 642-10,35.12366867,126.9339944,,한전주,062-608-2894,광주광역시 동구청,2025-12-23
소태동272,1,,광주광역시 동구 소태동 642-14,35.12339783,126.9339844,,건축물,062-608-2894,광주광역시 동구청,2025-12-23
소태동273,1,,광주광역시 동구 소태동 860-7,35.12397003,126.9345447,,한전주,062-608-2894,광주광역시 동구청,2025-12-23
소태동274,1,,광주광역시 동구 소태동 445-8,35.12388252,126.9350281,,한전주,062-608-2894,광주광역시 동구청,2025-12-23
소태동275,1,,광주광역시 동구 소태동 635-5,35.12376404,126.9350721,,전용주,062-608-2894,광주광역시 동구청,2025-12-23
소태동276,1,,광주광역시 동구 소태동 635-6,35.12366867,126.9351947,,한전주,062-608-2894,광주광역시 동구청,2025-12-23
소태동277,1,,광주광역시 동구 소태동 446-10,35.12382593,126.9354465,,한전주,062-608-2894,광주광역시 동구청,2025-12-23
소태동278,1,,광주광역시 동구 소태동 637-12,35.12349624,126.9346543,,한전주,062-608-2894,광주광역시 동구청,2025-12-23
소태동279,1,,광주광역시 동구 소태동 637-18,35.1236763,126.9342996,,한전주,062-608-2894,광주광역시 동구청,2025-12-23
소태동280,1,,광주광역시 동구 소태동 641,35.12345886,126.9342804,,한전주,062-608-2894,광주광역시 동구청,2025-12-23
소태동282,1,,광주광역시 동구 소태동 638-8,35.12315369,126.9342295,,한전주,062-608-2894,광주광역시 동구청,2025-12-23
소태동283,1,,광주광역시 동구 소태동 638-37,35.12285614,126.9348923,,한전주,062-608-2894,광주광역시 동구청,2025-12-23
소태동284,1,,광주광역시 동구 소태동 450-9,35.12426688,126.9350357,,한전주,062-608-2894,광주광역시 동구청,2025-12-23
소태동285,1,,광주광역시 동구 소태동 617-10,35.12529345,126.9346547,,한전주,062-608-2894,광주광역시 동구청,2025-12-23
소태동286,1,,광주광역시 동구 소태동 619-8,35.12587675,126.9346711,,건축물,062-608-2894,광주광역시 동구청,2025-12-23
소태동287,1,,광주광역시 동구 소태동 562-11,35.12663269,126.9341736,,한전주,062-608-2894,광주광역시 동구청,2025-12-23
소태동288,1,,광주광역시 동구 소태동 618,35.12665939,126.9346283,,한전주,062-608-2894,광주광역시 동구청,2025-12-23
소태동289,1,,광주광역시 동구 소태동 489-8,35.12594558,126.9349954,,한전주,062-608-2894,광주광역시 동구청,2025-12-23
소태동290,1,,광주광역시 동구 소태동 489-10,35.12589174,126.9350496,,한전주,062-608-2894,광주광역시 동구청,2025-12-23
소태동291,1,,광주광역시 동구 소태동 491,35.12667015,126.9358916,,한전주,062-608-2894,광주광역시 동구청,2025-12-23
소태동292,1,,광주광역시 동구 소태동 491,35.12667015,126.9358916,,한전주,062-608-2894,광주광역시 동구청,2025-12-23
소태동293,1,,광주광역시 동구 소태동 491,35.12667015,126.9358916,,한전주,062-608-2894,광주광역시 동구청,2025-12-23
소태동294,1,,광주광역시 동구 소태동 508-4,35.12614596,126.9364471,,한전주,062-608-2894,광주광역시 동구청,2025-12-23
소태동295,1,,광주광역시 동구 소태동 508-7,35.12628685,126.9366763,,한전주,062-608-2894,광주광역시 동구청,2025-12-23
소태동296,1,,광주광역시 동구 소태동 485-25,35.12484517,126.9355787,,한전주,062-608-2894,광주광역시 동구청,2025-12-23
소태동297,1,,광주광역시 동구 소태동 485-6,35.12500388,126.935204,,한전주,062-608-2894,광주광역시 동구청,2025-12-23
소태동298,1,,광주광역시 동구 소태동 485-9,35.1251243,126.935112,,한전주,062-608-2894,광주광역시 동구청,2025-12-23
소태동299,1,,광주광역시 동구 소태동 448-15,35.12429819,126.9355111,,한전주,062-608-2894,광주광역시 동구청,2025-12-23
소태동300,1,,광주광역시 동구 소태동 446-1,35.12448232,126.9351459,,한전주,062-608-2894,광주광역시 동구청,2025-12-23
소태동301,1,,광주광역시 동구 소태동 447-3,35.12429047,126.9353333,,한전주,062-608-2894,광주광역시 동구청,2025-12-23
소태동302,1,,광주광역시 동구 소태동 449,35.12427916,126.9359997,,건축물,062-608-2894,광주광역시 동구청,2025-12-23
소태동303,1,,광주광역시 동구 소태동 450-1,35.12428414,126.936204,,한전주,062-608-2894,광주광역시 동구청,2025-12-23
소태동304,1,,광주광역시 동구 소태동 450-6,35.1242752,126.9363516,,한전주,062-608-2894,광주광역시 동구청,2025-12-23
소태동305,1,,광주광역시 동구 소태동 480-2,35.12454126,126.9359645,,한전주,062-608-2894,광주광역시 동구청,2025-12-23
소태동306,1,,광주광역시 동구 소태동 480-3,35.12529428,126.9363088,,한전주,062-608-2894,광주광역시 동구청,2025-12-23
소태동307,1,,광주광역시 동구 소태동 496-10,35.1254737,126.9364166,,한전주,062-608-2894,광주광역시 동구청,2025-12-23
소태동308,1,,광주광역시 동구 소태동 496-4,35.12571756,126.9365151,,한전주,062-608-2894,광주광역시 동구청,2025-12-23
소태동309,1,,광주광역시 동구 소태동 480-3,35.12529428,126.9363088,,한전주,062-608-2894,광주광역시 동구청,2025-12-23
소태동310,1,,광주광역시 동구 소태동 480-4,35.12513797,126.936554,,한전주,062-608-2894,광주광역시 동구청,2025-12-23
소태동311,1,,광주광역시 동구 소태동 495-5,35.12513797,126.9364927,,한전주,062-608-2894,광주광역시 동구청,2025-12-23
소태동312,1,,광주광역시 동구 소태동 480-1,35.12496405,126.936671,,한전주,062-608-2894,광주광역시 동구청,2025-12-23
소태동313,1,,광주광역시 동구 소태동 501-28,35.1258092,126.9368117,,한전주,062-608-2894,광주광역시 동구청,2025-12-23
소태동314,1,,광주광역시 동구 소태동 450-11,35.12410743,126.9366531,,한전주,062-608-2894,광주광역시 동구청,2025-12-23
소태동315,1,,광주광역시 동구 소태동 682-12,35.12073517,126.9348068,,건축물,062-608-2894,광주광역시 동구청,2025-12-23
소태동316,1,,광주광역시 동구 소태동 산223-17,35.12029648,126.9353877,,한전주,062-608-2894,광주광역시 동구청,2025-12-23
소태동317,1,,광주광역시 동구 소태동 산223-17,35.12023163,126.9353877,,한전주,062-608-2894,광주광역시 동구청,2025-12-23
소태동318,1,,광주광역시 동구 소태동 208-4,35.12059402,126.9352289,,한전주,062-608-2894,광주광역시 동구청,2025-12-23
소태동319,1,,광주광역시 동구 소태동 208-6,35.12083817,126.9352161,,한전주,062-608-2894,광주광역시 동구청,2025-12-23
소태동320,1,,광주광역시 동구 소태동 208-9,35.12110901,126.9351818,,건축물,062-608-2894,광주광역시 동구청,2025-12-23
소태동321,1,,광주광역시 동구 소태동 210-12,35.12101834,126.935394,,한전주,062-608-2894,광주광역시 동구청,2025-12-23
소태동322,1,,광주광역시 동구 소태동 209,35.12126541,126.9351116,,건축물,062-608-2894,광주광역시 동구청,2025-12-23
소태동323,1,,광주광역시 동구 소태동 681-8,35.12133789,126.9345531,,한전주,062-608-2894,광주광역시 동구청,2025-12-23
소태동325,1,,광주광역시 동구 소태동 223-3,35.12143707,126.9354401,,한전주,062-608-2894,광주광역시 동구청,2025-12-23
소태동326,1,,광주광역시 동구 소태동 212-3,35.12166595,126.9351729,,한전주,062-608-2894,광주광역시 동구청,2025-12-23
소태동327,1,,광주광역시 동구 소태동 214,35.12187443,126.9356999,,한전주,062-608-2894,광주광역시 동구청,2025-12-23
소태동328,1,,광주광역시 동구 소태동 215-4,35.12188339,126.9358385,,전용주,062-608-2894,광주광역시 동구청,2025-12-23
소태동329,1,,광주광역시 동구 소태동 288,35.12158585,126.9360046,,한전주,062-608-2894,광주광역시 동구청,2025-12-23
소태동330,1,,광주광역시 동구 소태동 216,35.12185287,126.936058,,한전주,062-608-2894,광주광역시 동구청,2025-12-23
소태동331,1,,광주광역시 동구 소태동 산30-2,35.12168649,126.9350739,,한전주,062-608-2894,광주광역시 동구청,2025-12-23
소태동332,1,,광주광역시 동구 소태동 278-1,35.12078476,126.9358063,,한전주,062-608-2894,광주광역시 동구청,2025-12-23
소태동333,1,,광주광역시 동구 소태동 281,35.12096405,126.9358301,,한전주,062-608-2894,광주광역시 동구청,2025-12-23
소태동334,1,,광주광역시 동구 소태동 316,35.12086787,126.936193,,한전주,062-608-2894,광주광역시 동구청,2025-12-23
소태동335,1,,광주광역시 동구 소태동 861-26,35.12097196,126.9374188,,한전주,062-608-2894,광주광역시 동구청,2025-12-23
소태동336,1,,광주광역시 동구 소태동 309,35.12122345,126.9365623,,전용주,062-608-2894,광주광역시 동구청,2025-12-23
소태동337,1,,광주광역시 동구 소태동 223-7,35.12138814,126.9359498,,한전주,062-608-2894,광주광역시 동구청,2025-12-23
소태동338,1,,광주광역시 동구 소태동 323-5,35.12085981,126.9366074,,건축물,062-608-2894,광주광역시 동구청,2025-12-23
소태동339,1,,광주광역시 동구 소태동 428,35.12185669,126.9368379,,한전주,062-608-2894,광주광역시 동구청,2025-12-23
소태동340,1,,광주광역시 동구 소태동 298,35.12186813,126.9365103,,한전주,062-608-2894,광주광역시 동구청,2025-12-23
소태동341,1,,광주광역시 동구 소태동 850-14,35.12080845,126.9371033,,한전주,062-608-2894,광주광역시 동구청,2025-12-23
소태동342,1,,광주광역시 동구 소태동 861-30,35.12212372,126.9367676,,한전주,062-608-2894,광주광역시 동구청,2025-12-23
소태동343,1,,광주광역시 동구 소태동 341,35.12109655,126.9372487,,전용주,062-608-2894,광주광역시 동구청,2025-12-23
소태동344,1,,광주광역시 동구 소태동 336-1,35.12112808,126.9370041,,건축물,062-608-2894,광주광역시 동구청,2025-12-23
소태동345,1,,광주광역시 동구 소태동 343,35.12106705,126.9374228,,건축물,062-608-2894,광주광역시 동구청,2025-12-23
소태동346,1,,광주광역시 동구 소태동 359,35.12122345,126.9376907,,한전주,062-608-2894,광주광역시 동구청,2025-12-23
소태동347,1,,광주광역시 동구 소태동 419,35.12159052,126.9376831,,한전주,062-608-2894,광주광역시 동구청,2025-12-23
소태동348,1,,광주광역시 동구 소태동 415,35.12183762,126.9377881,,한전주,062-608-2894,광주광역시 동구청,2025-12-23
소태동349,1,,광주광역시 동구 소태동 425-1,35.12164143,126.9373932,,한전주,062-608-2894,광주광역시 동구청,2025-12-23
소태동350,1,,광주광역시 동구 소태동 346,35.12129624,126.9373398,,건축물,062-608-2894,광주광역시 동구청,2025-12-23
소태동351,1,,광주광역시 동구 소태동 422-2,35.12181091,126.9374466,,전용주,062-608-2894,광주광역시 동구청,2025-12-23
소태동352,1,,광주광역시 동구 소태동 355,35.12155914,126.9371185,,한전주,062-608-2894,광주광역시 동구청,2025-12-23
소태동353,1,,광주광역시 동구 소태동 423-6,35.12181854,126.9370728,,한전주,062-608-2894,광주광역시 동구청,2025-12-23
소태동354,1,,광주광역시 동구 소태동 861-35,35.12159348,126.9384918,,한전주,062-608-2894,광주광역시 동구청,2025-12-23
소태동355,1,,광주광역시 동구 소태동 399,35.12175203,126.9386444,,한전주,062-608-2894,광주광역시 동구청,2025-12-23
소태동356,1,,광주광역시 동구 소태동 377-7,35.12129416,126.9387283,,한전주,062-608-2894,광주광역시 동구청,2025-12-23
소태동357,1,,광주광역시 동구 소태동 377-5,35.12147931,126.9398041,,한전주,062-608-2894,광주광역시 동구청,2025-12-23
소태동358,1,,광주광역시 동구 소태동 100,35.12060753,126.9405858,,한전주,062-608-2894,광주광역시 동구청,2025-12-23
소태동359,1,,광주광역시 동구 소태동 377-1,35.1211687,126.9401863,,한전주,062-608-2894,광주광역시 동구청,2025-12-23
소태동360,1,,광주광역시 동구 소태동 861-13,35.12030236,126.9428464,,한전주,062-608-2894,광주광역시 동구청,2025-12-23
소태동361,1,,광주광역시 동구 소태동 산50,35.12115273,126.9413559,,한전주,062-608-2894,광주광역시 동구청,2025-12-23
소태동362,1,,광주광역시 동구 소태동 96-2,35.12057084,126.9424977,,한전주,062-608-2894,광주광역시 동구청,2025-12-23
소태동363,1,,광주광역시 동구 소태동 산54,35.12065741,126.9425274,,한전주,062-608-2894,광주광역시 동구청,2025-12-23
소태동364,1,,광주광역시 동구 소태동 산63-3,35.12022018,126.9430084,,한전주,062-608-2894,광주광역시 동구청,2025-12-23
소태동365,1,,광주광역시 동구 소태동 94,35.11995316,126.9436743,,한전주,062-608-2894,광주광역시 동구청,2025-12-23
소태동366,1,,광주광역시 동구 소태동 94,35.11993732,126.943634,,한전주,062-608-2894,광주광역시 동구청,2025-12-23
소태동367,1,,광주광역시 동구 소태동 111,35.11962364,126.9442321,,한전주,062-608-2894,광주광역시 동구청,2025-12-23
소태동368,1,,광주광역시 동구 소태동 113,35.11978671,126.9446712,,한전주,062-608-2894,광주광역시 동구청,2025-12-23
소태동369,1,,광주광역시 동구 소태동 115-1,35.11957932,126.9449342,,한전주,062-608-2894,광주광역시 동구청,2025-12-23
소태동370,1,,광주광역시 동구 소태동 115-2,35.11931994,126.9446123,,한전주,062-608-2894,광주광역시 동구청,2025-12-23
소태동371,1,,광주광역시 동구 소태동 854,35.11842894,126.9457701,,한전주,062-608-2894,광주광역시 동구청,2025-12-23
소태동372,1,,광주광역시 동구 소태동 121-1,35.11876678,126.9451599,,한전주,062-608-2894,광주광역시 동구청,2025-12-23
소태동373,1,,광주광역시 동구 소태동 130,35.11817638,126.9452362,,한전주,062-608-2894,광주광역시 동구청,2025-12-23
소태동374,1,,광주광역시 동구 소태동 120-1,35.11856079,126.9454498,,한전주,062-608-2894,광주광역시 동구청,2025-12-23
소태동375,1,,광주광역시 동구 소태동 75,35.11816545,126.9462062,,한전주,062-608-2894,광주광역시 동구청,2025-12-23
소태동376,1,,광주광역시 동구 소태동 75-1,35.11802232,126.9461951,,한전주,062-608-2894,광주광역시 동구청,2025-12-23
소태동377,1,,광주광역시 동구 소태동 77-1,35.11749843,126.9466095,,한전주,062-608-2894,광주광역시 동구청,2025-12-23
소태동378,1,,광주광역시 동구 소태동 80,35.1173429,126.947325,,한전주,062-608-2894,광주광역시 동구청,2025-12-23
소태동379,1,,광주광역시 동구 소태동 산82-2,35.1189414,126.9505277,,한전주,062-608-2894,광주광역시 동구청,2025-12-23
소태동380,1,,광주광역시 동구 소태동 55-1,35.11613305,126.9491101,,한전주,062-608-2894,광주광역시 동구청,2025-12-23
소태동381,1,,광주광역시 동구 소태동 139,35.11548663,126.9494234,,한전주,062-608-2894,광주광역시 동구청,2025-12-23
소태동382,1,,광주광역시 동구 소태동 41,35.11349503,126.9544675,,한전주,062-608-2894,광주광역시 동구청,2025-12-23
소태동383,1,,광주광역시 동구 소태동 37-5,35.11327726,126.9552993,,한전주,062-608-2894,광주광역시 동구청,2025-12-23
소태동384,1,,광주광역시 동구 소태동 463-3,35.12418512,126.9414411,,한전주,062-608-2894,광주광역시 동구청,2025-12-23
소태동385,1,,광주광역시 동구 소태동 470,35.12421417,126.9384613,,한전주,062-608-2894,광주광역시 동구청,2025-12-23
소태동386,1,,광주광역시 동구 소태동 산20-20,35.12337112,126.9378662,,한전주,062-608-2894,광주광역시 동구청,2025-12-23
소태동387,1,,광주광역시 동구 소태동 산20-22,35.12250419,126.9372245,,한전주,062-608-2894,광주광역시 동구청,2025-12-23
소태동388,1,,광주광역시 동구 소태동 산20-22,35.12250419,126.9372245,,한전주,062-608-2894,광주광역시 동구청,2025-12-23
소태동389,1,,광주광역시 동구 소태동 산20-22,35.12250419,126.9372245,,한전주,062-608-2894,광주광역시 동구청,2025-12-23
소태동390,1,,광주광역시 동구 소태동 산20-22,35.12250419,126.9372245,,한전주,062-608-2894,광주광역시 동구청,2025-12-23
소태동391,1,,광주광역시 동구 소태동 산20-14,35.12403027,126.9401979,,한전주,062-608-2894,광주광역시 동구청,2025-12-23
소태동392,1,,광주광역시 동구 소태동 산20-14,35.12403027,126.9401979,,한전주,062-608-2894,광주광역시 동구청,2025-12-23
소태동393,1,,광주광역시 동구 소태동 산20-14,35.12403027,126.9401979,,한전주,062-608-2894,광주광역시 동구청,2025-12-23
소태동394,1,,광주광역시 동구 소태동 50,35.11421972,126.9517665,,한전주,062-608-2894,광주광역시 동구청,2025-12-23
소태동395,1,,광주광역시 동구 소태동 45,35.11365836,126.9533317,,한전주,062-608-2894,광주광역시 동구청,2025-12-23
소태동396,1,,광주광역시 동구 소태동 850,35.11887618,126.9447635,,한전주,062-608-2894,광주광역시 동구청,2025-12-23
소태동397,1,,광주광역시 동구 소태동 674-2,35.1219186,126.9337213,,한전주,062-608-2894,광주광역시 동구청,2025-12-23
소태동398,1,,광주광역시 동구 소태동 673-7,35.12274103,126.9338664,,한전주,062-608-2894,광주광역시 동구청,2025-12-23
소태동399,1,,광주광역시 동구 소태동 722-33,35.13136403,126.9363662,,전용주,062-608-2894,광주광역시 동구청,2025-12-23
소태동400,1,,광주광역시 동구 소태동 727-9,35.13110781,126.9375181,,한전주,062-608-2894,광주광역시 동구청,2025-12-23
수기동001,1,,광주광역시 동구 수기동 3-2,35.1522732,126.9087902,,전용주,062-608-2894,광주광역시 동구청,2025-12-23
수기동002,1,,광주광역시 동구 수기동 4-18,35.15224258,126.9089407,,한전주,062-608-2894,광주광역시 동구청,2025-12-23
수기동003,1,,광주광역시 동구 수기동 4-1,35.15190125,126.9088821,,전용주,062-608-2894,광주광역시 동구청,2025-12-23
수기동004,1,,광주광역시 동구 수기동 7,35.15133908,126.9086609,,전용주,062-608-2894,광주광역시 동구청,2025-12-23
수기동005,1,,광주광역시 동구 수기동 16-3,35.15163604,126.9079727,,전용주,062-608-2894,광주광역시 동구청,2025-12-23
수기동006,1,,광주광역시 동구 수기동 8-7,35.15168762,126.9089786,,전용주,062-608-2894,광주광역시 동구청,2025-12-23
수기동007,1,,광주광역시 동구 수기동 4-5,35.15170885,126.9093704,,전용주,062-608-2894,광주광역시 동구청,2025-12-23
수기동008,1,,광주광역시 동구 수기동 8-1,35.151477,126.9091145,,전용주,062-608-2894,광주광역시 동구청,2025-12-23
수기동009,1,,광주광역시 동구 수기동 120,35.1514915,126.909695,,전용주,062-608-2894,광주광역시 동구청,2025-12-23
수기동010,1,,광주광역시 동구 수기동 5-2,35.15175818,126.9097672,,전용주,062-608-2894,광주광역시 동구청,2025-12-23
수기동011,1,,광주광역시 동구 수기동 95-3,35.15166092,126.9099197,,전용주,062-608-2894,광주광역시 동구청,2025-12-23
수기동012,1,,광주광역시 동구 수기동 42,35.15146255,126.9100342,,전용주,062-608-2894,광주광역시 동구청,2025-12-23
수기동013,1,,광주광역시 동구 수기동 41-1,35.15125275,126.9094238,,전용주,062-608-2894,광주광역시 동구청,2025-12-23
수기동014,1,,광주광역시 동구 수기동 41-3,35.15113449,126.9093851,,전용주,062-608-2894,광주광역시 동구청,2025-12-23
수기동015,1,,광주광역시 동구 수기동 6-5,35.15121078,126.9090424,,전용주,062-608-2894,광주광역시 동구청,2025-12-23
수기동016,1,,광주광역시 동구 수기동 22,35.15086746,126.9093909,,전용주,062-608-2894,광주광역시 동구청,2025-12-23
수기동017,1,,광주광역시 동구 수기동 41-5,35.15116882,126.9095437,,전용주,062-608-2894,광주광역시 동구청,2025-12-23
수기동018,1,,광주광역시 동구 수기동 21-9,35.15085971,126.9097887,,전용주,062-608-2894,광주광역시 동구청,2025-12-23
수기동019,1,,광주광역시 동구 수기동 44-17,35.15082932,126.910202,,전용주,062-608-2894,광주광역시 동구청,2025-12-23
수기동020,1,,광주광역시 동구 수기동 44,35.15099687,126.9103699,,전용주,062-608-2894,광주광역시 동구청,2025-12-23
수기동021,1,,광주광역시 동구 수기동 44-17,35.15088738,126.9102651,,전용주,062-608-2894,광주광역시 동구청,2025-12-23
수기동022,1,,광주광역시 동구 수기동 44-9,35.15093231,126.9104385,,건축물,062-608-2894,광주광역시 동구청,2025-12-23
수기동023,1,,광주광역시 동구 수기동 44-1,35.15064621,126.9105713,,전용주,062-608-2894,광주광역시 동구청,2025-12-23
수기동024,1,,광주광역시 동구 수기동 28,35.1502484,126.9106903,,전용주,062-608-2894,광주광역시 동구청,2025-12-23
수기동025,1,,광주광역시 동구 수기동 45-1,35.15058899,126.9109344,,건축물,062-608-2894,광주광역시 동구청,2025-12-23
수기동026,1,,광주광역시 동구 수기동 50,35.15021133,126.9110724,,전용주,062-608-2894,광주광역시 동구청,2025-12-23
수기동027,1,,광주광역시 동구 수기동 51-2,35.15017402,126.9112096,,전용주,062-608-2894,광주광역시 동구청,2025-12-23
수기동028,1,,광주광역시 동구 수기동 52-3,35.14985657,126.9114606,,전용주,062-608-2894,광주광역시 동구청,2025-12-23
수기동029,1,,광주광역시 동구 수기동 54,35.15007681,126.9114815,,전용주,062-608-2894,광주광역시 동구청,2025-12-23
수기동030,1,,광주광역시 동구 수기동 55,35.14987564,126.9116821,,전용주,062-608-2894,광주광역시 동구청,2025-12-23
수기동031,1,,광주광역시 동구 수기동 57-1,35.14956704,126.9118805,,건축물,062-608-2894,광주광역시 동구청,2025-12-23
수기동035,1,,광주광역시 동구 수기동 90-2,35.14925385,126.9111539,,전용주,062-608-2894,광주광역시 동구청,2025-12-23
수기동036,1,,광주광역시 동구 수기동 90-1,35.14936066,126.9110054,,전용주,062-608-2894,광주광역시 동구청,2025-12-23
수기동037,1,,광주광역시 동구 수기동 86-1,35.14948992,126.9110144,,전용주,062-608-2894,광주광역시 동구청,2025-12-23
수기동038,1,,광주광역시 동구 수기동 79,35.14977646,126.9106901,,전용주,062-608-2894,광주광역시 동구청,2025-12-23
수기동039,1,,광주광역시 동구 수기동 81-3,35.14952469,126.9104004,,전용주,062-608-2894,광주광역시 동구청,2025-12-23
수기동040,1,,광주광역시 동구 수기동 97-1,35.14931944,126.910724,,전용주,062-608-2894,광주광역시 동구청,2025-12-23
수기동041,1,,광주광역시 동구 수기동 95-1,35.14915979,126.9108272,,전용주,062-608-2894,광주광역시 동구청,2025-12-23
용산동001,1,,광주광역시 동구 용산동 636,35.12149597,126.931342,,전용주,062-608-2894,광주광역시 동구청,2025-12-23
용산동002,1,,광주광역시 동구 용산동 297-11,35.12647109,126.9303485,,전용주,062-608-2894,광주광역시 동구청,2025-12-23
용산동003,1,,광주광역시 동구 용산동 297-11,35.12647109,126.9303485,,전용주,062-608-2894,광주광역시 동구청,2025-12-23
용산동004,1,,광주광역시 동구 용산동 636-93,35.12170226,126.9323713,,한전주,062-608-2894,광주광역시 동구청,2025-12-23
용산동005,1,,광주광역시 동구 용산동 636-95,35.12158203,126.9320374,,전용주,062-608-2894,광주광역시 동구청,2025-12-23
용산동006,1,,광주광역시 동구 용산동 636-27,35.12190628,126.9319739,,한전주,062-608-2894,광주광역시 동구청,2025-12-23
용산동007,1,,광주광역시 동구 용산동 636-9,35.12176132,126.9318652,,전용주,062-608-2894,광주광역시 동구청,2025-12-23
용산동008,1,,광주광역시 동구 용산동 636-7,35.12207413,126.9316314,,전용주,062-608-2894,광주광역시 동구청,2025-12-23
용산동009,1,,광주광역시 동구 용산동 273,35.12138053,126.932724,,한전주,062-608-2894,광주광역시 동구청,2025-12-23
용산동010,1,,광주광역시 동구 용산동 636-16,35.12122845,126.9322765,,한전주,062-608-2894,광주광역시 동구청,2025-12-23
용산동011,1,,광주광역시 동구 용산동 269-1,35.12048189,126.9328418,,전용주,062-608-2894,광주광역시 동구청,2025-12-23
용산동012,1,,광주광역시 동구 용산동 636-208,35.12006961,126.9324978,,한전주,062-608-2894,광주광역시 동구청,2025-12-23
용산동013,1,,광주광역시 동구 용산동 269-1,35.12042999,126.9328418,,한전주,062-608-2894,광주광역시 동구청,2025-12-23
용산동014,1,,광주광역시 동구 용산동 636-277,35.1207675,126.9325479,,한전주,062-608-2894,광주광역시 동구청,2025-12-23
용산동015,1,,광주광역시 동구 용산동 636-137,35.12099457,126.9321483,,한전주,062-608-2894,광주광역시 동구청,2025-12-23
용산동016,1,,광주광역시 동구 용산동 636-20,35.12021229,126.9325127,,한전주,062-608-2894,광주광역시 동구청,2025-12-23
용산동017,1,,광주광역시 동구 용산동 636-49,35.11971835,126.932251,,한전주,062-608-2894,광주광역시 동구청,2025-12-23
용산동018,1,,광주광역시 동구 용산동 636-197,35.12005234,126.9322891,,한전주,062-608-2894,광주광역시 동구청,2025-12-23
용산동019,1,,광주광역시 동구 용산동 636-17,35.12110123,126.9320587,,한전주,062-608-2894,광주광역시 동구청,2025-12-23
용산동020,1,,광주광역시 동구 용산동 636-31,35.11934913,126.932815,,한전주,062-608-2894,광주광역시 동구청,2025-12-23
용산동021,1,,광주광역시 동구 용산동 636-38,35.11980438,126.9327766,,한전주,062-608-2894,광주광역시 동구청,2025-12-23
용산동022,1,,광주광역시 동구 용산동 264-11,35.11975059,126.9333572,,전용주,062-608-2894,광주광역시 동구청,2025-12-23
용산동023,1,,광주광역시 동구 용산동 300-1,35.12531738,126.9284749,,한전주,062-608-2894,광주광역시 동구청,2025-12-23
용산동024,1,,광주광역시 동구 용산동 243-34,35.12118149,126.9310893,,전용주,062-608-2894,광주광역시 동구청,2025-12-23
용산동025,1,,광주광역시 동구 용산동 243-59,35.12109375,126.9309488,,한전주,062-608-2894,광주광역시 동구청,2025-12-23
용산동026,1,,광주광역시 동구 용산동 243-37,35.12097931,126.9309006,,한전주,062-608-2894,광주광역시 동구청,2025-12-23
용산동027,1,,광주광역시 동구 용산동 243-20,35.12068991,126.9312515,,한전주,062-608-2894,광주광역시 동구청,2025-12-23
용산동028,1,,광주광역시 동구 용산동 243-18,35.12068939,126.9310379,,한전주,062-608-2894,광주광역시 동구청,2025-12-23
용산동029,1,,광주광역시 동구 용산동 243-17,35.1205368,126.9307632,,한전주,062-608-2894,광주광역시 동구청,2025-12-23
용산동030,1,,광주광역시 동구 용산동 산39-9,35.12041855,126.9303565,,한전주,062-608-2894,광주광역시 동구청,2025-12-23
용산동031,1,,광주광역시 동구 용산동 243-26,35.12039566,126.9312913,,한전주,062-608-2894,광주광역시 동구청,2025-12-23
용산동032,1,,광주광역시 동구 용산동 243-25,35.12040029,126.9312766,,한전주,062-608-2894,광주광역시 동구청,2025-12-23
용산동033,1,,광주광역시 동구 용산동 243-13,35.12025015,126.9308395,,한전주,062-608-2894,광주광역시 동구청,2025-12-23
용산동034,1,,광주광역시 동구 용산동 243-8,35.12010193,126.9305344,,건축물,062-608-2894,광주광역시 동구청,2025-12-23
용산동035,1,,광주광역시 동구 용산동 243-7,35.11989113,126.9304315,,한전주,062-608-2894,광주광역시 동구청,2025-12-23
용산동036,1,,광주광역시 동구 용산동 258-1,35.12023163,126.9314728,,한전주,062-608-2894,광주광역시 동구청,2025-12-23
용산동037,1,,광주광역시 동구 용산동 649,35.11979289,126.9310556,,한전주,062-608-2894,광주광역시 동구청,2025-12-23
용산동038,1,,광주광역시 동구 용산동 649-2,35.11982554,126.9311905,,전용주,062-608-2894,광주광역시 동구청,2025-12-23
용산동039,1,,광주광역시 동구 용산동 259-1,35.12011569,126.9315338,,한전주,062-608-2894,광주광역시 동구청,2025-12-23
용산동040,1,,광주광역시 동구 용산동 259-8,35.11994171,126.9315643,,한전주,062-608-2894,광주광역시 동구청,2025-12-23
용산동041,1,,광주광역시 동구 용산동 227-3,35.11930318,126.9309616,,한전주,062-608-2894,광주광역시 동구청,2025-12-23
용산동042,1,,광주광역시 동구 용산동 255-1,35.11964035,126.9309464,,전용주,062-608-2894,광주광역시 동구청,2025-12-23
용산동043,1,,광주광역시 동구 용산동 648-8,35.11955562,126.9301589,,한전주,062-608-2894,광주광역시 동구청,2025-12-23
용산동044,1,,광주광역시 동구 용산동 215,35.11917877,126.9302462,,한전주,062-608-2894,광주광역시 동구청,2025-12-23
용산동045,1,,광주광역시 동구 용산동 222,35.11954117,126.9301879,,한전주,062-608-2894,광주광역시 동구청,2025-12-23
용산동046,1,,광주광역시 동구 용산동 215-3,35.11911774,126.9304581,,전용주,062-608-2894,광주광역시 동구청,2025-12-23
용산동047,1,,광주광역시 동구 용산동 226,35.11908285,126.9307581,,한전주,062-608-2894,광주광역시 동구청,2025-12-23
용산동048,1,,광주광역시 동구 용산동 197,35.11864853,126.9304814,,한전주,062-608-2894,광주광역시 동구청,2025-12-23
용산동049,1,,광주광역시 동구 용산동 193,35.11851501,126.9301985,,한전주,062-608-2894,광주광역시 동구청,2025-12-23
용산동050,1,,광주광역시 동구 용산동 199,35.1187028,126.9301071,,한전주,062-608-2894,광주광역시 동구청,2025-12-23
용산동051,1,,광주광역시 동구 용산동 211,35.11885452,126.9297781,,한전주,062-608-2894,광주광역시 동구청,2025-12-23
용산동052,1,,광주광역시 동구 용산동 196,35.11852361,126.9304776,,한전주,062-608-2894,광주광역시 동구청,2025-12-23
용산동053,1,,광주광역시 동구 용산동 194,35.11845186,126.9303131,,전용주,062-608-2894,광주광역시 동구청,2025-12-23
용산동054,1,,광주광역시 동구 용산동 183-2,35.11873083,126.9296799,,한전주,062-608-2894,광주광역시 동구청,2025-12-23
용산동055,1,,광주광역시 동구 용산동 400,35.11633605,126.9221205,,한전주,062-608-2894,광주광역시 동구청,2025-12-23
용산동056,1,,광주광역시 동구 용산동 401-2,35.11600806,126.9217767,,한전주,062-608-2894,광주광역시 동구청,2025-12-23
용산동057,1,,광주광역시 동구 용산동 405-1,35.11565388,126.921669,,한전주,062-608-2894,광주광역시 동구청,2025-12-23
용산동058,1,,광주광역시 동구 용산동 457,35.11531907,126.9212027,,한전주,062-608-2894,광주광역시 동구청,2025-12-23
용산동059,1,,광주광역시 동구 용산동 457,35.11531907,126.9212027,,한전주,062-608-2894,광주광역시 동구청,2025-12-23
용산동060,1,,광주광역시 동구 용산동 404,35.11550689,126.9218482,,한전주,062-608-2894,광주광역시 동구청,2025-12-23
용산동061,1,,광주광역시 동구 용산동 458,35.11524773,126.9215459,,한전주,062-608-2894,광주광역시 동구청,2025-12-23
용산동062,1,,광주광역시 동구 용산동 459,35.1149025,126.9216385,,한전주,062-608-2894,광주광역시 동구청,2025-12-23
용산동063,1,,광주광역시 동구 용산동 461-1,35.11474228,126.9214401,,한전주,062-608-2894,광주광역시 동구청,2025-12-23
용산동064,1,,광주광역시 동구 용산동 472,35.11504364,126.9219537,,전용주,062-608-2894,광주광역시 동구청,2025-12-23
용산동065,1,,광주광역시 동구 용산동 463-1,35.11463928,126.9217758,,한전주,062-608-2894,광주광역시 동구청,2025-12-23
용산동066,1,,광주광역시 동구 용산동 467,35.11414924,126.9219666,,한전주,062-608-2894,광주광역시 동구청,2025-12-23
용산동067,1,,광주광역시 동구 용산동 482-1,35.11425691,126.922142,,한전주,062-608-2894,광주광역시 동구청,2025-12-23
용산동068,1,,광주광역시 동구 용산동 466,35.11411414,126.9216422,,한전주,062-608-2894,광주광역시 동구청,2025-12-23
용산동069,1,,광주광역시 동구 용산동 482,35.11381912,126.922333,,한전주,062-608-2894,광주광역시 동구청,2025-12-23
용산동070,1,,광주광역시 동구 용산동 649-14,35.11351495,126.9222641,,한전주,062-608-2894,광주광역시 동구청,2025-12-23
용산동071,1,,광주광역시 동구 용산동 649-14,35.11351495,126.9222615,,한전주,062-608-2894,광주광역시 동구청,2025-12-23
용산동072,1,,광주광역시 동구 용산동 337-2,35.11702347,126.9292283,,한전주,062-608-2894,광주광역시 동구청,2025-12-23
용산동073,1,,광주광역시 동구 용산동 650,35.11788818,126.931585,,한전주,062-608-2894,광주광역시 동구청,2025-12-23
용산동074,1,,광주광역시 동구 용산동 175-1,35.11876782,126.9316526,,한전주,062-608-2894,광주광역시 동구청,2025-12-23
용산동075,1,,광주광역시 동구 용산동 649-6,35.11876782,126.9316635,,한전주,062-608-2894,광주광역시 동구청,2025-12-23
용산동076,1,,광주광역시 동구 용산동 174-3,35.11770518,126.9321004,,한전주,062-608-2894,광주광역시 동구청,2025-12-23
용산동077,1,,광주광역시 동구 용산동 262-4,35.1194888,126.931653,,한전주,062-608-2894,광주광역시 동구청,2025-12-23
용산동078,1,,광주광역시 동구 용산동 263,35.11939621,126.9318771,,한전주,062-608-2894,광주광역시 동구청,2025-12-23
용산동079,1,,광주광역시 동구 용산동 178,35.11901093,126.9318691,,한전주,062-608-2894,광주광역시 동구청,2025-12-23
용산동080,1,,광주광역시 동구 용산동 180,35.11874008,126.9316526,,한전주,062-608-2894,광주광역시 동구청,2025-12-23
용산동081,1,,광주광역시 동구 용산동 636-139,35.11793654,126.9328725,,한전주,062-608-2894,광주광역시 동구청,2025-12-23
용산동082,1,,광주광역시 동구 용산동 636-139,35.11793654,126.9328725,,한전주,062-608-2894,광주광역시 동구청,2025-12-23
용산동083,1,,광주광역시 동구 용산동 636-139,35.11793654,126.9328725,,한전주,062-608-2894,광주광역시 동구청,2025-12-23
용산동084,1,,광주광역시 동구 용산동 177,35.1185777,126.9322563,,한전주,062-608-2894,광주광역시 동구청,2025-12-23
용산동085,1,,광주광역시 동구 용산동 173,35.11760712,126.9327001,,한전주,062-608-2894,광주광역시 동구청,2025-12-23
용산동086,1,,광주광역시 동구 용산동 636-172,35.11711534,126.9334709,,한전주,062-608-2894,광주광역시 동구청,2025-12-23
용산동087,1,,광주광역시 동구 용산동 636-172,35.11718369,126.9334564,,한전주,062-608-2894,광주광역시 동구청,2025-12-23
용산동088,1,,광주광역시 동구 용산동 636-172,35.11711534,126.9334709,,한전주,062-608-2894,광주광역시 동구청,2025-12-23
용산동089,1,,광주광역시 동구 용산동 151,35.11742362,126.9327844,,한전주,062-608-2894,광주광역시 동구청,2025-12-23
용산동090,1,,광주광역시 동구 용산동 651,35.11200822,126.9325452,,한전주,062-608-2894,광주광역시 동구청,2025-12-23
용산동091,1,,광주광역시 동구 용산동 101,35.11206437,126.932824,,한전주,062-608-2894,광주광역시 동구청,2025-12-23
용산동092,1,,광주광역시 동구 용산동 101,35.11206437,126.932824,,한전주,062-608-2894,광주광역시 동구청,2025-12-23
용산동093,1,,광주광역시 동구 용산동 91,35.1118307,126.9323252,,한전주,062-608-2894,광주광역시 동구청,2025-12-23
용산동094,1,,광주광역시 동구 용산동 산300-1,35.11122772,126.9323808,,한전주,062-608-2894,광주광역시 동구청,2025-12-23
용산동095,1,,광주광역시 동구 용산동 90-1,35.11131027,126.9314681,,한전주,062-608-2894,광주광역시 동구청,2025-12-23
용산동096,1,,광주광역시 동구 용산동 75-1,35.11092386,126.9338829,,한전주,062-608-2894,광주광역시 동구청,2025-12-23
용산동097,1,,광주광역시 동구 용산동 75-1,35.11092386,126.9338829,,한전주,062-608-2894,광주광역시 동구청,2025-12-23
용산동098,1,,광주광역시 동구 용산동 73-1,35.11037445,126.933960,,한전주,062-608-2894,광주광역시 동구청,2025-12-23
용산동099,1,,광주광역시 동구 용산동 73-1,35.1103443,126.9339371,,한전주,062-608-2894,광주광역시 동구청,2025-12-23
용산동100,1,,광주광역시 동구 용산동 55-1,35.10974926,126.9338797,,한전주,062-608-2894,광주광역시 동구청,2025-12-23
용산동101,1,,광주광역시 동구 용산동 58-1,35.10920715,126.933758,,한전주,062-608-2894,광주광역시 동구청,2025-12-23
용산동102,1,,광주광역시 동구 용산동 58-2,35.10900492,126.933776,,한전주,062-608-2894,광주광역시 동구청,2025-12-23
용산동103,1,,광주광역시 동구 용산동 60-1,35.10853958,126.933612,,한전주,062-608-2894,광주광역시 동구청,2025-12-23
용산동104,1,,광주광역시 동구 용산동 61-2,35.10816956,126.9337617,,한전주,062-608-2894,광주광역시 동구청,2025-12-23
용산동105,1,,광주광역시 동구 용산동 41-1,35.10804405,126.9337997,,한전주,062-608-2894,광주광역시 동구청,2025-12-23
용산동106,1,,광주광역시 동구 용산동 59-1,35.10893856,126.9336805,,전용주,062-608-2894,광주광역시 동구청,2025-12-23
용산동112,1,,광주광역시 동구 용산동 475,35.11525958,126.9220136,,건축물,062-608-2894,광주광역시 동구청,2025-12-23
용연동001,1,,광주광역시 동구 용연동 422-1,35.09433426,126.9626324,,한전주,062-608-2894,광주광역시 동구청,2025-12-23
용연동002,1,,광주광역시 동구 용연동 420,35.09382642,126.9626694,,한전주,062-608-2894,광주광역시 동구청,2025-12-23
용연동003,1,,광주광역시 동구 용연동 259,35.09297837,126.9628572,,한전주,062-608-2894,광주광역시 동구청,2025-12-23
용연동004,1,,광주광역시 동구 용연동 267,35.09336654,126.9634778,,한전주,062-608-2894,광주광역시 동구청,2025-12-23
용연동005,1,,광주광역시 동구 용연동 262,35.0929818,126.9633484,,한전주,062-608-2894,광주광역시 동구청,2025-12-23
용연동006,1,,광주광역시 동구 용연동 249,35.09314346,126.9638011,,한전주,062-608-2894,광주광역시 동구청,2025-12-23
용연동007,1,,광주광역시 동구 용연동 267,35.09336654,126.9634778,,한전주,062-608-2894,광주광역시 동구청,2025-12-23
용연동008,1,,광주광역시 동구 용연동 242-1,35.09331894,126.9638933,,한전주,062-608-2894,광주광역시 동구청,2025-12-23
용연동009,1,,광주광역시 동구 용연동 278-7,35.09445572,126.9630966,,한전주,062-608-2894,광주광역시 동구청,2025-12-23
용연동010,1,,광주광역시 동구 용연동 645,35.09605781,126.9635072,,한전주,062-608-2894,광주광역시 동구청,2025-12-23
운림동004,1,,광주광역시 동구 운림동 589-1,35.13433216,126.9417032,,한전주,062-608-2894,광주광역시 동구청,2025-12-23
운림동005,1,,광주광역시 동구 운림동 565-4,35.13558689,126.9417884,,한전주,062-608-2894,광주광역시 동구청,2025-12-23
운림동006,1,,광주광역시 동구 운림동 565-8,35.13613129,126.9427032,,한전주,062-608-2894,광주광역시 동구청,2025-12-23
운림동007,1,,광주광역시 동구 운림동 562,35.13627036,126.9426511,,한전주,062-608-2894,광주광역시 동구청,2025-12-23
운림동008,1,,광주광역시 동구 운림동 560-1,35.13689402,126.9432409,,한전주,062-608-2894,광주광역시 동구청,2025-12-23
운림동009,1,,광주광역시 동구 운림동 570-1,35.13532109,126.9433286,,한전주,062-608-2894,광주광역시 동구청,2025-12-23
운림동010,1,,광주광역시 동구 운림동 558-2,35.13573516,126.943684,,한전주,062-608-2894,광주광역시 동구청,2025-12-23
운림동011,1,,광주광역시 동구 운림동 563,35.13648341,126.9431563,,한전주,062-608-2894,광주광역시 동구청,2025-12-23
운림동012,1,,광주광역시 동구 운림동 573-9,35.13462014,126.9432831,,한전주,062-608-2894,광주광역시 동구청,2025-12-23
운림동013,1,,광주광역시 동구 운림동 575-3,35.13464344,126.9441421,,한전주,062-608-2894,광주광역시 동구청,2025-12-23
운림동014,1,,광주광역시 동구 운림동 583,35.1344626,126.9438409,,한전주,062-608-2894,광주광역시 동구청,2025-12-23
운림동015,1,,광주광역시 동구 운림동 588-1,35.13323178,126.9418973,,한전주,062-608-2894,광주광역시 동구청,2025-12-23
운림동016,1,,광주광역시 동구 운림동 583,35.1344626,126.9438409,,한전주,062-608-2894,광주광역시 동구청,2025-12-23
운림동017,1,,광주광역시 동구 운림동 583,35.1344626,126.9438409,,한전주,062-608-2894,광주광역시 동구청,2025-12-23
운림동018,1,,광주광역시 동구 운림동 654,35.13332934,126.944273,,한전주,062-608-2894,광주광역시 동구청,2025-12-23
운림동019,1,,광주광역시 동구 운림동 655-1,35.13332934,126.944273,,한전주,062-608-2894,광주광역시 동구청,2025-12-23
운림동020,1,,광주광역시 동구 운림동 588-1,35.13323178,126.9418973,,한전주,062-608-2894,광주광역시 동구청,2025-12-23
운림동021,1,,광주광역시 동구 운림동 650,35.13323178,126.941864,,한전주,062-608-2894,광주광역시 동구청,2025-12-23
운림동022,1,,광주광역시 동구 운림동 588-5,35.13400269,126.9418914,,건축물,062-608-2894,광주광역시 동구청,2025-12-23
운림동023,1,,광주광역시 동구 운림동 619,35.1333571,126.9404779,,한전주,062-608-2894,광주광역시 동구청,2025-12-23
운림동024,1,,광주광역시 동구 운림동 619,35.1333571,126.9404779,,한전주,062-608-2894,광주광역시 동구청,2025-12-23
운림동025,1,,광주광역시 동구 운림동 619,35.1333571,126.9404779,,한전주,062-608-2894,광주광역시 동구청,2025-12-23
운림동026,1,,광주광역시 동구 운림동 619,35.1333571,126.9404779,,한전주,062-608-2894,광주광역시 동구청,2025-12-23
운림동027,1,,광주광역시 동구 운림동 626-1,35.13274768,126.9406586,,한전주,062-608-2894,광주광역시 동구청,2025-12-23
운림동028,1,,광주광역시 동구 운림동 610-2,35.13426453,126.9390488,,한전주,062-608-2894,광주광역시 동구청,2025-12-23
운림동029,1,,광주광역시 동구 운림동 868-1,35.13288717,126.9368515,,한전주,062-608-2894,광주광역시 동구청,2025-12-23
운림동031,1,,광주광역시 동구 운림동 669-8,35.13237859,126.9439035,,한전주,062-608-2894,광주광역시 동구청,2025-12-23
운림동032,1,,광주광역시 동구 운림동 680,35.13265991,126.943985,,한전주,062-608-2894,광주광역시 동구청,2025-12-23
운림동033,1,,광주광역시 동구 운림동 681,35.13262289,126.9445572,,한전주,062-608-2894,광주광역시 동구청,2025-12-23
운림동034,1,,광주광역시 동구 운림동 689,35.1324958,126.9453632,,한전주,062-608-2894,광주광역시 동구청,2025-12-23
운림동035,1,,광주광역시 동구 운림동 475-4,35.13277682,126.9456996,,전용주,062-608-2894,광주광역시 동구청,2025-12-23
운림동036,1,,광주광역시 동구 운림동 482,35.13327096,126.9471528,,한전주,062-608-2894,광주광역시 동구청,2025-12-23
운림동037,1,,광주광역시 동구 운림동 482,35.13327096,126.9471528,,전용주,062-608-2894,광주광역시 동구청,2025-12-23
운림동038,1,,광주광역시 동구 운림동 482,35.13327096,126.9471528,,한전주,062-608-2894,광주광역시 동구청,2025-12-23
운림동039,1,,광주광역시 동구 운림동 490,35.13402373,126.9482955,,한전주,062-608-2894,광주광역시 동구청,2025-12-23
운림동040,1,,광주광역시 동구 운림동 600-4,35.13438288,126.9427425,,한전주,062-608-2894,광주광역시 동구청,2025-12-23
운림동041,1,,광주광역시 동구 운림동 674,35.13353731,126.9439346,,한전주,062-608-2894,광주광역시 동구청,2025-12-23
운림동042,1,,광주광역시 동구 운림동 674,35.13353731,126.9439346,,한전주,062-608-2894,광주광역시 동구청,2025-12-23
운림동043,1,,광주광역시 동구 운림동 675,35.13353948,126.9447429,,한전주,062-608-2894,광주광역시 동구청,2025-12-23
운림동044,1,,광주광역시 동구 운림동 675,35.13353948,126.9447429,,한전주,062-608-2894,광주광역시 동구청,2025-12-23
운림동045,1,,광주광역시 동구 운림동 675,35.13353948,126.9447429,,한전주,062-608-2894,광주광역시 동구청,2025-12-23
운림동046,1,,광주광역시 동구 운림동 581,35.13385672,126.9448152,,한전주,062-608-2894,광주광역시 동구청,2025-12-23
운림동047,1,,광주광역시 동구 운림동 580,35.1343386,126.9448825,,한전주,062-608-2894,광주광역시 동구청,2025-12-23
운림동048,1,,광주광역시 동구 운림동 580-4,35.13450518,126.9451012,,한전주,062-608-2894,광주광역시 동구청,2025-12-23
운림동049,1,,광주광역시 동구 운림동 산5-1,35.1343386,126.9448825,,한전주,062-608-2894,광주광역시 동구청,2025-12-23
운림동050,1,,광주광역시 동구 운림동 838-20,35.13108826,126.9425354,,한전주,062-608-2894,광주광역시 동구청,2025-12-23
운림동051,1,,광주광역시 동구 운림동 838-20,35.13104593,126.9425653,,한전주,062-608-2894,광주광역시 동구청,2025-12-23
운림동052,1,,광주광역시 동구 운림동 산272-1,35.12992956,126.9489486,,한전주,062-608-2894,광주광역시 동구청,2025-12-23
운림동053,1,,광주광역시 동구 운림동 661-1,35.13190079,126.943726,,한전주,062-608-2894,광주광역시 동구청,2025-12-23
운림동054,1,,광주광역시 동구 운림동 666-1,35.13175964,126.944242,,한전주,062-608-2894,광주광역시 동구청,2025-12-23
운림동055,1,,광주광역시 동구 운림동 666-3,35.13161429,126.944229,,한전주,062-608-2894,광주광역시 동구청,2025-12-23
운림동056,1,,광주광역시 동구 운림동 666-7,35.13132551,126.9442541,,한전주,062-608-2894,광주광역시 동구청,2025-12-23
운림동057,1,,광주광역시 동구 운림동 666-11,35.13110501,126.9443904,,한전주,062-608-2894,광주광역시 동구청,2025-12-23
운림동058,1,,광주광역시 동구 운림동 667-5,35.1314621,126.944746,,한전주,062-608-2894,광주광역시 동구청,2025-12-23
운림동059,1,,광주광역시 동구 운림동 667-1,35.13174541,126.9447452,,한전주,062-608-2894,광주광역시 동구청,2025-12-23
운림동060,1,,광주광역시 동구 운림동 661-7,35.1319046,126.9446538,,한전주,062-608-2894,광주광역시 동구청,2025-12-23
운림동061,1,,광주광역시 동구 운림동 661-9,35.13192368,126.9449939,,한전주,062-608-2894,광주광역시 동구청,2025-12-23
운림동062,1,,광주광역시 동구 운림동 668-3,35.13156891,126.9452293,,한전주,062-608-2894,광주광역시 동구청,2025-12-23
운림동063,1,,광주광역시 동구 운림동 668-4,35.13131714,126.9452554,,한전주,062-608-2894,광주광역시 동구청,2025-12-23
운림동064,1,,광주광역시 동구 운림동 467-4,35.13125992,126.9460678,,한전주,062-608-2894,광주광역시 동구청,2025-12-23
운림동065,1,,광주광역시 동구 운림동 465-1,35.13132279,126.9465301,,한전주,062-608-2894,광주광역시 동구청,2025-12-23
운림동066,1,,광주광역시 동구 운림동 464,35.1312138,126.9472028,,한전주,062-608-2894,광주광역시 동구청,2025-12-23
운림동067,1,,광주광역시 동구 운림동 461,35.13071639,126.9472635,,한전주,062-608-2894,광주광역시 동구청,2025-12-23
운림동068,1,,광주광역시 동구 운림동 458-1,35.13053704,126.9476287,,한전주,062-608-2894,광주광역시 동구청,2025-12-23
운림동069,1,,광주광역시 동구 운림동 458-11,35.13045883,126.9478886,,한전주,062-608-2894,광주광역시 동구청,2025-12-23
운림동070,1,,광주광역시 동구 운림동 458-7,35.13026431,126.9484024,,한전주,062-608-2894,광주광역시 동구청,2025-12-23
운림동071,1,,광주광역시 동구 운림동 458-8,35.13018499,126.9486542,,한전주,062-608-2894,광주광역시 동구청,2025-12-23
운림동072,1,,광주광역시 동구 운림동 458-9,35.13011169,126.9488318,,한전주,062-608-2894,광주광역시 동구청,2025-12-23
운림동073,1,,광주광역시 동구 운림동 458-12,35.12989351,126.949311,,한전주,062-608-2894,광주광역시 동구청,2025-12-23
운림동074,1,,광주광역시 동구 운림동 448-1,35.13002777,126.9493595,,한전주,062-608-2894,광주광역시 동구청,2025-12-23
운림동075,1,,광주광역시 동구 운림동 449-4,35.13027191,126.949228,,한전주,062-608-2894,광주광역시 동구청,2025-12-23
운림동076,1,,광주광역시 동구 운림동 838-9,35.13047028,126.9493104,,한전주,062-608-2894,광주광역시 동구청,2025-12-23
운림동077,1,,광주광역시 동구 운림동 838-7,35.13066101,126.9491119,,한전주,062-608-2894,광주광역시 동구청,2025-12-23
운림동078,1,,광주광역시 동구 운림동 838-5,35.13080225,126.9489746,,한전주,062-608-2894,광주광역시 동구청,2025-12-23
운림동079,1,,광주광역시 동구 운림동 443,35.1309433,126.9488678,,한전주,062-608-2894,광주광역시 동구청,2025-12-23
운림동080,1,,광주광역시 동구 운림동 853,35.13156581,126.9483455,,한전주,062-608-2894,광주광역시 동구청,2025-12-23
운림동081,1,,광주광역시 동구 운림동 440,35.13142753,126.9480749,,한전주,062-608-2894,광주광역시 동구청,2025-12-23
운림동082,1,,광주광역시 동구 운림동 440-1,35.13122177,126.9480972,,한전주,062-608-2894,광주광역시 동구청,2025-12-23
운림동083,1,,광주광역시 동구 운림동 438,35.13153839,126.9482574,,한전주,062-608-2894,광주광역시 동구청,2025-12-23
운림동084,1,,광주광역시 동구 운림동 439,35.13122559,126.9478302,,한전주,062-608-2894,광주광역시 동구청,2025-12-23
운림동085,1,,광주광역시 동구 운림동 439,35.13126755,126.9474945,,한전주,062-608-2894,광주광역시 동구청,2025-12-23
운림동086,1,,광주광역시 동구 운림동 439-2,35.13147736,126.9473355,,전용주,062-608-2894,광주광역시 동구청,2025-12-23
운림동087,1,,광주광역시 동구 운림동 439-2,35.13143238,126.9473355,,전용주,062-608-2894,광주광역시 동구청,2025-12-23
운림동088,1,,광주광역시 동구 운림동 469-2,35.13175541,126.9466831,,한전주,062-608-2894,광주광역시 동구청,2025-12-23
운림동089,1,,광주광역시 동구 운림동 703,35.12978363,126.949323,,한전주,062-608-2894,광주광역시 동구청,2025-12-23
운림동090,1,,광주광역시 동구 운림동 706,35.12953292,126.9497789,,한전주,062-608-2894,광주광역시 동구청,2025-12-23
운림동091,1,,광주광역시 동구 운림동 706-2,35.12940409,126.9502218,,한전주,062-608-2894,광주광역시 동구청,2025-12-23
운림동092,1,,광주광역시 동구 운림동 710-1,35.12914078,126.9508494,,한전주,062-608-2894,광주광역시 동구청,2025-12-23
운림동093,1,,광주광역시 동구 운림동 710,35.12890827,126.9508775,,한전주,062-608-2894,광주광역시 동구청,2025-12-23
운림동094,1,,광주광역시 동구 운림동 712,35.12903014,126.9515381,,한전주,062-608-2894,광주광역시 동구청,2025-12-23
운림동095,1,,광주광역시 동구 운림동 712,35.12903014,126.9515043,,한전주,062-608-2894,광주광역시 동구청,2025-12-23
운림동096,1,,광주광역시 동구 운림동 714-3,35.1289811,126.951944,,전용주,062-608-2894,광주광역시 동구청,2025-12-23
운림동097,1,,광주광역시 동구 운림동 838-30,35.12864057,126.9528749,,한전주,062-608-2894,광주광역시 동구청,2025-12-23
운림동098,1,,광주광역시 동구 운림동 산268,35.12831346,126.9519506,,한전주,062-608-2894,광주광역시 동구청,2025-12-23
운림동099,1,,광주광역시 동구 운림동 산267,35.12746229,126.9516107,,한전주,062-608-2894,광주광역시 동구청,2025-12-23
운림동100,1,,광주광역시 동구 운림동 713-2,35.12868271,126.9517093,,한전주,062-608-2894,광주광역시 동구청,2025-12-23
운림동101,1,,광주광역시 동구 운림동 산269,35.12828918,126.951001,,한전주,062-608-2894,광주광역시 동구청,2025-12-23
운림동102,1,,광주광역시 동구 운림동 산269,35.12828918,126.9510651,,한전주,062-608-2894,광주광역시 동구청,2025-12-23
운림동103,1,,광주광역시 동구 운림동 720,35.12857729,126.9526687,,한전주,062-608-2894,광주광역시 동구청,2025-12-23
운림동104,1,,광주광역시 동구 운림동 721-1,35.12852665,126.9524308,,한전주,062-608-2894,광주광역시 동구청,2025-12-23
운림동105,1,,광주광역시 동구 운림동 721-2,35.1279782,126.9529392,,한전주,062-608-2894,광주광역시 동구청,2025-12-23
운림동106,1,,광주광역시 동구 운림동 725,35.12793696,126.9532394,,한전주,062-608-2894,광주광역시 동구청,2025-12-23
운림동107,1,,광주광역시 동구 운림동 725-9,35.12763596,126.9535814,,한전주,062-608-2894,광주광역시 동구청,2025-12-23
운림동108,1,,광주광역시 동구 운림동 729,35.127854,126.9539402,,한전주,062-608-2894,광주광역시 동구청,2025-12-23
운림동109,1,,광주광역시 동구 운림동 732,35.12712861,126.9541558,,한전주,062-608-2894,광주광역시 동구청,2025-12-23
운림동110,1,,광주광역시 동구 운림동 732-1,35.12701747,126.9542345,,한전주,062-608-2894,광주광역시 동구청,2025-12-23
운림동111,1,,광주광역시 동구 운림동 732-2,35.12691433,126.9543608,,한전주,062-608-2894,광주광역시 동구청,2025-12-23
운림동112,1,,광주광역시 동구 운림동 735,35.12632879,126.9552083,,한전주,062-608-2894,광주광역시 동구청,2025-12-23
운림동113,1,,광주광역시 동구 운림동 771,35.12602492,126.9553355,,한전주,062-608-2894,광주광역시 동구청,2025-12-23
운림동114,1,,광주광역시 동구 운림동 771,35.12602492,126.9553604,,한전주,062-608-2894,광주광역시 동구청,2025-12-23
운림동115,1,,광주광역시 동구 운림동 771-1,35.12591118,126.9553218,,한전주,062-608-2894,광주광역시 동구청,2025-12-23
운림동115-1,1,,광주광역시 동구 운림동 841,35.12140334,126.9575901,,전용주,062-608-2894,광주광역시 동구청,2025-12-23
운림동116,1,,광주광역시 동구 운림동 772,35.12520599,126.9557554,,한전주,062-608-2894,광주광역시 동구청,2025-12-23
운림동117,1,,광주광역시 동구 운림동 774-1,35.12440075,126.9561599,,한전주,062-608-2894,광주광역시 동구청,2025-12-23
운림동118,1,,광주광역시 동구 운림동 764,35.12554089,126.9563943,,한전주,062-608-2894,광주광역시 동구청,2025-12-23
운림동119,1,,광주광역시 동구 운림동 773,35.12453382,126.9563522,,전용주,062-608-2894,광주광역시 동구청,2025-12-23
운림동120,1,,광주광역시 동구 운림동 756,35.12410019,126.9564285,,한전주,062-608-2894,광주광역시 동구청,2025-12-23
운림동121,1,,광주광역시 동구 운림동 755,35.12396869,126.9566967,,한전주,062-608-2894,광주광역시 동구청,2025-12-23
운림동122,1,,광주광역시 동구 운림동 755,35.12396869,126.9566967,,한전주,062-608-2894,광주광역시 동구청,2025-12-23
운림동123,1,,광주광역시 동구 운림동 754,35.12306595,126.9567048,,한전주,062-608-2894,광주광역시 동구청,2025-12-23
운림동124,1,,광주광역시 동구 운림동 754-5,35.12268058,126.9569384,,한전주,062-608-2894,광주광역시 동구청,2025-12-23
운림동125,1,,광주광역시 동구 운림동 782-1,35.12225501,126.9570581,,한전주,062-608-2894,광주광역시 동구청,2025-12-23
운림동126,1,,광주광역시 동구 운림동 782-1,35.12225501,126.957016,,한전주,062-608-2894,광주광역시 동구청,2025-12-23
운림동127,1,,광주광역시 동구 운림동 782-1,35.12225501,126.9570581,,한전주,062-608-2894,광주광역시 동구청,2025-12-23
운림동128,1,,광주광역시 동구 운림동 783,35.12231767,126.9574509,,전용주,062-608-2894,광주광역시 동구청,2025-12-23
운림동129,1,,광주광역시 동구 운림동 787,35.12203598,126.9577179,,전용주,062-608-2894,광주광역시 동구청,2025-12-23
운림동130,1,,광주광역시 동구 운림동 788,35.12213135,126.957794,,한전주,062-608-2894,광주광역시 동구청,2025-12-23
운림동131,1,,광주광역시 동구 운림동 791,35.12236202,126.958258,,한전주,062-608-2894,광주광역시 동구청,2025-12-23
운림동132,1,,광주광역시 동구 운림동 786,35.12231767,126.957468,,한전주,062-608-2894,광주광역시 동구청,2025-12-23
운림동133,1,,광주광역시 동구 운림동 781-1,35.12162018,126.9573364,,한전주,062-608-2894,광주광역시 동구청,2025-12-23
운림동134,1,,광주광역시 동구 운림동 807,35.12088924,126.9576111,,한전주,062-608-2894,광주광역시 동구청,2025-12-23
운림동135,1,,광주광역시 동구 운림동 807,35.12088924,126.957695,,한전주,062-608-2894,광주광역시 동구청,2025-12-23
운림동135-1,1,,광주광역시 동구 운림동 841,35.12140334,126.9575901,,전용주,062-608-2894,광주광역시 동구청,2025-12-23
운림동136,1,,광주광역시 동구 운림동 813,35.12015772,126.9580678,,한전주,062-608-2894,광주광역시 동구청,2025-12-23
운림동137,1,,광주광역시 동구 운림동 812-3,35.1203804,126.958107,,한전주,062-608-2894,광주광역시 동구청,2025-12-23
운림동138,1,,광주광역시 동구 운림동 815,35.1197262,126.9578705,,전용주,062-608-2894,광주광역시 동구청,2025-12-23
운림동139,1,,광주광역시 동구 운림동 815,35.1197262,126.9578857,,한전주,062-608-2894,광주광역시 동구청,2025-12-23
운림동140,1,,광주광역시 동구 운림동 815,35.1197262,126.9578622,,한전주,062-608-2894,광주광역시 동구청,2025-12-23
운림동140-1,1,,광주광역시 동구 운림동 815-2,35.11941247,126.9580912,,전용주,062-608-2894,광주광역시 동구청,2025-12-23
운림동141,1,,광주광역시 동구 운림동 815-2,35.11947355,126.9580912,,한전주,062-608-2894,광주광역시 동구청,2025-12-23
운림동142,1,,광주광역시 동구 운림동 815-2,35.11947355,126.9580912,,전용주,062-608-2894,광주광역시 동구청,2025-12-23
운림동143,1,,광주광역시 동구 운림동 815-2,35.11947355,126.9580912,,한전주,062-608-2894,광주광역시 동구청,2025-12-23
운림동144,1,,광주광역시 동구 운림동 815-1,35.1182973,126.9594377,,전용주,062-608-2894,광주광역시 동구청,2025-12-23
운림동145,1,,광주광역시 동구 운림동 333-1,35.13412094,126.9529007,,한전주,062-608-2894,광주광역시 동구청,2025-12-23
운림동146,1,,광주광역시 동구 운림동 329,35.13445537,126.9528951,,전용주,062-608-2894,광주광역시 동구청,2025-12-23
운림동147,1,,광주광역시 동구 운림동 311,35.13483243,126.9527896,,한전주,062-608-2894,광주광역시 동구청,2025-12-23
운림동148,1,,광주광역시 동구 운림동 312,35.13471222,126.9527878,,한전주,062-608-2894,광주광역시 동구청,2025-12-23
운림동149,1,,광주광역시 동구 운림동 279-2,35.1352459,126.9529419,,전용주,062-608-2894,광주광역시 동구청,2025-12-23
운림동150,1,,광주광역시 동구 운림동 278,35.13533783,126.9532671,,전용주,062-608-2894,광주광역시 동구청,2025-12-23
운림동151,1,,광주광역시 동구 운림동 278,35.13538509,126.9532471,,한전주,062-608-2894,광주광역시 동구청,2025-12-23
운림동152,1,,광주광역시 동구 운림동 276,35.13557294,126.9532242,,한전주,062-608-2894,광주광역시 동구청,2025-12-23
운림동153,1,,광주광역시 동구 운림동 254,35.13618249,126.9529648,,한전주,062-608-2894,광주광역시 동구청,2025-12-23
운림동154,1,,광주광역시 동구 운림동 251,35.13622284,126.9530563,,한전주,062-608-2894,광주광역시 동구청,2025-12-23
용연동011,1,,광주광역시 동구 용연동 285,35.09424939,126.9639583,,한전주,062-608-2894,광주광역시 동구청,2025-12-23
용연동012,1,,광주광역시 동구 용연동 381,35.09443665,126.964325,,한전주,062-608-2894,광주광역시 동구청,2025-12-23
용연동013,1,,광주광역시 동구 용연동 287,35.09415817,126.9642601,,한전주,062-608-2894,광주광역시 동구청,2025-12-23
용연동014,1,,광주광역시 동구 용연동 288-1,35.09403229,126.9641113,,한전주,062-608-2894,광주광역시 동구청,2025-12-23
용연동015,1,,광주광역시 동구 용연동 281-1,35.0939827,126.9637961,,한전주,062-608-2894,광주광역시 동구청,2025-12-23
용연동016,1,,광주광역시 동구 용연동 245,35.09356723,126.9639307,,한전주,062-608-2894,광주광역시 동구청,2025-12-23
용연동017,1,,광주광역시 동구 용연동 296,35.09403116,126.9648533,,한전주,062-608-2894,광주광역시 동구청,2025-12-23
용연동018,1,,광주광역시 동구 용연동 235,35.09380281,126.9647344,,한전주,062-608-2894,광주광역시 동구청,2025-12-23
용연동019,1,,광주광역시 동구 용연동 650,35.09345441,126.9631453,,한전주,062-608-2894,광주광역시 동구청,2025-12-23
용연동020,1,,광주광역시 동구 용연동 241-1,35.09341431,126.9642792,,한전주,062-608-2894,광주광역시 동구청,2025-12-23
용연동021,1,,광주광역시 동구 용연동 236,35.09363605,126.9646892,,한전주,062-608-2894,광주광역시 동구청,2025-12-23
용연동022,1,,광주광역시 동구 용연동 375,35.09433307,126.964684,,전용주,062-608-2894,광주광역시 동구청,2025-12-23
용연동023,1,,광주광역시 동구 용연동 209,35.09385681,126.9652795,,한전주,062-608-2894,광주광역시 동구청,2025-12-23
용연동024,1,,광주광역시 동구 용연동 298,35.0941117,126.9649878,,한전주,062-608-2894,광주광역시 동구청,2025-12-23
용연동025,1,,광주광역시 동구 용연동 306,35.09434128,126.9655735,,한전주,062-608-2894,광주광역시 동구청,2025-12-23
용연동026,1,,광주광역시 동구 용연동 649,35.09460034,126.9658693,,한전주,062-608-2894,광주광역시 동구청,2025-12-23
용연동027,1,,광주광역시 동구 용연동 314,35.0941925,126.9658405,,한전주,062-608-2894,광주광역시 동구청,2025-12-23
용연동028,1,,광주광역시 동구 용연동 313,35.09418139,126.9660211,,한전주,062-608-2894,광주광역시 동구청,2025-12-23
용연동029,1,,광주광역시 동구 용연동 335,35.09446716,126.9665285,,한전주,062-608-2894,광주광역시 동구청,2025-12-23
용연동030,1,,광주광역시 동구 용연동 564,35.09375547,126.9619436,,한전주,062-608-2894,광주광역시 동구청,2025-12-23
용연동031,1,,광주광역시 동구 용연동 427-1,35.09526825,126.9626923,,한전주,062-608-2894,광주광역시 동구청,2025-12-23
용연동032,1,,광주광역시 동구 용연동 산251-3,35.09584181,126.9628051,,한전주,062-608-2894,광주광역시 동구청,2025-12-23
용연동033,1,,광주광역시 동구 용연동 634-12,35.09584181,126.9628417,,한전주,062-608-2894,광주광역시 동구청,2025-12-23
용연동034,1,,광주광역시 동구 용연동 243-8,35.09638596,126.9630737,,한전주,062-608-2894,광주광역시 동구청,2025-12-23
용연동035,1,,광주광역시 동구 용연동 243-7,35.09666824,126.9631805,,한전주,062-608-2894,광주광역시 동구청,2025-12-23
용연동036,1,,광주광역시 동구 용연동 258-1,35.09671783,126.9631958,,한전주,062-608-2894,광주광역시 동구청,2025-12-23
용연동037,1,,광주광역시 동구 용연동 258-2,35.09720993,126.9633484,,한전주,062-608-2894,광주광역시 동구청,2025-12-23
용연동038,1,,광주광역시 동구 용연동 649-2,35.09757614,126.9634552,,한전주,062-608-2894,광주광역시 동구청,2025-12-23
용연동039,1,,광주광역시 동구 용연동 259-1,35.09802246,126.9635773,,한전주,062-608-2894,광주광역시 동구청,2025-12-23
용연동040,1,,광주광역시 동구 용연동 448-3,35.09822602,126.9637097,,한전주,062-608-2894,광주광역시 동구청,2025-12-23
용연동041,1,,광주광역시 동구 용연동 227-3,35.0990448,126.9639969,,한전주,062-608-2894,광주광역시 동구청,2025-12-23
용연동042,1,,광주광역시 동구 용연동 255-1,35.09936523,126.9640121,,한전주,062-608-2894,광주광역시 동구청,2025-12-23
용연동043,1,,광주광역시 동구 용연동 643,35.09946361,126.9631873,,한전주,062-608-2894,광주광역시 동구청,2025-12-23
용연동044,1,,광주광역시 동구 용연동 278-2,35.09368212,126.962636,,한전주,062-608-2894,광주광역시 동구청,2025-12-23
용연동045,1,,광주광역시 동구 용연동 419,35.09426868,126.9628979,,한전주,062-608-2894,광주광역시 동구청,2025-12-23
용연동046,1,,광주광역시 동구 용연동 278-1,35.09377045,126.9623114,,한전주,062-608-2894,광주광역시 동구청,2025-12-23
운림동001,1,,광주광역시 동구 운림동 602-1,35.13454532,126.9409078,,한전주,062-608-2894,광주광역시 동구청,2025-12-23
운림동002,1,,광주광역시 동구 운림동 603,35.1344013,126.9409692,,한전주,062-608-2894,광주광역시 동구청,2025-12-23
운림동003,1,,광주광역시 동구 운림동 603,35.1344013,126.9409692,,한전주,062-608-2894,광주광역시 동구청,2025-12-23
운림동155,1,,광주광역시 동구 운림동 237,35.13662577,126.9531375,,한전주,062-608-2894,광주광역시 동구청,2025-12-23
운림동156,1,,광주광역시 동구 운림동 233,35.13660663,126.9528427,,전용주,062-608-2894,광주광역시 동구청,2025-12-23
운림동157,1,,광주광역시 동구 운림동 산68-1,35.13714569,126.952743,,한전주,062-608-2894,광주광역시 동구청,2025-12-23
운림동158,1,,광주광역시 동구 운림동 229,35.13692856,126.9530487,,한전주,062-608-2894,광주광역시 동구청,2025-12-23
운림동159,1,,광주광역시 동구 운림동 222,35.13699341,126.9522656,,전용주,062-608-2894,광주광역시 동구청,2025-12-23
운림동160,1,,광주광역시 동구 운림동 220,35.13730629,126.9522076,,한전주,062-608-2894,광주광역시 동구청,2025-12-23
운림동161,1,,광주광역시 동구 운림동 220,35.13730629,126.9522076,,한전주,062-608-2894,광주광역시 동구청,2025-12-23
운림동162,1,,광주광역시 동구 운림동 195,35.13762283,126.9520264,,한전주,062-608-2894,광주광역시 동구청,2025-12-23
운림동163,1,,광주광역시 동구 운림동 213,35.13752635,126.9517974,,전용주,062-608-2894,광주광역시 동구청,2025-12-23
운림동164,1,,광주광역시 동구 운림동 331-1,35.13428879,126.9530426,,한전주,062-608-2894,광주광역시 동구청,2025-12-23
운림동165,1,,광주광역시 동구 운림동 344-1,35.13429786,126.9534815,,한전주,062-608-2894,광주광역시 동구청,2025-12-23
운림동166,1,,광주광역시 동구 운림동 344-3,35.1345502,126.9536005,,한전주,062-608-2894,광주광역시 동구청,2025-12-23
운림동167,1,,광주광역시 동구 운림동 302,35.13492455,126.9534106,,전용주,062-608-2894,광주광역시 동구청,2025-12-23
운림동168,1,,광주광역시 동구 운림동 287,35.13503647,126.953750,,한전주,062-608-2894,광주광역시 동구청,2025-12-23
운림동169,1,,광주광역시 동구 운림동 285,35.13539505,126.9536591,,전용주,062-608-2894,광주광역시 동구청,2025-12-23
운림동170,1,,광주광역시 동구 운림동 270,35.13567352,126.9535991,,한전주,062-608-2894,광주광역시 동구청,2025-12-23
운림동171,1,,광주광역시 동구 운림동 258,35.13598591,126.9534531,,한전주,062-608-2894,광주광역시 동구청,2025-12-23
운림동172,1,,광주광역시 동구 운림동 259,35.13597488,126.9534893,,한전주,062-608-2894,광주광역시 동구청,2025-12-23
운림동173,1,,광주광역시 동구 운림동 산72,35.13640594,126.9538269,,한전주,062-608-2894,광주광역시 동구청,2025-12-23
운림동174,1,,광주광역시 동구 운림동 847,35.13528128,126.9536387,,한전주,062-608-2894,광주광역시 동구청,2025-12-23
운림동175,1,,광주광역시 동구 운림동 344-3,35.13454056,126.9536005,,한전주,062-608-2894,광주광역시 동구청,2025-12-23
운림동176,1,,광주광역시 동구 운림동 345-1,35.13454819,126.9539442,,한전주,062-608-2894,광주광역시 동구청,2025-12-23
운림동177,1,,광주광역시 동구 운림동 343-2,35.13434694,126.9543839,,한전주,062-608-2894,광주광역시 동구청,2025-12-23
운림동178,1,,광주광역시 동구 운림동 292,35.13495718,126.9543915,,한전주,062-608-2894,광주광역시 동구청,2025-12-23
운림동179,1,,광주광역시 동구 운림동 347,35.13444901,126.9544177,,한전주,062-608-2894,광주광역시 동구청,2025-12-23
운림동180,1,,광주광역시 동구 운림동 343-2,35.13431931,126.9543839,,한전주,062-608-2894,광주광역시 동구청,2025-12-23
운림동181,1,,광주광역시 동구 운림동 400,35.13373184,126.9555664,,한전주,062-608-2894,광주광역시 동구청,2025-12-23
운림동182,1,,광주광역시 동구 운림동 413,35.1332589,126.955503,,한전주,062-608-2894,광주광역시 동구청,2025-12-23
운림동183,1,,광주광역시 동구 운림동 979,35.13317013,126.9573194,,한전주,062-608-2894,광주광역시 동구청,2025-12-23
운림동184,1,,광주광역시 동구 운림동 387,35.13444519,126.9557354,,한전주,062-608-2894,광주광역시 동구청,2025-12-23
운림동185,1,,광주광역시 동구 운림동 394,35.1344699,126.9562924,,한전주,062-608-2894,광주광역시 동구청,2025-12-23
운림동186,1,,광주광역시 동구 운림동 산92,35.13518955,126.9564352,,한전주,062-608-2894,광주광역시 동구청,2025-12-23
운림동187,1,,광주광역시 동구 운림동 산92,35.13518955,126.9564352,,한전주,062-608-2894,광주광역시 동구청,2025-12-23
운림동188,1,,광주광역시 동구 운림동 산92-1,35.1354866,126.9565198,,한전주,062-608-2894,광주광역시 동구청,2025-12-23
운림동189,1,,광주광역시 동구 운림동 106-2,35.13295961,126.9598017,,한전주,062-608-2894,광주광역시 동구청,2025-12-23
운림동190,1,,광주광역시 동구 운림동 107-2,35.13279351,126.9601387,,한전주,062-608-2894,광주광역시 동구청,2025-12-23
운림동191,1,,광주광역시 동구 운림동 101-4,35.13256302,126.9606161,,한전주,062-608-2894,광주광역시 동구청,2025-12-23
운림동192,1,,광주광역시 동구 운림동 845,35.13839194,126.9511204,,전용주,062-608-2894,광주광역시 동구청,2025-12-23
운림동193,1,,광주광역시 동구 운림동 282-1,35.13512148,126.9536068,,한전주,062-608-2894,광주광역시 동구청,2025-12-23
월남동001,1,,광주광역시 동구 월남동 222-4,35.10652095,126.9337692,,한전주,062-608-2894,광주광역시 동구청,2025-12-23
월남동002,1,,광주광역시 동구 월남동 345,35.10704041,126.9333771,,한전주,062-608-2894,광주광역시 동구청,2025-12-23
월남동003,1,,광주광역시 동구 월남동 340-2,35.10677719,126.9334143,,한전주,062-608-2894,광주광역시 동구청,2025-12-23
월남동004,1,,광주광역시 동구 월남동 345-4,35.10668533,126.9330215,,한전주,062-608-2894,광주광역시 동구청,2025-12-23
월남동005,1,,광주광역시 동구 월남동 330-1,35.10616684,126.9333233,,한전주,062-608-2894,광주광역시 동구청,2025-12-23
월남동006,1,,광주광역시 동구 월남동 318,35.10601807,126.9328181,,전용주,062-608-2894,광주광역시 동구청,2025-12-23
월남동007,1,,광주광역시 동구 월남동 317,35.10608462,126.9329773,,한전주,062-608-2894,광주광역시 동구청,2025-12-23
월남동008,1,,광주광역시 동구 월남동 316,35.10600657,126.9331453,,한전주,062-608-2894,광주광역시 동구청,2025-12-23
월남동009,1,,광주광역시 동구 월남동 606-11,35.10639139,126.9324478,,한전주,062-608-2894,광주광역시 동구청,2025-12-23
월남동010,1,,광주광역시 동구 월남동 606-9,35.10558883,126.9285838,,한전주,062-608-2894,광주광역시 동구청,2025-12-23
월남동011,1,,광주광역시 동구 월남동 606-9,35.10558883,126.9285838,,한전주,062-608-2894,광주광역시 동구청,2025-12-23
월남동012,1,,광주광역시 동구 월남동 370-5,35.10597229,126.9292707,,한전주,062-608-2894,광주광역시 동구청,2025-12-23
월남동013,1,,광주광역시 동구 월남동 370-1,35.10587389,126.9300002,,한전주,062-608-2894,광주광역시 동구청,2025-12-23
월남동014,1,,광주광역시 동구 월남동 370-1,35.10584641,126.9300002,,한전주,062-608-2894,광주광역시 동구청,2025-12-23
월남동015,1,,광주광역시 동구 월남동 403-1,35.10548186,126.9287443,,한전주,062-608-2894,광주광역시 동구청,2025-12-23
월남동016,1,,광주광역시 동구 월남동 395,35.10496521,126.929039,,건축물,062-608-2894,광주광역시 동구청,2025-12-23
월남동017,1,,광주광역시 동구 월남동 523,35.10422482,126.9283382,,한전주,062-608-2894,광주광역시 동구청,2025-12-23
월남동018,1,,광주광역시 동구 월남동 516,35.10438538,126.9275074,,한전주,062-608-2894,광주광역시 동구청,2025-12-23
월남동019,1,,광주광역시 동구 월남동 464,35.10520638,126.9272308,,한전주,062-608-2894,광주광역시 동구청,2025-12-23
월남동020,1,,광주광역시 동구 월남동 459,35.10522842,126.9266663,,한전주,062-608-2894,광주광역시 동구청,2025-12-23
월남동021,1,,광주광역시 동구 월남동 268-1,35.1059761,126.934021,,한전주,062-608-2894,광주광역시 동구청,2025-12-23
월남동022,1,,광주광역시 동구 월남동 270-1,35.10569728,126.9335327,,한전주,062-608-2894,광주광역시 동구청,2025-12-23
월남동023,1,,광주광역시 동구 월남동 278,35.10545731,126.9332556,,한전주,062-608-2894,광주광역시 동구청,2025-12-23
월남동024,1,,광주광역시 동구 월남동 271,35.10556828,126.9337249,,전용주,062-608-2894,광주광역시 동구청,2025-12-23
월남동025,1,,광주광역시 동구 월남동 287,35.10515948,126.9341582,,한전주,062-608-2894,광주광역시 동구청,2025-12-23
월남동026,1,,광주광역시 동구 월남동 281,35.10497926,126.9334395,,한전주,062-608-2894,광주광역시 동구청,2025-12-23
월남동027,1,,광주광역시 동구 월남동 280-4,35.10487849,126.9332047,,한전주,062-608-2894,광주광역시 동구청,2025-12-23
월남동029,1,,광주광역시 동구 월남동 276,35.10524328,126.9334544,,전용주,062-608-2894,광주광역시 동구청,2025-12-23
월남동030,1,,광주광역시 동구 월남동 293-1,35.10485458,126.9342194,,전용주,062-608-2894,광주광역시 동구청,2025-12-23
월남동031,1,,광주광역시 동구 월남동 289,35.10496521,126.9344988,,한전주,062-608-2894,광주광역시 동구청,2025-12-23
월남동032,1,,광주광역시 동구 월남동 292,35.10478592,126.9346034,,한전주,062-608-2894,광주광역시 동구청,2025-12-23
월남동033,1,,광주광역시 동구 월남동 373,35.10464859,126.9340856,,한전주,062-608-2894,광주광역시 동구청,2025-12-23
월남동034,1,,광주광역시 동구 월남동 374,35.10438411,126.9341583,,한전주,062-608-2894,광주광역시 동구청,2025-12-23
월남동035,1,,광주광역시 동구 월남동 380-2,35.10439674,126.9343567,,한전주,062-608-2894,광주광역시 동구청,2025-12-23
월남동036,1,,광주광역시 동구 월남동 290,35.10481262,126.9347916,,한전주,062-608-2894,광주광역시 동구청,2025-12-23
월남동037,1,,광주광역시 동구 월남동 260,35.10506952,126.9349077,,한전주,062-608-2894,광주광역시 동구청,2025-12-23
월남동038,1,,광주광역시 동구 월남동 278-1,35.10445469,126.9353104,,한전주,062-608-2894,광주광역시 동구청,2025-12-23
월남동039,1,,광주광역시 동구 월남동 278-2,35.1042237,126.9351994,,한전주,062-608-2894,광주광역시 동구청,2025-12-23
월남동040,1,,광주광역시 동구 월남동 215,35.10338227,126.9353876,,한전주,062-608-2894,광주광역시 동구청,2025-12-23
월남동041,1,,광주광역시 동구 월남동 278-4,35.10307347,126.935209,,한전주,062-608-2894,광주광역시 동구청,2025-12-23
월남동042,1,,광주광역시 동구 월남동 223-13,35.10441749,126.9357894,,한전주,062-608-2894,광주광역시 동구청,2025-12-23
월남동043,1,,광주광역시 동구 월남동 220,35.1042366,126.9359283,,한전주,062-608-2894,광주광역시 동구청,2025-12-23
월남동044,1,,광주광역시 동구 월남동 220-4,35.1043043,126.9360604,,한전주,062-608-2894,광주광역시 동구청,2025-12-23
월남동045,1,,광주광역시 동구 월남동 214,35.10353907,126.9365616,,한전주,062-608-2894,광주광역시 동구청,2025-12-23
월남동046,1,,광주광역시 동구 월남동 595-43,35.10304746,126.936919,,한전주,062-608-2894,광주광역시 동구청,2025-12-23
월남동047,1,,광주광역시 동구 월남동 595-31,35.10216141,126.9374512,,한전주,062-608-2894,광주광역시 동구청,2025-12-23
월남동048,1,,광주광역시 동구 월남동 산122,35.10089093,126.9370516,,한전주,062-608-2894,광주광역시 동구청,2025-12-23
월남동049,1,,광주광역시 동구 월남동 595-38,35.10190595,126.9377594,,한전주,062-608-2894,광주광역시 동구청,2025-12-23
월남동050,1,,광주광역시 동구 월남동 167-1,35.09989438,126.9382227,,한전주,062-608-2894,광주광역시 동구청,2025-12-23
월남동051,1,,광주광역시 동구 월남동 642,35.10084389,126.9384079,,한전주,062-608-2894,광주광역시 동구청,2025-12-23
월남동052,1,,광주광역시 동구 월남동 643,35.10084389,126.938446,,한전주,062-608-2894,광주광역시 동구청,2025-12-23
월남동053,1,,광주광역시 동구 월남동 185,35.10165525,126.9402948,,한전주,062-608-2894,광주광역시 동구청,2025-12-23
월남동054,1,,광주광역시 동구 월남동 187-1,35.10226744,126.9398897,,한전주,062-608-2894,광주광역시 동구청,2025-12-23
월남동055,1,,광주광역시 동구 월남동 186-3,35.10228344,126.9404907,,한전주,062-608-2894,광주광역시 동구청,2025-12-23
월남동056,1,,광주광역시 동구 월남동 136-3,35.10184479,126.9408751,,한전주,062-608-2894,광주광역시 동구청,2025-12-23
월남동057,1,,광주광역시 동구 월남동 136-1,35.10183755,126.9414856,,전용주,062-608-2894,광주광역시 동구청,2025-12-23
월남동058,1,,광주광역시 동구 월남동 116-1,35.10228729,126.9410431,,전용주,062-608-2894,광주광역시 동구청,2025-12-23
월남동059,1,,광주광역시 동구 월남동 116,35.10235977,126.9406977,,한전주,062-608-2894,광주광역시 동구청,2025-12-23
월남동060,1,,광주광역시 동구 월남동 113-2,35.1027347,126.9409485,,전용주,062-608-2894,광주광역시 동구청,2025-12-23
월남동061,1,,광주광역시 동구 월남동 113,35.10280609,126.9410654,,한전주,062-608-2894,광주광역시 동구청,2025-12-23
월남동062,1,,광주광역시 동구 월남동 136-1,35.10183755,126.9414856,,한전주,062-608-2894,광주광역시 동구청,2025-12-23
월남동063,1,,광주광역시 동구 월남동 136-15,35.10200985,126.9416041,,한전주,062-608-2894,광주광역시 동구청,2025-12-23
월남동064,1,,광주광역시 동구 월남동 121-1,35.10263062,126.9413707,,한전주,062-608-2894,광주광역시 동구청,2025-12-23
월남동065,1,,광주광역시 동구 월남동 125-1,35.10293579,126.9418746,,한전주,062-608-2894,광주광역시 동구청,2025-12-23
월남동066,1,,광주광역시 동구 월남동 산49,35.10182584,126.9451114,,한전주,062-608-2894,광주광역시 동구청,2025-12-23
월남동067,1,,광주광역시 동구 월남동 106,35.10325623,126.9423982,,한전주,062-608-2894,광주광역시 동구청,2025-12-23
월남동068,1,,광주광역시 동구 월남동 104,35.10340494,126.9428635,,한전주,062-608-2894,광주광역시 동구청,2025-12-23
월남동069,1,,광주광역시 동구 월남동 99,35.10358662,126.9432831,,한전주,062-608-2894,광주광역시 동구청,2025-12-23
월남동070,1,,광주광역시 동구 월남동 136-12,35.10197742,126.9415512,,한전주,062-608-2894,광주광역시 동구청,2025-12-23
월남동071,1,,광주광역시 동구 월남동 136-15,35.10200985,126.9416041,,한전주,062-608-2894,광주광역시 동구청,2025-12-23
월남동072,1,,광주광역시 동구 월남동 139-3,35.10161591,126.9421997,,한전주,062-608-2894,광주광역시 동구청,2025-12-23
월남동073,1,,광주광역시 동구 월남동 139,35.10140228,126.9426114,,한전주,062-608-2894,광주광역시 동구청,2025-12-23
월남동074,1,,광주광역시 동구 월남동 139-1,35.10122809,126.9425659,,한전주,062-608-2894,광주광역시 동구청,2025-12-23
월남동075,1,,광주광역시 동구 월남동 139,35.10140839,126.9426114,,한전주,062-608-2894,광주광역시 동구청,2025-12-23
월남동076,1,,광주광역시 동구 월남동 143,35.10088348,126.9454719,,한전주,062-608-2894,광주광역시 동구청,2025-12-23
월남동077,1,,광주광역시 동구 월남동 153,35.10050201,126.944397,,한전주,062-608-2894,광주광역시 동구청,2025-12-23
월남동078,1,,광주광역시 동구 월남동 145-1,35.10047866,126.9458118,,한전주,062-608-2894,광주광역시 동구청,2025-12-23
월남동079,1,,광주광역시 동구 월남동 64,35.10202574,126.9422205,,한전주,062-608-2894,광주광역시 동구청,2025-12-23
월남동080,1,,광주광역시 동구 월남동 143,35.10082915,126.9454719,,한전주,062-608-2894,광주광역시 동구청,2025-12-23
월남동081,1,,광주광역시 동구 월남동 620,35.10512654,126.9371396,,한전주,062-608-2894,광주광역시 동구청,2025-12-23
월남동090,1,,광주광역시 동구 월남동 산 122-2,35.10053356,126.9377306,,한전주,062-608-2894,광주광역시 동구청,2025-12-23
월남동091,1,,광주광역시 동구 월남동 347-2,35.10643695,126.932506,,한전주,062-608-2894,광주광역시 동구청,2025-12-23
월남동095,1,,광주광역시 동구 월남동 595-35,35.10168594,126.9375671,,한전주,062-608-2894,광주광역시 동구청,2025-12-23
월남동098,1,,광주광역시 동구 월남동 595-8,35.10283276,126.9370163,,한전주,062-608-2894,광주광역시 동구청,2025-12-23
월남동099,1,,광주광역시 동구 월남동 산 126-2,35.10366912,126.9349964,,한전주,062-608-2894,광주광역시 동구청,2025-12-23
월남동100,1,,광주광역시 동구 월남동 642,35.10084389,126.9384867,,전용주,062-608-2894,광주광역시 동구청,2025-12-23
월남동101,1,,광주광역시 동구 월남동 산 122-2,35.10053495,126.9377241,,한전주,062-608-2894,광주광역시 동구청,2025-12-23
월남동102,1,,광주광역시 동구 월남동 595-11,35.10201999,126.9374827,,한전주,062-608-2894,광주광역시 동구청,2025-12-23
월남동103,1,,광주광역시 동구 월남동 475-1,35.10501228,126.9276692,,한전주,062-608-2894,광주광역시 동구청,2025-12-23
장동001,1,,광주광역시 동구 장동 13-1,35.15253041,126.9190077,,전용주,062-608-2894,광주광역시 동구청,2025-12-23
장동002,1,,광주광역시 동구 장동 13-13,35.15247345,126.9191589,,건축물,062-608-2894,광주광역시 동구청,2025-12-23
장동003,1,,광주광역시 동구 장동 17-4,35.15268973,126.9196243,,한전주,062-608-2894,광주광역시 동구청,2025-12-23
장동004,1,,광주광역시 동구 장동 39-30,35.1521225,126.9201285,,한전주,062-608-2894,광주광역시 동구청,2025-12-23
장동005,1,,광주광역시 동구 장동 39-20,35.15241276,126.9200563,,한전주,062-608-2894,광주광역시 동구청,2025-12-23
장동006,1,,광주광역시 동구 장동 39-13,35.15209209,126.9199698,,한전주,062-608-2894,광주광역시 동구청,2025-12-23
장동007,1,,광주광역시 동구 장동 31-11,35.15182193,126.9197029,,한전주,062-608-2894,광주광역시 동구청,2025-12-23
장동008,1,,광주광역시 동구 장동 31-10,35.15183258,126.9197528,,한전주,062-608-2894,광주광역시 동구청,2025-12-23
장동009,1,,광주광역시 동구 장동 19-4,35.15210803,126.919693,,한전주,062-608-2894,광주광역시 동구청,2025-12-23
장동010,1,,광주광역시 동구 장동 32,35.1520676,126.9196118,,한전주,062-608-2894,광주광역시 동구청,2025-12-23
장동011,1,,광주광역시 동구 장동 31-24,35.15220261,126.919548,,한전주,062-608-2894,광주광역시 동구청,2025-12-23
장동012,1,,광주광역시 동구 장동 31-12,35.15176431,126.9196396,,전용주,062-608-2894,광주광역시 동구청,2025-12-23
장동013,1,,광주광역시 동구 장동 31,35.15213861,126.919045,,전용주,062-608-2894,광주광역시 동구청,2025-12-23
장동014,1,,광주광역시 동구 장동 51-45,35.15099922,126.9219556,,한전주,062-608-2894,광주광역시 동구청,2025-12-23
장동015,1,,광주광역시 동구 장동 51-4,35.15093231,126.9222053,,전용주,062-608-2894,광주광역시 동구청,2025-12-23
장동016,1,,광주광역시 동구 장동 51-38,35.15068054,126.9219458,,전용주,062-608-2894,광주광역시 동구청,2025-12-23
장동017,1,,광주광역시 동구 장동 51-2,35.15085191,126.9217757,,한전주,062-608-2894,광주광역시 동구청,2025-12-23
장동018,1,,광주광역시 동구 장동 52-7,35.150579,126.9213181,,한전주,062-608-2894,광주광역시 동구청,2025-12-23
장동019,1,,광주광역시 동구 장동 53-3,35.15044887,126.9211515,,한전주,062-608-2894,광주광역시 동구청,2025-12-23
장동020,1,,광주광역시 동구 장동 51-18,35.15060425,126.9217213,,건축물,062-608-2894,광주광역시 동구청,2025-12-23
장동021,1,,광주광역시 동구 장동 58-28,35.15055847,126.9223878,,한전주,062-608-2894,광주광역시 동구청,2025-12-23
장동022,1,,광주광역시 동구 장동 57-4,35.15028535,126.9226837,,한전주,062-608-2894,광주광역시 동구청,2025-12-23
장동023,1,,광주광역시 동구 장동 56-9,35.15036011,126.9221725,,전용주,062-608-2894,광주광역시 동구청,2025-12-23
장동024,1,,광주광역시 동구 장동 56-2,35.1501236,126.9224625,,전용주,062-608-2894,광주광역시 동구청,2025-12-23
장동025,1,,광주광역시 동구 장동 57-15,35.15021515,126.922605,,전용주,062-608-2894,광주광역시 동구청,2025-12-23
장동026,1,,광주광역시 동구 장동 57-2,35.15016556,126.9227265,,전용주,062-608-2894,광주광역시 동구청,2025-12-23
장동027,1,,광주광역시 동구 장동 58-33,35.15046653,126.9222639,,한전주,062-608-2894,광주광역시 동구청,2025-12-23
장동028,1,,광주광역시 동구 장동 56,35.15044022,126.9219666,,한전주,062-608-2894,광주광역시 동구청,2025-12-23
장동029,1,,광주광역시 동구 장동 56-9,35.15031457,126.9221271,,전용주,062-608-2894,광주광역시 동구청,2025-12-23
장동030,1,,광주광역시 동구 장동 58-15,35.1498708,126.9222488,,한전주,062-608-2894,광주광역시 동구청,2025-12-23
장동031,1,,광주광역시 동구 장동 139-2,35.150465,126.9219385,,한전주,062-608-2894,광주광역시 동구청,2025-12-23
장동032,1,,광주광역시 동구 장동 57-6,35.15005793,126.9228363,,건축물,062-608-2894,광주광역시 동구청,2025-12-23
장동033,1,,광주광역시 동구 장동 58-71,35.14970534,126.9229431,,전용주,062-608-2894,광주광역시 동구청,2025-12-23
장동034,1,,광주광역시 동구 장동 60-15,35.14968575,126.9234924,,한전주,062-608-2894,광주광역시 동구청,2025-12-23
장동035,1,,광주광역시 동구 장동 60-7,35.14953198,126.923076,,한전주,062-608-2894,광주광역시 동구청,2025-12-23
장동036,1,,광주광역시 동구 장동 73,35.14948904,126.9240169,,한전주,062-608-2894,광주광역시 동구청,2025-12-23
장동037,1,,광주광역시 동구 장동 81-2,35.14909363,126.9242787,,한전주,062-608-2894,광주광역시 동구청,2025-12-23
장동038,1,,광주광역시 동구 장동 80-1,35.14890671,126.9244035,,한전주,062-608-2894,광주광역시 동구청,2025-12-23
장동039,1,,광주광역시 동구 장동 80-3,35.14881897,126.9245314,,한전주,062-608-2894,광주광역시 동구청,2025-12-23
장동040,1,,광주광역시 동구 장동 81-1,35.14913177,126.9241333,,한전주,062-608-2894,광주광역시 동구청,2025-12-23
장동041,1,,광주광역시 동구 장동 86-6,35.1489563,126.9236603,,한전주,062-608-2894,광주광역시 동구청,2025-12-23
장동042,1,,광주광역시 동구 장동 80-5,35.14852905,126.9246843,,한전주,062-608-2894,광주광역시 동구청,2025-12-23
장동043,1,,광주광역시 동구 장동 83-3,35.14840317,126.9245911,,한전주,062-608-2894,광주광역시 동구청,2025-12-23
장동044,1,,광주광역시 동구 장동 83-5,35.14846291,126.9244133,,한전주,062-608-2894,광주광역시 동구청,2025-12-23
장동045,1,,광주광역시 동구 장동 83-1,35.14882105,126.9240367,,건축물,062-608-2894,광주광역시 동구청,2025-12-23
장동049,1,,광주광역시 동구 장동 87-12,35.14809257,126.9225324,,전용주,062-608-2894,광주광역시 동구청,2025-12-23
장동050,1,,광주광역시 동구 장동 101-25,35.14742279,126.9230744,,전용주,062-608-2894,광주광역시 동구청,2025-12-23
장동051,1,,광주광역시 동구 장동 101-21,35.14766854,126.9228429,,전용주,062-608-2894,광주광역시 동구청,2025-12-23
장동052,1,,광주광역시 동구 장동 101-30,35.1478185,126.9226717,,전용주,062-608-2894,광주광역시 동구청,2025-12-23
장동053,1,,광주광역시 동구 장동 110-3,35.14741516,126.9228058,,전용주,062-608-2894,광주광역시 동구청,2025-12-23
장동054,1,,광주광역시 동구 장동 103-10,35.14749527,126.9223862,,한전주,062-608-2894,광주광역시 동구청,2025-12-23
장동055,1,,광주광역시 동구 장동 101-104,35.14765549,126.9224777,,건축물,062-608-2894,광주광역시 동구청,2025-12-23
장동056,1,,광주광역시 동구 장동 101-87,35.14835739,126.922493,,한전주,062-608-2894,광주광역시 동구청,2025-12-23
장동057,1,,광주광역시 동구 장동 87-12,35.14809257,126.9225324,,한전주,062-608-2894,광주광역시 동구청,2025-12-23
장동058,1,,광주광역시 동구 장동 87-12,35.14809257,126.9225324,,한전주,062-608-2894,광주광역시 동구청,2025-12-23
장동059,1,,광주광역시 동구 장동 87-12,35.14809257,126.9225324,,한전주,062-608-2894,광주광역시 동구청,2025-12-23
장동060,1,,광주광역시 동구 장동 86-7,35.14888355,126.9235199,,한전주,062-608-2894,광주광역시 동구청,2025-12-23
장동061,1,,광주광역시 동구 장동 86-9,35.14877833,126.9236162,,한전주,062-608-2894,광주광역시 동구청,2025-12-23
장동062,1,,광주광역시 동구 장동 85-4,35.1486924,126.9237442,,한전주,062-608-2894,광주광역시 동구청,2025-12-23
장동063,1,,광주광역시 동구 장동 84-2,35.14846825,126.924022,,한전주,062-608-2894,광주광역시 동구청,2025-12-23
장동064,1,,광주광역시 동구 장동 84-5,35.14838792,126.9241638,,건축물,062-608-2894,광주광역시 동구청,2025-12-23
장동065,1,,광주광역시 동구 장동 85-2,35.14859783,126.9239669,,한전주,062-608-2894,광주광역시 동구청,2025-12-23
장동066,1,,광주광역시 동구 장동 86-12,35.1488539,126.9238062,,한전주,062-608-2894,광주광역시 동구청,2025-12-23
장동067,1,,광주광역시 동구 장동 85-1,35.14876556,126.9239525,,전용주,062-608-2894,광주광역시 동구청,2025-12-23
장동068,1,,광주광역시 동구 장동 87-5,35.14883141,126.923032,,한전주,062-608-2894,광주광역시 동구청,2025-12-23
장동069,1,,광주광역시 동구 장동 87-10,35.14878082,126.9228363,,전용주,062-608-2894,광주광역시 동구청,2025-12-23
장동070,1,,광주광역시 동구 장동 86-2,35.14862442,126.9227524,,한전주,062-608-2894,광주광역시 동구청,2025-12-23
장동071,1,,광주광역시 동구 장동 97,35.14853287,126.9224636,,한전주,062-608-2894,광주광역시 동구청,2025-12-23
장동072,1,,광주광역시 동구 장동 91-1,35.1490271,126.9224248,,한전주,062-608-2894,광주광역시 동구청,2025-12-23
장동073,1,,광주광역시 동구 장동 91-7,35.14925003,126.9223938,,한전주,062-608-2894,광주광역시 동구청,2025-12-23
장동074,1,,광주광역시 동구 장동 87,35.1490097,126.9228745,,한전주,062-608-2894,광주광역시 동구청,2025-12-23
장동075,1,,광주광역시 동구 장동 87-4,35.14887338,126.923111,,한전주,062-608-2894,광주광역시 동구청,2025-12-23
장동076,1,,광주광역시 동구 장동 67-10,35.14928421,126.9232712,,한전주,062-608-2894,광주광역시 동구청,2025-12-23
장동077,1,,광주광역시 동구 장동 61-3,35.14918518,126.9228134,,전용주,062-608-2894,광주광역시 동구청,2025-12-23
장동078,1,,광주광역시 동구 장동 62-15,35.14937886,126.9226829,,전용주,062-608-2894,광주광역시 동구청,2025-12-23
장동079,1,,광주광역시 동구 장동 84-6,35.14826817,126.9243529,,전용주,062-608-2894,광주광역시 동구청,2025-12-23
장동080,1,,광주광역시 동구 장동 31-14,35.1521555,126.9192344,,한전주,062-608-2894,광주광역시 동구청,2025-12-23
지산동001,1,,광주광역시 동구 지산동 21,35.15240729,126.9433746,,한전주,062-608-2894,광주광역시 동구청,2025-12-23
지산동002,1,,광주광역시 동구 지산동 52-13,35.15051035,126.9441976,,한전주,062-608-2894,광주광역시 동구청,2025-12-23
지산동003,1,,광주광역시 동구 지산동 산46-8,35.15034866,126.9448808,,한전주,062-608-2894,광주광역시 동구청,2025-12-23
지산동004,1,,광주광역시 동구 지산동 10,35.14953945,126.9473303,,전용주,062-608-2894,광주광역시 동구청,2025-12-23
지산동005,1,,광주광역시 동구 지산동 13,35.14923822,126.9481636,,한전주,062-608-2894,광주광역시 동구청,2025-12-23
지산동006,1,,광주광역시 동구 지산동 13,35.14928818,126.9481636,,전용주,062-608-2894,광주광역시 동구청,2025-12-23
지산동007,1,,광주광역시 동구 지산동 산56-4,35.14926942,126.9488602,,전용주,062-608-2894,광주광역시 동구청,2025-12-23
지산동008,1,,광주광역시 동구 지산동 산56-4,35.14926942,126.948845,,한전주,062-608-2894,광주광역시 동구청,2025-12-23
지산동009,1,,광주광역시 동구 지산동 산56-1,35.15024783,126.951416,,한전주,062-608-2894,광주광역시 동구청,2025-12-23
지산동010,1,,광주광역시 동구 지산동 산56-1,35.15024783,126.951416,,전용주,062-608-2894,광주광역시 동구청,2025-12-23
지산동011,1,,광주광역시 동구 지산동 1-7,35.14899261,126.9499121,,한전주,062-608-2894,광주광역시 동구청,2025-12-23
지산동012,1,,광주광역시 동구 지산동 산63-1,35.14875974,126.9468348,,전용주,062-608-2894,광주광역시 동구청,2025-12-23
지산동013,1,,광주광역시 동구 지산동 산63-1,35.14875974,126.9468348,,한전주,062-608-2894,광주광역시 동구청,2025-12-23
지산동014,1,,광주광역시 동구 지산동 산63-1,35.14875974,126.9468348,,한전주,062-608-2894,광주광역시 동구청,2025-12-23
지산동015,1,,광주광역시 동구 지산동 산56-1,35.15024783,126.951416,,한전주,062-608-2894,광주광역시 동구청,2025-12-23
지산동016,1,,광주광역시 동구 지산동 산60-1,35.14803144,126.9511133,,전용주,062-608-2894,광주광역시 동구청,2025-12-23
지산동017,1,,광주광역시 동구 지산동 산56-1,35.15024783,126.951416,,전용주,062-608-2894,광주광역시 동구청,2025-12-23
지산동018,1,,광주광역시 동구 지산동 산56-1,35.15024783,126.951416,,전용주,062-608-2894,광주광역시 동구청,2025-12-23
지산동019,1,,광주광역시 동구 지산동 6-3,35.14945221,126.9458539,,전용주,062-608-2894,광주광역시 동구청,2025-12-23
지산동020,1,,광주광역시 동구 지산동 691-71,35.14971892,126.9472625,,한전주,062-608-2894,광주광역시 동구청,2025-12-23
지산동021,1,,광주광역시 동구 지산동 산68-17,35.14875974,126.9468348,,한전주,062-608-2894,광주광역시 동구청,2025-12-23
지산동022,1,,광주광역시 동구 지산동 116,35.14899445,126.9450382,,한전주,062-608-2894,광주광역시 동구청,2025-12-23
지산동023,1,,광주광역시 동구 지산동 산68-17,35.14875974,126.9468348,,한전주,062-608-2894,광주광역시 동구청,2025-12-23
지산동024,1,,광주광역시 동구 지산동 산68-24,35.1480526,126.9454956,,한전주,062-608-2894,광주광역시 동구청,2025-12-23
지산동025,1,,광주광역시 동구 지산동 산68-29,35.14859809,126.9450149,,한전주,062-608-2894,광주광역시 동구청,2025-12-23
지산동026,1,,광주광역시 동구 지산동 691-71,35.14971892,126.9472625,,한전주,062-608-2894,광주광역시 동구청,2025-12-23
지산동027,1,,광주광역시 동구 지산동 70-2,35.14915466,126.9452591,,한전주,062-608-2894,광주광역시 동구청,2025-12-23
지산동028,1,,광주광역시 동구 지산동 75-1,35.14967346,126.9438927,,한전주,062-608-2894,광주광역시 동구청,2025-12-23
지산동029,1,,광주광역시 동구 지산동 75-1,35.14968898,126.9438927,,한전주,062-608-2894,광주광역시 동구청,2025-12-23
지산동030,1,,광주광역시 동구 지산동 75-3,35.1496582,126.9442978,,한전주,062-608-2894,광주광역시 동구청,2025-12-23
지산동031,1,,광주광역시 동구 지산동 81,35.15003523,126.9433978,,한전주,062-608-2894,광주광역시 동구청,2025-12-23
지산동032,1,,광주광역시 동구 지산동 686,35.14980866,126.9434586,,한전주,062-608-2894,광주광역시 동구청,2025-12-23
지산동033,1,,광주광역시 동구 지산동 85-2,35.14939351,126.9422222,,한전주,062-608-2894,광주광역시 동구청,2025-12-23
지산동034,1,,광주광역시 동구 지산동 85-11,35.14956596,126.9423294,,한전주,062-608-2894,광주광역시 동구청,2025-12-23
지산동036,1,,광주광역시 동구 지산동 56-24,35.14992816,126.9417754,,전용주,062-608-2894,광주광역시 동구청,2025-12-23
지산동037,1,,광주광역시 동구 지산동 산22-17,35.15038159,126.9419174,,전용주,062-608-2894,광주광역시 동구청,2025-12-23
지산동038,1,,광주광역시 동구 지산동 85-6,35.15026986,126.9418867,,전용주,062-608-2894,광주광역시 동구청,2025-12-23
지산동039,1,,광주광역시 동구 지산동 691-70,35.14843344,126.9431561,,한전주,062-608-2894,광주광역시 동구청,2025-12-23
지산동040,1,,광주광역시 동구 지산동 111-6,35.14891815,126.9425735,,한전주,062-608-2894,광주광역시 동구청,2025-12-23
지산동041,1,,광주광역시 동구 지산동 108-2,35.14884186,126.9427795,,한전주,062-608-2894,광주광역시 동구청,2025-12-23
지산동042,1,,광주광역시 동구 지산동 111-1,35.14896011,126.9429966,,한전주,062-608-2894,광주광역시 동구청,2025-12-23
지산동043,1,,광주광역시 동구 지산동 691-116,35.14827728,126.943180,,한전주,062-608-2894,광주광역시 동구청,2025-12-23
지산동044,1,,광주광역시 동구 지산동 118-6,35.14788818,126.9436035,,한전주,062-608-2894,광주광역시 동구청,2025-12-23
지산동045,1,,광주광역시 동구 지산동 산70-1,35.1473414,126.9440266,,한전주,062-608-2894,광주광역시 동구청,2025-12-23
지산동046,1,,광주광역시 동구 지산동 산76-13,35.146693,126.944339,,한전주,062-608-2894,광주광역시 동구청,2025-12-23
지산동047,1,,광주광역시 동구 지산동 94-6,35.14875793,126.9416843,,전용주,062-608-2894,광주광역시 동구청,2025-12-23
지산동048,1,,광주광역시 동구 지산동 103,35.14869678,126.9418356,,한전주,062-608-2894,광주광역시 동구청,2025-12-23
지산동049,1,,광주광역시 동구 지산동 106,35.14872227,126.9422936,,한전주,062-608-2894,광주광역시 동구청,2025-12-23
지산동050,1,,광주광역시 동구 지산동 92-1,35.14842224,126.9409559,,한전주,062-608-2894,광주광역시 동구청,2025-12-23
지산동051,1,,광주광역시 동구 지산동 122-8,35.14792053,126.9412231,,한전주,062-608-2894,광주광역시 동구청,2025-12-23
지산동052,1,,광주광역시 동구 지산동 90,35.14794511,126.9405715,,한전주,062-608-2894,광주광역시 동구청,2025-12-23
지산동053,1,,광주광역시 동구 지산동 90,35.14794511,126.9405212,,한전주,062-608-2894,광주광역시 동구청,2025-12-23
지산동054,1,,광주광역시 동구 지산동 201-7,35.14774787,126.9400851,,한전주,062-608-2894,광주광역시 동구청,2025-12-23
지산동055,1,,광주광역시 동구 지산동 218-67,35.14799207,126.940185,,한전주,062-608-2894,광주광역시 동구청,2025-12-23
지산동056,1,,광주광역시 동구 지산동 691-105,35.14591217,126.9402847,,한전주,062-608-2894,광주광역시 동구청,2025-12-23
지산동057,1,,광주광역시 동구 지산동 128-1,35.1459198,126.9406052,,한전주,062-608-2894,광주광역시 동구청,2025-12-23
지산동058,1,,광주광역시 동구 지산동 134,35.14570589,126.9407806,,한전주,062-608-2894,광주광역시 동구청,2025-12-23
지산동059,1,,광주광역시 동구 지산동 산118,35.14581717,126.9404526,,전용주,062-608-2894,광주광역시 동구청,2025-12-23
지산동060,1,,광주광역시 동구 지산동 691-62,35.14870416,126.940555,,한전주,062-608-2894,광주광역시 동구청,2025-12-23
지산동061,1,,광주광역시 동구 지산동 288-3,35.14993313,126.9396744,,전용주,062-608-2894,광주광역시 동구청,2025-12-23
지산동062,1,,광주광역시 동구 지산동 272-1,35.14933395,126.9393071,,한전주,062-608-2894,광주광역시 동구청,2025-12-23
지산동063,1,,광주광역시 동구 지산동 268-7,35.14944077,126.9392166,,한전주,062-608-2894,광주광역시 동구청,2025-12-23
지산동064,1,,광주광역시 동구 지산동 315-59,35.15015316,126.9382733,,한전주,062-608-2894,광주광역시 동구청,2025-12-23
지산동065,1,,광주광역시 동구 지산동 315-1,35.15053806,126.9385119,,전용주,062-608-2894,광주광역시 동구청,2025-12-23
지산동066,1,,광주광역시 동구 지산동 315-1,35.15053806,126.9385119,,전용주,062-608-2894,광주광역시 동구청,2025-12-23
지산동067,1,,광주광역시 동구 지산동 315-1,35.15053806,126.9385119,,전용주,062-608-2894,광주광역시 동구청,2025-12-23
지산동068,1,,광주광역시 동구 지산동 315-1,35.15053806,126.9385119,,한전주,062-608-2894,광주광역시 동구청,2025-12-23
지산동069,1,,광주광역시 동구 지산동 317-29,35.15169144,126.9372635,,한전주,062-608-2894,광주광역시 동구청,2025-12-23
지산동070,1,,광주광역시 동구 지산동 317-37,35.1520803,126.9371304,,한전주,062-608-2894,광주광역시 동구청,2025-12-23
지산동071,1,,광주광역시 동구 지산동 산1-11,35.15249252,126.9369907,,한전주,062-608-2894,광주광역시 동구청,2025-12-23
지산동072,1,,광주광역시 동구 지산동 316-13,35.151320,126.9371263,,한전주,062-608-2894,광주광역시 동구청,2025-12-23
지산동073,1,,광주광역시 동구 지산동 316-10,35.15093994,126.9371323,,한전주,062-608-2894,광주광역시 동구청,2025-12-23
지산동074,1,,광주광역시 동구 지산동 314-29,35.15025711,126.9371796,,건축물,062-608-2894,광주광역시 동구청,2025-12-23
지산동075,1,,광주광역시 동구 지산동 250-32,35.14968213,126.937439,,한전주,062-608-2894,광주광역시 동구청,2025-12-23
지산동076,1,,광주광역시 동구 지산동 312-2,35.14970779,126.9380798,,한전주,062-608-2894,광주광역시 동구청,2025-12-23
지산동077,1,,광주광역시 동구 지산동 313-11,35.14992372,126.9380282,,한전주,062-608-2894,광주광역시 동구청,2025-12-23
지산동078,1,,광주광역시 동구 지산동 310-2,35.14954758,126.9384757,,한전주,062-608-2894,광주광역시 동구청,2025-12-23
지산동079,1,,광주광역시 동구 지산동 310-21,35.14966659,126.9384308,,한전주,062-608-2894,광주광역시 동구청,2025-12-23
지산동080,1,,광주광역시 동구 지산동 309-18,35.14971924,126.9391228,,건축물,062-608-2894,광주광역시 동구청,2025-12-23
지산동081,1,,광주광역시 동구 지산동 267-30,35.14924622,126.938299,,한전주,062-608-2894,광주광역시 동구청,2025-12-23
지산동082,1,,광주광역시 동구 지산동 267-6,35.1494072,126.9384232,,건축물,062-608-2894,광주광역시 동구청,2025-12-23
지산동083,1,,광주광역시 동구 지산동 267-7,35.1492424,126.9381313,,한전주,062-608-2894,광주광역시 동구청,2025-12-23
지산동084,1,,광주광역시 동구 지산동 267-26,35.14924622,126.9377724,,전용주,062-608-2894,광주광역시 동구청,2025-12-23
지산동085,1,,광주광역시 동구 지산동 258-2,35.14912415,126.9377304,,한전주,062-608-2894,광주광역시 동구청,2025-12-23
지산동086,1,,광주광역시 동구 지산동 227-1,35.14883423,126.9374484,,한전주,062-608-2894,광주광역시 동구청,2025-12-23
지산동087,1,,광주광역시 동구 지산동 692-37,35.1489296,126.9372224,,전용주,062-608-2894,광주광역시 동구청,2025-12-23
지산동088,1,,광주광역시 동구 지산동 250-15,35.14929662,126.9372837,,한전주,062-608-2894,광주광역시 동구청,2025-12-23
지산동089,1,,광주광역시 동구 지산동 250-18,35.14916992,126.9372716,,한전주,062-608-2894,광주광역시 동구청,2025-12-23
지산동090,1,,광주광역시 동구 지산동 250-24,35.14897919,126.9372485,,한전주,062-608-2894,광주광역시 동구청,2025-12-23
지산동091,1,,광주광역시 동구 지산동 250-28,35.14956665,126.9372992,,한전주,062-608-2894,광주광역시 동구청,2025-12-23
지산동092,1,,광주광역시 동구 지산동 224-1,35.14843703,126.9380907,,한전주,062-608-2894,광주광역시 동구청,2025-12-23
지산동093,1,,광주광역시 동구 지산동 691-1,35.14875974,126.9468348,,한전주,062-608-2894,광주광역시 동구청,2025-12-23
지산동094,1,,광주광역시 동구 지산동 262-5,35.1485939,126.9382858,,한전주,062-608-2894,광주광역시 동구청,2025-12-23
지산동095,1,,광주광역시 동구 지산동 263,35.14884186,126.9380486,,한전주,062-608-2894,광주광역시 동구청,2025-12-23
지산동096,1,,광주광역시 동구 지산동 276-2,35.14895248,126.9384063,,전용주,062-608-2894,광주광역시 동구청,2025-12-23
지산동097,1,,광주광역시 동구 지산동 277-1,35.14875464,126.9385384,,한전주,062-608-2894,광주광역시 동구청,2025-12-23
지산동098,1,,광주광역시 동구 지산동 278-1,35.14868421,126.9388341,,한전주,062-608-2894,광주광역시 동구청,2025-12-23
지산동099,1,,광주광역시 동구 지산동 278,35.14860916,126.9388341,,한전주,062-608-2894,광주광역시 동구청,2025-12-23
지산동100,1,,광주광역시 동구 지산동 278,35.14868421,126.9388341,,한전주,062-608-2894,광주광역시 동구청,2025-12-23
지산동101,1,,광주광역시 동구 지산동 273-2,35.14914976,126.9391556,,한전주,062-608-2894,광주광역시 동구청,2025-12-23
지산동102,1,,광주광역시 동구 지산동 291-3,35.14861679,126.939229,,한전주,062-608-2894,광주광역시 동구청,2025-12-23
지산동103,1,,광주광역시 동구 지산동 288-2,35.14883804,126.9393892,,한전주,062-608-2894,광주광역시 동구청,2025-12-23
지산동104,1,,광주광역시 동구 지산동 691-114,35.14837646,126.9392927,,한전주,062-608-2894,광주광역시 동구청,2025-12-23
지산동105,1,,광주광역시 동구 지산동 226-5,35.14826584,126.937645,,한전주,062-608-2894,광주광역시 동구청,2025-12-23
지산동106,1,,광주광역시 동구 지산동 224-14,35.1484535,126.9374891,,한전주,062-608-2894,광주광역시 동구청,2025-12-23
지산동107,1,,광주광역시 동구 지산동 225-5,35.14813614,126.9373185,,한전주,062-608-2894,광주광역시 동구청,2025-12-23
지산동108,1,,광주광역시 동구 지산동 226-8,35.14836502,126.9373093,,한전주,062-608-2894,광주광역시 동구청,2025-12-23
지산동109,1,,광주광역시 동구 지산동 226-12,35.14839627,126.9371872,,한전주,062-608-2894,광주광역시 동구청,2025-12-23
지산동110,1,,광주광역시 동구 지산동 703-46,35.15323305,126.9362636,,전용주,062-608-2894,광주광역시 동구청,2025-12-23
지산동111,1,,광주광역시 동구 지산동 703-5,35.1533213,126.935763,,한전주,062-608-2894,광주광역시 동구청,2025-12-23
지산동112,1,,광주광역시 동구 지산동 703-5,35.1533213,126.9357986,,한전주,062-608-2894,광주광역시 동구청,2025-12-23
지산동113,1,,광주광역시 동구 지산동 704-14,35.15314128,126.9355703,,한전주,062-608-2894,광주광역시 동구청,2025-12-23
지산동114,1,,광주광역시 동구 지산동 703-39,35.15285873,126.9357071,,한전주,062-608-2894,광주광역시 동구청,2025-12-23
지산동115,1,,광주광역시 동구 지산동 704-66,35.15267181,126.9355831,,한전주,062-608-2894,광주광역시 동구청,2025-12-23
지산동116,1,,광주광역시 동구 지산동 704-42,35.15249313,126.9355867,,한전주,062-608-2894,광주광역시 동구청,2025-12-23
지산동117,1,,광주광역시 동구 지산동 703-37,35.15239716,126.935730,,한전주,062-608-2894,광주광역시 동구청,2025-12-23
지산동118,1,,광주광역시 동구 지산동 704-50,35.15218405,126.9355834,,한전주,062-608-2894,광주광역시 동구청,2025-12-23
지산동119,1,,광주광역시 동구 지산동 703-22,35.1519165,126.9357834,,한전주,062-608-2894,광주광역시 동구청,2025-12-23
지산동120,1,,광주광역시 동구 지산동 703-61,35.15191269,126.9360546,,한전주,062-608-2894,광주광역시 동구청,2025-12-23
지산동121,1,,광주광역시 동구 지산동 703-51,35.15320056,126.9360733,,한전주,062-608-2894,광주광역시 동구청,2025-12-23
지산동122,1,,광주광역시 동구 지산동 704-25,35.15336538,126.9352576,,한전주,062-608-2894,광주광역시 동구청,2025-12-23
지산동123,1,,광주광역시 동구 지산동 704-27,35.153209,126.9352673,,한전주,062-608-2894,광주광역시 동구청,2025-12-23
지산동124,1,,광주광역시 동구 지산동 704-34,35.1529808,126.9353485,,한전주,062-608-2894,광주광역시 동구청,2025-12-23
지산동125,1,,광주광역시 동구 지산동 704-30,35.15337753,126.9351375,,한전주,062-608-2894,광주광역시 동구청,2025-12-23
지산동126,1,,광주광역시 동구 지산동 704-32,35.15316391,126.935141,,한전주,062-608-2894,광주광역시 동구청,2025-12-23
지산동127,1,,광주광역시 동구 지산동 704-38,35.15283585,126.935151,,한전주,062-608-2894,광주광역시 동구청,2025-12-23
지산동128,1,,광주광역시 동구 지산동 704-39,35.15259781,126.935158,,한전주,062-608-2894,광주광역시 동구청,2025-12-23
지산동129,1,,광주광역시 동구 지산동 704-40,35.15261078,126.9353278,,건축물,062-608-2894,광주광역시 동구청,2025-12-23
지산동130,1,,광주광역시 동구 지산동 704-65,35.1523056,126.9351603,,한전주,062-608-2894,광주광역시 동구청,2025-12-23
지산동131,1,,광주광역시 동구 지산동 704-53,35.15213776,126.9351533,,한전주,062-608-2894,광주광역시 동구청,2025-12-23
지산동132,1,,광주광역시 동구 지산동 704-55,35.15200732,126.9352937,,한전주,062-608-2894,광주광역시 동구청,2025-12-23
지산동133,1,,광주광역시 동구 지산동 704-51,35.15218677,126.9354019,,한전주,062-608-2894,광주광역시 동구청,2025-12-23
지산동134,1,,광주광역시 동구 지산동 710-59,35.15204391,126.9347382,,한전주,062-608-2894,광주광역시 동구청,2025-12-23
지산동135,1,,광주광역시 동구 지산동 710-51,35.15226364,126.9347229,,한전주,062-608-2894,광주광역시 동구청,2025-12-23
지산동136,1,,광주광역시 동구 지산동 710-43,35.15249252,126.9347305,,전용주,062-608-2894,광주광역시 동구청,2025-12-23
지산동137,1,,광주광역시 동구 지산동 710-35,35.15266017,126.9347153,,한전주,062-608-2894,광주광역시 동구청,2025-12-23
지산동138,1,,광주광역시 동구 지산동 710-22,35.15299606,126.9346695,,한전주,062-608-2894,광주광역시 동구청,2025-12-23
지산동139,1,,광주광역시 동구 지산동 710-17,35.1532135,126.9347229,,한전주,062-608-2894,광주광역시 동구청,2025-12-23
지산동140,1,,광주광역시 동구 지산동 711-1,35.15319106,126.9342581,,한전주,062-608-2894,광주광역시 동구청,2025-12-23
지산동141,1,,광주광역시 동구 지산동 711-14,35.15277863,126.9342612,,한전주,062-608-2894,광주광역시 동구청,2025-12-23
지산동142,1,,광주광역시 동구 지산동 710-37,35.15262604,126.9344025,,건축물,062-608-2894,광주광역시 동구청,2025-12-23
지산동143,1,,광주광역시 동구 지산동 711-51,35.15262985,126.9341601,,한전주,062-608-2894,광주광역시 동구청,2025-12-23
지산동144,1,,광주광역시 동구 지산동 711-18,35.15237028,126.934265,,한전주,062-608-2894,광주광역시 동구청,2025-12-23
지산동145,1,,광주광역시 동구 지산동 711-20,35.15213776,126.9342696,,전용주,062-608-2894,광주광역시 동구청,2025-12-23
지산동146,1,,광주광역시 동구 지산동 711-21,35.15204147,126.9342194,,한전주,062-608-2894,광주광역시 동구청,2025-12-23
지산동147,1,,광주광역시 동구 지산동 711-44,35.1520442,126.9339925,,한전주,062-608-2894,광주광역시 동구청,2025-12-23
지산동148,1,,광주광역시 동구 지산동 711-43,35.15219879,126.9339929,,한전주,062-608-2894,광주광역시 동구청,2025-12-23
지산동149,1,,광주광역시 동구 지산동 711-41,35.15239716,126.9339903,,한전주,062-608-2894,광주광역시 동구청,2025-12-23
지산동150,1,,광주광역시 동구 지산동 711-39,35.15255356,126.9339813,,한전주,062-608-2894,광주광역시 동구청,2025-12-23
지산동151,1,,광주광역시 동구 지산동 711-39,35.15258408,126.9339371,,한전주,062-608-2894,광주광역시 동구청,2025-12-23
지산동152,1,,광주광역시 동구 지산동 711-10,35.15277691,126.9339836,,한전주,062-608-2894,광주광역시 동구청,2025-12-23
지산동153,1,,광주광역시 동구 지산동 711-36,35.1529541,126.9339812,,건축물,062-608-2894,광주광역시 동구청,2025-12-23
지산동154,1,,광주광역시 동구 지산동 711-32,35.1530775,126.934128,,한전주,062-608-2894,광주광역시 동구청,2025-12-23
지산동155,1,,광주광역시 동구 지산동 711-55,35.15307236,126.9338513,,한전주,062-608-2894,광주광역시 동구청,2025-12-23
지산동156,1,,광주광역시 동구 지산동 711-57,35.15277481,126.9338591,,한전주,062-608-2894,광주광역시 동구청,2025-12-23
지산동157,1,,광주광역시 동구 지산동 711-49,35.15244293,126.9338637,,한전주,062-608-2894,광주광역시 동구청,2025-12-23
지산동158,1,,광주광역시 동구 지산동 711-46,35.15219879,126.9338074,,한전주,062-608-2894,광주광역시 동구청,2025-12-23
지산동159,1,,광주광역시 동구 지산동 711-45,35.15205161,126.9338303,,한전주,062-608-2894,광주광역시 동구청,2025-12-23
지산동160,1,,광주광역시 동구 지산동 342-4,35.15169989,126.933960,,한전주,062-608-2894,광주광역시 동구청,2025-12-23
지산동161,1,,광주광역시 동구 지산동 712-18,35.15205422,126.9335265,,한전주,062-608-2894,광주광역시 동구청,2025-12-23
지산동162,1,,광주광역시 동구 지산동 712-26,35.1522789,126.9333549,,한전주,062-608-2894,광주광역시 동구청,2025-12-23
지산동163,1,,광주광역시 동구 지산동 712-39,35.15253067,126.9335235,,한전주,062-608-2894,광주광역시 동구청,2025-12-23
지산동164,1,,광주광역시 동구 지산동 712-41,35.15280151,126.9334717,,한전주,062-608-2894,광주광역시 동구청,2025-12-23
지산동165,1,,광주광역시 동구 지산동 712-57,35.1528805,126.9335325,,한전주,062-608-2894,광주광역시 동구청,2025-12-23
지산동166,1,,광주광역시 동구 지산동 712-58,35.15302658,126.9335376,,한전주,062-608-2894,광주광역시 동구청,2025-12-23
지산동167,1,,광주광역시 동구 지산동 712-46,35.15311432,126.9332367,,한전주,062-608-2894,광주광역시 동구청,2025-12-23
지산동168,1,,광주광역시 동구 지산동 712-49,35.15279007,126.9331589,,한전주,062-608-2894,광주광역시 동구청,2025-12-23
지산동169,1,,광주광역시 동구 지산동 712-32,35.15239334,126.9332173,,한전주,062-608-2894,광주광역시 동구청,2025-12-23
지산동170,1,,광주광역시 동구 지산동 725-1,35.15149765,126.931664,,한전주,062-608-2894,광주광역시 동구청,2025-12-23
지산동171,1,,광주광역시 동구 지산동 342-43,35.15169255,126.9332803,,한전주,062-608-2894,광주광역시 동구청,2025-12-23
지산동172,1,,광주광역시 동구 지산동 713-7,35.15166868,126.9329907,,한전주,062-608-2894,광주광역시 동구청,2025-12-23
지산동173,1,,광주광역시 동구 지산동 713-34,35.1516857,126.9326706,,한전주,062-608-2894,광주광역시 동구청,2025-12-23
지산동174,1,,광주광역시 동구 지산동 713-36,35.15169357,126.932312,,한전주,062-608-2894,광주광역시 동구청,2025-12-23
지산동175,1,,광주광역시 동구 지산동 713-52,35.15185665,126.9322325,,건축물,062-608-2894,광주광역시 동구청,2025-12-23
지산동176,1,,광주광역시 동구 지산동 713-53,35.15179077,126.9319398,,전용주,062-608-2894,광주광역시 동구청,2025-12-23
지산동177,1,,광주광역시 동구 지산동 713-54,35.15184784,126.9318619,,건축물,062-608-2894,광주광역시 동구청,2025-12-23
지산동178,1,,광주광역시 동구 지산동 342-52,35.15143585,126.9332705,,한전주,062-608-2894,광주광역시 동구청,2025-12-23
지산동179,1,,광주광역시 동구 지산동 714-45,35.151371,126.9327927,,한전주,062-608-2894,광주광역시 동구청,2025-12-23
지산동180,1,,광주광역시 동구 지산동 714-48,35.15139389,126.9324222,,한전주,062-608-2894,광주광역시 동구청,2025-12-23
지산동181,1,,광주광역시 동구 지산동 713-62,35.15154648,126.9322381,,건축물,062-608-2894,광주광역시 동구청,2025-12-23
지산동182,1,,광주광역시 동구 지산동 714-9,35.15135145,126.9321044,,한전주,062-608-2894,광주광역시 동구청,2025-12-23
지산동183,1,,광주광역시 동구 지산동 714-66,35.15132321,126.9317313,,한전주,062-608-2894,광주광역시 동구청,2025-12-23
지산동184,1,,광주광역시 동구 지산동 714-63,35.15133286,126.9319258,,한전주,062-608-2894,광주광역시 동구청,2025-12-23
지산동185,1,,광주광역시 동구 지산동 714-23,35.15089737,126.931839,,한전주,062-608-2894,광주광역시 동구청,2025-12-23
지산동186,1,,광주광역시 동구 지산동 714-28,35.1514473,126.9315414,,한전주,062-608-2894,광주광역시 동구청,2025-12-23
지산동187,1,,광주광역시 동구 지산동 342-60,35.1511839,126.933253,,한전주,062-608-2894,광주광역시 동구청,2025-12-23
지산동188,1,,광주광역시 동구 지산동 714-6,35.15112174,126.9330000164,,전용주,062-608-2894,광주광역시 동구청,2025-12-23
지산동189,1,,광주광역시 동구 지산동 714-54,35.15125275,126.9328012,,한전주,062-608-2894,광주광역시 동구청,2025-12-23
지산동190,1,,광주광역시 동구 지산동 342-68,35.15092087,126.9332359,,한전주,062-608-2894,광주광역시 동구청,2025-12-23
지산동191,1,,광주광역시 동구 지산동 342-69,35.15093994,126.9334717,,한전주,062-608-2894,광주광역시 동구청,2025-12-23
지산동192,1,,광주광역시 동구 지산동 373-9,35.15083694,126.9336688,,건축물,062-608-2894,광주광역시 동구청,2025-12-23
지산동193,1,,광주광역시 동구 지산동 342-61,35.15117264,126.9334717,,한전주,062-608-2894,광주광역시 동구청,2025-12-23
지산동194,1,,광주광역시 동구 지산동 342-58,35.15128174,126.9334793,,한전주,062-608-2894,광주광역시 동구청,2025-12-23
지산동195,1,,광주광역시 동구 지산동 342-75,35.15129089,126.9337387,,건축물,062-608-2894,광주광역시 동구청,2025-12-23
지산동196,1,,광주광역시 동구 지산동 342-42,35.15168606,126.9334869,,한전주,062-608-2894,광주광역시 동구청,2025-12-23
지산동197,1,,광주광역시 동구 지산동 342-90,35.15176928,126.933960,,한전주,062-608-2894,광주광역시 동구청,2025-12-23
지산동198,1,,광주광역시 동구 지산동 373-5,35.15083444,126.9332444,,한전주,062-608-2894,광주광역시 동구청,2025-12-23
지산동199,1,,광주광역시 동구 지산동 342-64,35.15106201,126.9337475,,한전주,062-608-2894,광주광역시 동구청,2025-12-23
지산동200,1,,광주광역시 동구 지산동 714-34,35.1510582,126.9326786,,한전주,062-608-2894,광주광역시 동구청,2025-12-23
지산동201,1,,광주광역시 동구 지산동 714-17,35.15092638,126.932284,,한전주,062-608-2894,광주광역시 동구청,2025-12-23
지산동202,1,,광주광역시 동구 지산동 714-12,35.15112686,126.9322204,,건축물,062-608-2894,광주광역시 동구청,2025-12-23
지산동203,1,,광주광역시 동구 지산동 714-62,35.15109643,126.9323578,,건축물,062-608-2894,광주광역시 동구청,2025-12-23
지산동204,1,,광주광역시 동구 지산동 719-47,35.15119934,126.9309845,,한전주,062-608-2894,광주광역시 동구청,2025-12-23
지산동205,1,,광주광역시 동구 지산동 719-28,35.15137409,126.9310837,,한전주,062-608-2894,광주광역시 동구청,2025-12-23
지산동206,1,,광주광역시 동구 지산동 714-57,35.15101283,126.9321233,,한전주,062-608-2894,광주광역시 동구청,2025-12-23
지산동207,1,,광주광역시 동구 지산동 719-20,35.15161896,126.931369,,한전주,062-608-2894,광주광역시 동구청,2025-12-23
지산동208,1,,광주광역시 동구 지산동 713-55,35.15183258,126.9317075,,한전주,062-608-2894,광주광역시 동구청,2025-12-23
지산동209,1,,광주광역시 동구 지산동 713-47,35.15208049,126.9318619,,한전주,062-608-2894,광주광역시 동구청,2025-12-23
지산동210,1,,광주광역시 동구 지산동 719-41,35.15227509,126.9312592,,한전주,062-608-2894,광주광역시 동구청,2025-12-23
지산동211,1,,광주광역시 동구 지산동 719-33,35.15170136,126.9311415,,전용주,062-608-2894,광주광역시 동구청,2025-12-23
지산동212,1,,광주광역시 동구 지산동 342-114,35.15161514,126.9356385,,한전주,062-608-2894,광주광역시 동구청,2025-12-23
지산동213,1,,광주광역시 동구 지산동 342-78,35.15158081,126.9355392,,한전주,062-608-2894,광주광역시 동구청,2025-12-23
지산동214,1,,광주광역시 동구 지산동 342-111,35.15162659,126.9352188,,한전주,062-608-2894,광주광역시 동구청,2025-12-23
지산동215,1,,광주광역시 동구 지산동 342-83,35.15159225,126.9350204,,한전주,062-608-2894,광주광역시 동구청,2025-12-23
지산동216,1,,광주광역시 동구 지산동 342-6,35.15155608,126.9345975,,한전주,062-608-2894,광주광역시 동구청,2025-12-23
지산동255,1,,광주광역시 동구 지산동 232-21,35.147995,126.9360123,,한전주,062-608-2894,광주광역시 동구청,2025-12-23
지산동256,1,,광주광역시 동구 지산동 691-16,35.1478641,126.935592,,전용주,062-608-2894,광주광역시 동구청,2025-12-23
지산동257,1,,광주광역시 동구 지산동 691-18,35.1479454,126.9353119,,건축물,062-608-2894,광주광역시 동구청,2025-12-23
지산동258,1,,광주광역시 동구 지산동 694-110,35.14787674,126.9349269,,전용주,062-608-2894,광주광역시 동구청,2025-12-23
지산동259,1,,광주광역시 동구 지산동 194-4,35.1475006,126.9373245,,건축물,062-608-2894,광주광역시 동구청,2025-12-23
지산동260,1,,광주광역시 동구 지산동 194-12,35.14753723,126.9376678,,전용주,062-608-2894,광주광역시 동구청,2025-12-23
지산동261,1,,광주광역시 동구 지산동 702-21,35.14800419,126.9382509,,한전주,062-608-2894,광주광역시 동구청,2025-12-23
지산동262,1,,광주광역시 동구 지산동 222,35.14809799,126.9384534,,한전주,062-608-2894,광주광역시 동구청,2025-12-23
지산동263,1,,광주광역시 동구 지산동 198-9,35.14794922,126.9383941,,전용주,062-608-2894,광주광역시 동구청,2025-12-23
지산동264,1,,광주광역시 동구 지산동 220-13,35.14809537,126.9386802,,한전주,062-608-2894,광주광역시 동구청,2025-12-23
지산동265,1,,광주광역시 동구 지산동 198-7,35.14762115,126.9380569,,한전주,062-608-2894,광주광역시 동구청,2025-12-23
지산동266,1,,광주광역시 동구 지산동 220-3,35.14781952,126.9390869,,한전주,062-608-2894,광주광역시 동구청,2025-12-23
지산동267,1,,광주광역시 동구 지산동 218-32,35.14787674,126.9393845,,전용주,062-608-2894,광주광역시 동구청,2025-12-23
지산동268,1,,광주광역시 동구 지산동 203-6,35.14753692,126.9392777,,한전주,062-608-2894,광주광역시 동구청,2025-12-23
지산동269,1,,광주광역시 동구 지산동 198-13,35.14760202,126.9382534,,한전주,062-608-2894,광주광역시 동구청,2025-12-23
지산동270,1,,광주광역시 동구 지산동 198-15,35.1473999,126.9388684,,전용주,062-608-2894,광주광역시 동구청,2025-12-23
지산동271,1,,광주광역시 동구 지산동 198-3,35.14752001,126.9381151,,한전주,062-608-2894,광주광역시 동구청,2025-12-23
지산동272,1,,광주광역시 동구 지산동 168-2,35.14718006,126.9385757,,한전주,062-608-2894,광주광역시 동구청,2025-12-23
지산동273,1,,광주광역시 동구 지산동 702-15,35.14708045,126.9391254,,한전주,062-608-2894,광주광역시 동구청,2025-12-23
지산동274,1,,광주광역시 동구 지산동 164-5,35.14695204,126.9391556,,한전주,062-608-2894,광주광역시 동구청,2025-12-23
지산동275,1,,광주광역시 동구 지산동 201-4,35.1470247,126.9393845,,전용주,062-608-2894,광주광역시 동구청,2025-12-23
지산동276,1,,광주광역시 동구 지산동 167-4,35.14713594,126.9384635,,한전주,062-608-2894,광주광역시 동구청,2025-12-23
지산동277,1,,광주광역시 동구 지산동 168-1,35.14691544,126.9388273,,한전주,062-608-2894,광주광역시 동구청,2025-12-23
지산동278,1,,광주광역시 동구 지산동 168-4,35.14690273,126.9389496,,한전주,062-608-2894,광주광역시 동구청,2025-12-23
지산동279,1,,광주광역시 동구 지산동 168-5,35.14674539,126.9392011,,한전주,062-608-2894,광주광역시 동구청,2025-12-23
지산동280,1,,광주광역시 동구 지산동 160-2,35.14637375,126.939537,,한전주,062-608-2894,광주광역시 동구청,2025-12-23
지산동281,1,,광주광역시 동구 지산동 160-3,35.14618301,126.939537,,전용주,062-608-2894,광주광역시 동구청,2025-12-23
지산동282,1,,광주광역시 동구 지산동 691-90,35.14730697,126.9376935,,한전주,062-608-2894,광주광역시 동구청,2025-12-23
지산동283,1,,광주광역시 동구 지산동 172-7,35.14697542,126.938101,,한전주,062-608-2894,광주광역시 동구청,2025-12-23
지산동284,1,,광주광역시 동구 지산동 172-1,35.14705538,126.938118,,건축물,062-608-2894,광주광역시 동구청,2025-12-23
지산동285,1,,광주광역시 동구 지산동 172-9,35.14697493,126.9381702,,전용주,062-608-2894,광주광역시 동구청,2025-12-23
지산동286,1,,광주광역시 동구 지산동 172-26,35.14680481,126.9380575,,한전주,062-608-2894,광주광역시 동구청,2025-12-23
지산동287,1,,광주광역시 동구 지산동 172-13,35.146698,126.9383834,,전용주,062-608-2894,광주광역시 동구청,2025-12-23
지산동288,1,,광주광역시 동구 지산동 196-7,35.14734268,126.9375835,,한전주,062-608-2894,광주광역시 동구청,2025-12-23
지산동289,1,,광주광역시 동구 지산동 174-9,35.14707429,126.9377747,,전용주,062-608-2894,광주광역시 동구청,2025-12-23
지산동290,1,,광주광역시 동구 지산동 177-1,35.14694461,126.9372568,,한전주,062-608-2894,광주광역시 동구청,2025-12-23
지산동291,1,,광주광역시 동구 지산동 170-1,35.14606811,126.9386481,,한전주,062-608-2894,광주광역시 동구청,2025-12-23
지산동292,1,,광주광역시 동구 지산동 177-1,35.14694461,126.937233,,한전주,062-608-2894,광주광역시 동구청,2025-12-23
지산동293,1,,광주광역시 동구 지산동 691-99,35.14715576,126.937027,,한전주,062-608-2894,광주광역시 동구청,2025-12-23
지산동294,1,,광주광역시 동구 지산동 702-12,35.14736176,126.9376832,,한전주,062-608-2894,광주광역시 동구청,2025-12-23
지산동295,1,,광주광역시 동구 지산동 187-40,35.14751816,126.9353485,,한전주,062-608-2894,광주광역시 동구청,2025-12-23
지산동296,1,,광주광역시 동구 지산동 693-1,35.14760971,126.9348472,,한전주,062-608-2894,광주광역시 동구청,2025-12-23
지산동297,1,,광주광역시 동구 지산동 187-22,35.14750453,126.9352245,,한전주,062-608-2894,광주광역시 동구청,2025-12-23
지산동298,1,,광주광역시 동구 지산동 186-3,35.14727402,126.9352019,,한전주,062-608-2894,광주광역시 동구청,2025-12-23
지산동299,1,,광주광역시 동구 지산동 산127-2,35.14623429,126.934728,,한전주,062-608-2894,광주광역시 동구청,2025-12-23
지산동300,1,,광주광역시 동구 지산동 188-14,35.14710999,126.9356067,,건축물,062-608-2894,광주광역시 동구청,2025-12-23
지산동301,1,,광주광역시 동구 지산동 188-13,35.14718229,126.9357605,,한전주,062-608-2894,광주광역시 동구청,2025-12-23
지산동302,1,,광주광역시 동구 지산동 188-11,35.14722595,126.9359647,,한전주,062-608-2894,광주광역시 동구청,2025-12-23
지산동303,1,,광주광역시 동구 지산동 178-56,35.14680481,126.9361719,,한전주,062-608-2894,광주광역시 동구청,2025-12-23
지산동304,1,,광주광역시 동구 지산동 188-18,35.14694977,126.9355212,,한전주,062-608-2894,광주광역시 동구청,2025-12-23
지산동305,1,,광주광역시 동구 지산동 185-13,35.14682388,126.935173,,전용주,062-608-2894,광주광역시 동구청,2025-12-23
지산동306,1,,광주광역시 동구 지산동 178-44,35.14681257,126.9355621,,한전주,062-608-2894,광주광역시 동구청,2025-12-23
지산동307,1,,광주광역시 동구 지산동 180,35.14649393,126.935410,,전용주,062-608-2894,광주광역시 동구청,2025-12-23
지산동308,1,,광주광역시 동구 지산동 178-50,35.14682388,126.9359435,,전용주,062-608-2894,광주광역시 동구청,2025-12-23
지산동309,1,,광주광역시 동구 지산동 179-11,35.14638299,126.9358146,,한전주,062-608-2894,광주광역시 동구청,2025-12-23
지산동310,1,,광주광역시 동구 지산동 179-11,35.14638299,126.9358146,,한전주,062-608-2894,광주광역시 동구청,2025-12-23
지산동311,1,,광주광역시 동구 지산동 산127-20,35.14619705,126.9359807,,한전주,062-608-2894,광주광역시 동구청,2025-12-23
지산동312,1,,광주광역시 동구 지산동 691-6,35.14744457,126.9365923,,건축물,062-608-2894,광주광역시 동구청,2025-12-23
지산동312-1,0,,광주광역시 동구 지산동 691-38,35.1476067,126.9365068,,한전주,062-608-2894,광주광역시 동구청,2025-12-23
지산동313,1,,광주광역시 동구 지산동 725-1,35.15149765,126.9316826,,한전주,062-608-2894,광주광역시 동구청,2025-12-23
지산동314,1,,광주광역시 동구 지산동 725-1,35.15149765,126.9316169,,한전주,062-608-2894,광주광역시 동구청,2025-12-23
지산동315,1,,광주광역시 동구 지산동 725-1,35.15149765,126.931664,,한전주,062-608-2894,광주광역시 동구청,2025-12-23
지산동316,1,,광주광역시 동구 지산동 712-23,35.1522668,126.9334441,,한전주,062-608-2894,광주광역시 동구청,2025-12-23
지산동317,1,,광주광역시 동구 지산동 725-3,35.15192055,126.9298418,,한전주,062-608-2894,광주광역시 동구청,2025-12-23
지산동320,1,,광주광역시 동구 지산동 693-3,35.14757919,126.9345245,,한전주,062-608-2894,광주광역시 동구청,2025-12-23
지산동321,1,,광주광역시 동구 지산동 457-2,35.14761185,126.9340023,,한전주,062-608-2894,광주광역시 동구청,2025-12-23
지산동322,1,,광주광역시 동구 지산동 457-3,35.14750496,126.9338226,,한전주,062-608-2894,광주광역시 동구청,2025-12-23
지산동323,1,,광주광역시 동구 지산동 458-8,35.14723587,126.9333954,,한전주,062-608-2894,광주광역시 동구청,2025-12-23
지산동324,1,,광주광역시 동구 지산동 691-31,35.14751816,126.9332962,,한전주,062-608-2894,광주광역시 동구청,2025-12-23
지산동325,1,,광주광역시 동구 지산동 459-1,35.14723403,126.9330687,,한전주,062-608-2894,광주광역시 동구청,2025-12-23
지산동326,1,,광주광역시 동구 지산동 459-4,35.14729886,126.9329449,,한전주,062-608-2894,광주광역시 동구청,2025-12-23
지산동327,1,,광주광역시 동구 지산동 459-3,35.14724095,126.9325104,,한전주,062-608-2894,광주광역시 동구청,2025-12-23
지산동328,1,,광주광역시 동구 지산동 462-9,35.14744568,126.9325409,,전용주,062-608-2894,광주광역시 동구청,2025-12-23
지산동329,1,,광주광역시 동구 지산동 460-2,35.14734683,126.9328308,,한전주,062-608-2894,광주광역시 동구청,2025-12-23
지산동330,1,,광주광역시 동구 지산동 694-14,35.14749572,126.9327698,,한전주,062-608-2894,광주광역시 동구청,2025-12-23
지산동331,1,,광주광역시 동구 지산동 694-8,35.14770889,126.9327563,,한전주,062-608-2894,광주광역시 동구청,2025-12-23
지산동332,1,,광주광역시 동구 지산동 462-15,35.14775085,126.9326324,,전용주,062-608-2894,광주광역시 동구청,2025-12-23
지산동333,1,,광주광역시 동구 지산동 453-13,35.14780807,126.934339,,한전주,062-608-2894,광주광역시 동구청,2025-12-23
지산동334,1,,광주광역시 동구 지산동 453-15,35.14767838,126.9334641,,한전주,062-608-2894,광주광역시 동구청,2025-12-23
지산동335,1,,광주광역시 동구 지산동 462,35.14792537,126.9325757,,한전주,062-608-2894,광주광역시 동구청,2025-12-23
지산동336,1,,광주광역시 동구 지산동 462-8,35.14766312,126.932373,,한전주,062-608-2894,광주광역시 동구청,2025-12-23
지산동337,1,,광주광역시 동구 지산동 461-1,35.14746857,126.9322586,,한전주,062-608-2894,광주광역시 동구청,2025-12-23
지산동338,1,,광주광역시 동구 지산동 694-72,35.14812469,126.9326401,,한전주,062-608-2894,광주광역시 동구청,2025-12-23
지산동339,1,,광주광역시 동구 지산동 445-2,35.14822955,126.9330033,,한전주,062-608-2894,광주광역시 동구청,2025-12-23
지산동340,1,,광주광역시 동구 지산동 445-6,35.14816284,126.9331741,,한전주,062-608-2894,광주광역시 동구청,2025-12-23
지산동341,1,,광주광역시 동구 지산동 452-5,35.14810008,126.9334261,,한전주,062-608-2894,광주광역시 동구청,2025-12-23
지산동342,1,,광주광역시 동구 지산동 452-2,35.14813183,126.9336394,,전용주,062-608-2894,광주광역시 동구청,2025-12-23
지산동343,1,,광주광역시 동구 지산동 452-11,35.14802933,126.9337158,,한전주,062-608-2894,광주광역시 동구청,2025-12-23
지산동344,1,,광주광역시 동구 지산동 452-4,35.14809321,126.933890,,한전주,062-608-2894,광주광역시 동구청,2025-12-23
지산동345,1,,광주광역시 동구 지산동 452-13,35.14793015,126.9341965,,한전주,062-608-2894,광주광역시 동구청,2025-12-23
지산동346,1,,광주광역시 동구 지산동 232-46,35.14796829,126.9344925,,건축물,062-608-2894,광주광역시 동구청,2025-12-23
지산동347,1,,광주광역시 동구 지산동 450-4,35.14824677,126.934166,,한전주,062-608-2894,광주광역시 동구청,2025-12-23
지산동348,1,,광주광역시 동구 지산동 429-16,35.14848801,126.9343567,,한전주,062-608-2894,광주광역시 동구청,2025-12-23
지산동349,1,,광주광역시 동구 지산동 709-67,35.14911652,126.9344864,,한전주,062-608-2894,광주광역시 동구청,2025-12-23
지산동350,1,,광주광역시 동구 지산동 430-3,35.14882013,126.9340086,,한전주,062-608-2894,광주광역시 동구청,2025-12-23
지산동351,1,,광주광역시 동구 지산동 432-7,35.14894485,126.9338436,,한전주,062-608-2894,광주광역시 동구청,2025-12-23
지산동352,1,,광주광역시 동구 지산동 450-3,35.14838897,126.9339351,,한전주,062-608-2894,광주광역시 동구청,2025-12-23
지산동353,1,,광주광역시 동구 지산동 449-17,35.1482048,126.9335709,,건축물,062-608-2894,광주광역시 동구청,2025-12-23
지산동354,1,,광주광역시 동구 지산동 449-18,35.14838028,126.9335709,,한전주,062-608-2894,광주광역시 동구청,2025-12-23
지산동355,1,,광주광역시 동구 지산동 449-16,35.14830399,126.9335327,,한전주,062-608-2894,광주광역시 동구청,2025-12-23
지산동356,1,,광주광역시 동구 지산동 447-9,35.14845276,126.933403,,한전주,062-608-2894,광주광역시 동구청,2025-12-23
지산동357,1,,광주광역시 동구 지산동 449-7,35.14862786,126.9336395,,한전주,062-608-2894,광주광역시 동구청,2025-12-23
지산동358,1,,광주광역시 동구 지산동 448-25,35.14875031,126.9333267,,한전주,062-608-2894,광주광역시 동구청,2025-12-23
지산동359,1,,광주광역시 동구 지산동 448-52,35.14873876,126.9330686,,한전주,062-608-2894,광주광역시 동구청,2025-12-23
지산동360,1,,광주광역시 동구 지산동 447-2,35.14839583,126.9331358,,한전주,062-608-2894,광주광역시 동구청,2025-12-23
지산동361,1,,광주광역시 동구 지산동 445-7,35.1483345,126.9327164,,한전주,062-608-2894,광주광역시 동구청,2025-12-23
지산동362,1,,광주광역시 동구 지산동 448-41,35.1489227,126.9331839,,한전주,062-608-2894,광주광역시 동구청,2025-12-23
지산동363,1,,광주광역시 동구 지산동 448-41,35.14896393,126.9331839,,한전주,062-608-2894,광주광역시 동구청,2025-12-23
지산동364,1,,광주광역시 동구 지산동 448-35,35.14904022,126.9335292,,한전주,062-608-2894,광주광역시 동구청,2025-12-23
지산동365,1,,광주광역시 동구 지산동 709-30,35.14923096,126.9333801,,건축물,062-608-2894,광주광역시 동구청,2025-12-23
지산동366,1,,광주광역시 동구 지산동 709-28,35.1492424,126.9331257,,한전주,062-608-2894,광주광역시 동구청,2025-12-23
지산동367,1,,광주광역시 동구 지산동 709-60,35.14921563,126.9336853,,한전주,062-608-2894,광주광역시 동구청,2025-12-23
지산동368,1,,광주광역시 동구 지산동 379-12,35.1496048,126.9332047,,한전주,062-608-2894,광주광역시 동구청,2025-12-23
지산동369,1,,광주광역시 동구 지산동 379-10,35.14990616,126.9332578,,한전주,062-608-2894,광주광역시 동구청,2025-12-23
지산동370,1,,광주광역시 동구 지산동 379-7,35.15015793,126.933248,,한전주,062-608-2894,광주광역시 동구청,2025-12-23
지산동371,1,,광주광역시 동구 지산동 379-7,35.15017698,126.9332352,,한전주,062-608-2894,광주광역시 동구청,2025-12-23
지산동372,1,,광주광역시 동구 지산동 379-11,35.14980316,126.9332846,,한전주,062-608-2894,광주광역시 동구청,2025-12-23
지산동373,1,,광주광역시 동구 지산동 342-1,35.15115945,126.9347004,,한전주,062-608-2894,광주광역시 동구청,2025-12-23
지산동374,1,,광주광역시 동구 지산동 342-1,35.15115945,126.9347004,,한전주,062-608-2894,광주광역시 동구청,2025-12-23
지산동375,1,,광주광역시 동구 지산동 491-2,35.14644605,126.9327203,,한전주,062-608-2894,광주광역시 동구청,2025-12-23
지산동376,1,,광주광역시 동구 지산동 491-2,35.14644605,126.9327203,,한전주,062-608-2894,광주광역시 동구청,2025-12-23
지산동377,1,,광주광역시 동구 지산동 491-2,35.14644605,126.9327203,,한전주,062-608-2894,광주광역시 동구청,2025-12-23
지산동378,1,,광주광역시 동구 지산동 500-3,35.14612198,126.9313736,,한전주,062-608-2894,광주광역시 동구청,2025-12-23
지산동379,1,,광주광역시 동구 지산동 491,35.14582248,126.9315764,,한전주,062-608-2894,광주광역시 동구청,2025-12-23
지산동380,1,,광주광역시 동구 지산동 486-3,35.14684677,126.9314889,,건축물,062-608-2894,광주광역시 동구청,2025-12-23
지산동381,1,,광주광역시 동구 지산동 488-3,35.1470871,126.9316025,,한전주,062-608-2894,광주광역시 동구청,2025-12-23
지산동382,1,,광주광역시 동구 지산동 486-1,35.14709854,126.9313354,,한전주,062-608-2894,광주광역시 동구청,2025-12-23
지산동383,1,,광주광역시 동구 지산동 480-1,35.14697675,126.9309235,,한전주,062-608-2894,광주광역시 동구청,2025-12-23
지산동384,1,,광주광역시 동구 지산동 465-18,35.14760209,126.931043,,건축물,062-608-2894,광주광역시 동구청,2025-12-23
지산동385,1,,광주광역시 동구 지산동 480-1,35.14697675,126.9309162,,한전주,062-608-2894,광주광역시 동구청,2025-12-23
지산동386,1,,광주광역시 동구 지산동 466-16,35.14743815,126.9301605,,한전주,062-608-2894,광주광역시 동구청,2025-12-23
지산동387,1,,광주광역시 동구 지산동 466-19,35.14770889,126.930275,,한전주,062-608-2894,광주광역시 동구청,2025-12-23
지산동388,1,,광주광역시 동구 지산동 466-28,35.14756684,126.9307117,,한전주,062-608-2894,광주광역시 동구청,2025-12-23
지산동389,1,,광주광역시 동구 지산동 501-1,35.14558411,126.9309921,,한전주,062-608-2894,광주광역시 동구청,2025-12-23
지산동390,1,,광주광역시 동구 지산동 501-1,35.1455584,126.9309235,,한전주,062-608-2894,광주광역시 동구청,2025-12-23
지산동391,1,,광주광역시 동구 지산동 502-5,35.14531035,126.9307785,,한전주,062-608-2894,광주광역시 동구청,2025-12-23
지산동392,1,,광주광역시 동구 지산동 503-1,35.14503098,126.9305752,,한전주,062-608-2894,광주광역시 동구청,2025-12-23
지산동393,1,,광주광역시 동구 지산동 503-17,35.14520264,126.9304092,,한전주,062-608-2894,광주광역시 동구청,2025-12-23
지산동394,1,,광주광역시 동구 지산동 507-16,35.14480972,126.9298859,,한전주,062-608-2894,광주광역시 동구청,2025-12-23
지산동395,1,,광주광역시 동구 지산동 507-15,35.14489746,126.9297068,,전용주,062-608-2894,광주광역시 동구청,2025-12-23
지산동396,1,,광주광역시 동구 지산동 506-5,35.14501861,126.9296351,,한전주,062-608-2894,광주광역시 동구청,2025-12-23
지산동397,1,,광주광역시 동구 지산동 507-17,35.14471436,126.9299008,,전용주,062-608-2894,광주광역시 동구청,2025-12-23
지산동398,1,,광주광역시 동구 지산동 507-17,35.14471843,126.9299698,,한전주,062-608-2894,광주광역시 동구청,2025-12-23
지산동399,1,,광주광역시 동구 지산동 507-16,35.14480538,126.9298388,,한전주,062-608-2894,광주광역시 동구청,2025-12-23
지산동400,1,,광주광역시 동구 지산동 507-4,35.14485168,126.9296359,,한전주,062-608-2894,광주광역시 동구청,2025-12-23
지산동401,1,,광주광역시 동구 지산동 507-28,35.14466308,126.9294262,,한전주,062-608-2894,광주광역시 동구청,2025-12-23
지산동402,1,,광주광역시 동구 지산동 507-15,35.14487732,126.9297068,,한전주,062-608-2894,광주광역시 동구청,2025-12-23
지산동403,1,,광주광역시 동구 지산동 505-6,35.14522382,126.9294241,,한전주,062-608-2894,광주광역시 동구청,2025-12-23
지산동404,1,,광주광역시 동구 지산동 473-6,35.14565895,126.9298118,,한전주,062-608-2894,광주광역시 동구청,2025-12-23
지산동405,1,,광주광역시 동구 지산동 505-2,35.14545441,126.9296112,,전용주,062-608-2894,광주광역시 동구청,2025-12-23
지산동406,1,,광주광역시 동구 지산동 505-7,35.14516743,126.9293365,,건축물,062-608-2894,광주광역시 동구청,2025-12-23
지산동407,1,,광주광역시 동구 지산동 476-5,35.14577484,126.9300232,,한전주,062-608-2894,광주광역시 동구청,2025-12-23
지산동217,1,,광주광역시 동구 지산동 342-97,35.15156968,126.9342804,,한전주,062-608-2894,광주광역시 동구청,2025-12-23
지산동218,1,,광주광역시 동구 지산동 705-15,35.15161514,126.935997,,한전주,062-608-2894,광주광역시 동구청,2025-12-23
지산동219,1,,광주광역시 동구 지산동 705-18,35.15166228,126.9363098,,한전주,062-608-2894,광주광역시 동구청,2025-12-23
지산동220,1,,광주광역시 동구 지산동 705-39,35.15126668,126.9359436,,한전주,062-608-2894,광주광역시 동구청,2025-12-23
지산동221,1,,광주광역시 동구 지산동 705-36,35.15128708,126.936409,,한전주,062-608-2894,광주광역시 동구청,2025-12-23
지산동222,1,,광주광역시 동구 지산동 707-47,35.15107108,126.9359779,,한전주,062-608-2894,광주광역시 동구청,2025-12-23
지산동223,1,,광주광역시 동구 지산동 707-1,35.15107982,126.9363183,,건축물,062-608-2894,광주광역시 동구청,2025-12-23
지산동224,1,,광주광역시 동구 지산동 705-36,35.15124807,126.9364624,,한전주,062-608-2894,광주광역시 동구청,2025-12-23
지산동225,1,,광주광역시 동구 지산동 707-31,35.15089798,126.9363861,,한전주,062-608-2894,광주광역시 동구청,2025-12-23
지산동226,1,,광주광역시 동구 지산동 707-37,35.15086149,126.9362183,,한전주,062-608-2894,광주광역시 동구청,2025-12-23
지산동227,1,,광주광역시 동구 지산동 707-5,35.15055847,126.9362774,,한전주,062-608-2894,광주광역시 동구청,2025-12-23
지산동228,1,,광주광역시 동구 지산동 707-12,35.15037155,126.9362893,,전용주,062-608-2894,광주광역시 동구청,2025-12-23
지산동229,1,,광주광역시 동구 지산동 707-13,35.15023188,126.9362749,,한전주,062-608-2894,광주광역시 동구청,2025-12-23
지산동230,1,,광주광역시 동구 지산동 708-3,35.14975101,126.936285,,한전주,062-608-2894,광주광역시 동구청,2025-12-23
지산동231,1,,광주광역시 동구 지산동 708-20,35.14944077,126.9364298,,한전주,062-608-2894,광주광역시 동구청,2025-12-23
지산동232,1,,광주광역시 동구 지산동 708-14,35.1497659,126.9366549,,한전주,062-608-2894,광주광역시 동구청,2025-12-23
지산동233,1,,광주광역시 동구 지산동 706-23,35.15009833,126.9368492,,한전주,062-608-2894,광주광역시 동구청,2025-12-23
지산동234,1,,광주광역시 동구 지산동 707-14,35.15009658,126.9362183,,한전주,062-608-2894,광주광역시 동구청,2025-12-23
지산동235,1,,광주광역시 동구 지산동 708-30,35.14985275,126.935937,,한전주,062-608-2894,광주광역시 동구청,2025-12-23
지산동236,1,,광주광역시 동구 지산동 707-22,35.1500801,126.9359415,,한전주,062-608-2894,광주광역시 동구청,2025-12-23
지산동237,1,,광주광역시 동구 지산동 707-40,35.15047996,126.9359765,,한전주,062-608-2894,광주광역시 동구청,2025-12-23
지산동238,1,,광주광역시 동구 지산동 707-46,35.15077972,126.9359649,,한전주,062-608-2894,광주광역시 동구청,2025-12-23
지산동239,1,,광주광역시 동구 지산동 708-33,35.14946301,126.9359025,,한전주,062-608-2894,광주광역시 동구청,2025-12-23
지산동240,1,,광주광역시 동구 지산동 227-10,35.14859009,126.9370458,,한전주,062-608-2894,광주광역시 동구청,2025-12-23
지산동241,1,,광주광역시 동구 지산동 227-3,35.14886027,126.9367633,,한전주,062-608-2894,광주광역시 동구청,2025-12-23
지산동242,1,,광주광역시 동구 지산동 227-54,35.14875416,126.9365532,,한전주,062-608-2894,광주광역시 동구청,2025-12-23
지산동243,1,,광주광역시 동구 지산동 227-53,35.14883423,126.9365748,,건축물,062-608-2894,광주광역시 동구청,2025-12-23
지산동244,1,,광주광역시 동구 지산동 227-47,35.14865875,126.9362741,,한전주,062-608-2894,광주광역시 동구청,2025-12-23
지산동245,1,,광주광역시 동구 지산동 227-57,35.14870834,126.9362903,,한전주,062-608-2894,광주광역시 동구청,2025-12-23
지산동246,1,,광주광역시 동구 지산동 227-27,35.14840748,126.9363573,,건축물,062-608-2894,광주광역시 동구청,2025-12-23
지산동247,1,,광주광역시 동구 지산동 227-50,35.14871979,126.9361946,,한전주,062-608-2894,광주광역시 동구청,2025-12-23
지산동248,1,,광주광역시 동구 지산동 231-8,35.14866638,126.9358869,,한전주,062-608-2894,광주광역시 동구청,2025-12-23
지산동249,1,,광주광역시 동구 지산동 709-49,35.14915546,126.9360123,,한전주,062-608-2894,광주광역시 동구청,2025-12-23
지산동250,1,,광주광역시 동구 지산동 231-13,35.14851884,126.9359512,,건축물,062-608-2894,광주광역시 동구청,2025-12-23
지산동251,1,,광주광역시 동구 지산동 227-2,35.14832687,126.9366913,,한전주,062-608-2894,광주광역시 동구청,2025-12-23
지산동252,1,,광주광역시 동구 지산동 227-26,35.14840043,126.9364927,,전용주,062-608-2894,광주광역시 동구청,2025-12-23
지산동253,1,,광주광역시 동구 지산동 232-59,35.1480717,126.9360398,,전용주,062-608-2894,광주광역시 동구청,2025-12-23
지산동254,1,,광주광역시 동구 지산동 232-44,35.14802085,126.9362825,,전용주,062-608-2894,광주광역시 동구청,2025-12-23
지산동416,1,,광주광역시 동구 지산동 470-1,35.14585664,126.9301016,,한전주,062-608-2894,광주광역시 동구청,2025-12-23
지산동417,1,,광주광역시 동구 지산동 521-3,35.14621732,126.929452,,한전주,062-608-2894,광주광역시 동구청,2025-12-23
지산동418,1,,광주광역시 동구 지산동 521-7,35.14598465,126.9296036,,한전주,062-608-2894,광주광역시 동구청,2025-12-23
지산동419,1,,광주광역시 동구 지산동 520-10,35.14582825,126.9294281,,한전주,062-608-2894,광주광역시 동구청,2025-12-23
지산동420,1,,광주광역시 동구 지산동 509-3,35.1455525,126.9291812,,한전주,062-608-2894,광주광역시 동구청,2025-12-23
지산동421,1,,광주광역시 동구 지산동 509-10,35.14531392,126.9290619,,한전주,062-608-2894,광주광역시 동구청,2025-12-23
지산동422,1,,광주광역시 동구 지산동 507-29,35.14500941,126.929309,,한전주,062-608-2894,광주광역시 동구청,2025-12-23
지산동423,1,,광주광역시 동구 지산동 510-6,35.14539818,126.9288737,,전용주,062-608-2894,광주광역시 동구청,2025-12-23
지산동424,1,,광주광역시 동구 지산동 510-5,35.14558792,126.9287949,,한전주,062-608-2894,광주광역시 동구청,2025-12-23
지산동425,1,,광주광역시 동구 지산동 511-15,35.14587402,126.9288739,,한전주,062-608-2894,광주광역시 동구청,2025-12-23
지산동426,1,,광주광역시 동구 지산동 517-38,35.14610002,126.9289474,,건축물,062-608-2894,광주광역시 동구청,2025-12-23
지산동427,1,,광주광역시 동구 지산동 518-5,35.14612961,126.928688,,전용주,062-608-2894,광주광역시 동구청,2025-12-23
지산동428,1,,광주광역시 동구 지산동 517,35.14606857,126.9290771,,한전주,062-608-2894,광주광역시 동구청,2025-12-23
지산동429,1,,광주광역시 동구 지산동 473-4,35.14577484,126.9297028,,한전주,062-608-2894,광주광역시 동구청,2025-12-23
지산동430,1,,광주광역시 동구 지산동 521-3,35.14623642,126.929452,,한전주,062-608-2894,광주광역시 동구청,2025-12-23
지산동431,1,,광주광역시 동구 지산동 522-3,35.14652032,126.9289373,,한전주,062-608-2894,광주광역시 동구청,2025-12-23
지산동432,1,,광주광역시 동구 지산동 519-5,35.14648438,126.9288412,,한전주,062-608-2894,광주광역시 동구청,2025-12-23
지산동433,1,,광주광역시 동구 지산동 517-21,35.14644241,126.9281507,,건축물,062-608-2894,광주광역시 동구청,2025-12-23
지산동434,1,,광주광역시 동구 지산동 517-13,35.14623873,126.9284744,,한전주,062-608-2894,광주광역시 동구청,2025-12-23
지산동435,1,,광주광역시 동구 지산동 517-19,35.14605331,126.9285126,,한전주,062-608-2894,광주광역시 동구청,2025-12-23
지산동436,1,,광주광역시 동구 지산동 514-9,35.14568199,126.928215,,한전주,062-608-2894,광주광역시 동구청,2025-12-23
지산동437,1,,광주광역시 동구 지산동 516-1,35.14619827,126.9279699,,전용주,062-608-2894,광주광역시 동구청,2025-12-23
지산동438,1,,광주광역시 동구 지산동 515-5,35.14607239,126.9278254,,한전주,062-608-2894,광주광역시 동구청,2025-12-23
지산동439,1,,광주광역시 동구 지산동 514-14,35.14583034,126.9280243,,한전주,062-608-2894,광주광역시 동구청,2025-12-23
지산동440,1,,광주광역시 동구 지산동 514-2,35.14578865,126.9277947,,한전주,062-608-2894,광주광역시 동구청,2025-12-23
지산동441,1,,광주광역시 동구 지산동 515-2,35.14596939,126.9275889,,한전주,062-608-2894,광주광역시 동구청,2025-12-23
지산동442,1,,광주광역시 동구 지산동 515-2,35.14598465,126.9275589,,건축물,062-608-2894,광주광역시 동구청,2025-12-23
지산동443,1,,광주광역시 동구 지산동 218-34,35.14789626,126.9395744,,한전주,062-608-2894,광주광역시 동구청,2025-12-23
지산동444,1,,광주광역시 동구 지산동 523-1,35.14691755,126.9290695,,한전주,062-608-2894,광주광역시 동구청,2025-12-23
지산동445,1,,광주광역시 동구 지산동 523-1,35.14691755,126.9290765,,한전주,062-608-2894,광주광역시 동구청,2025-12-23
지산동446,1,,광주광역시 동구 지산동 523-4,35.14670944,126.9289418,,한전주,062-608-2894,광주광역시 동구청,2025-12-23
지산동447,1,,광주광역시 동구 지산동 116-15,35.14723969,126.9296722,,한전주,062-608-2894,광주광역시 동구청,2025-12-23
지산동448,1,,광주광역시 동구 지산동 116-1,35.14872071,126.9452265,,한전주,062-608-2894,광주광역시 동구청,2025-12-23
지산동449,1,,광주광역시 동구 지산동 465-7,35.14737701,126.9312175,,전용주,062-608-2894,광주광역시 동구청,2025-12-23
지산동450,1,,광주광역시 동구 지산동 464-5,35.14730835,126.9316101,,한전주,062-608-2894,광주광역시 동구청,2025-12-23
지산동451,1,,광주광역시 동구 지산동 462-19,35.14762026,126.9319916,,전용주,062-608-2894,광주광역시 동구청,2025-12-23
지산동452,1,,광주광역시 동구 지산동 464-6,35.14747484,126.9315796,,한전주,062-608-2894,광주광역시 동구청,2025-12-23
지산동453,1,,광주광역시 동구 지산동 463-13,35.14766885,126.931366,,한전주,062-608-2894,광주광역시 동구청,2025-12-23
지산동454,1,,광주광역시 동구 지산동 463-13,35.14766885,126.9313736,,한전주,062-608-2894,광주광역시 동구청,2025-12-23
지산동455,1,,광주광역시 동구 지산동 407-8,35.1477623,126.9311252,,건축물,062-608-2894,광주광역시 동구청,2025-12-23
지산동456,1,,광주광역시 동구 지산동 407-6,35.14795748,126.9311587,,한전주,062-608-2894,광주광역시 동구청,2025-12-23
지산동457,1,,광주광역시 동구 지산동 407-3,35.14822006,126.9311218,,전용주,062-608-2894,광주광역시 동구청,2025-12-23
지산동458,1,,광주광역시 동구 지산동 406-9,35.14785004,126.9308373,,한전주,062-608-2894,광주광역시 동구청,2025-12-23
지산동459,1,,광주광역시 동구 지산동 406-4,35.1481055,126.930748,,한전주,062-608-2894,광주광역시 동구청,2025-12-23
지산동460,1,,광주광역시 동구 지산동 405-18,35.14812011,126.9305954,,한전주,062-608-2894,광주광역시 동구청,2025-12-23
지산동461,1,,광주광역시 동구 지산동 405-17,35.14820493,126.9305766,,전용주,062-608-2894,광주광역시 동구청,2025-12-23
지산동462,1,,광주광역시 동구 지산동 409-6,35.14830718,126.9304798,,한전주,062-608-2894,광주광역시 동구청,2025-12-23
지산동463,1,,광주광역시 동구 지산동 406-1,35.14823277,126.9307938,,한전주,062-608-2894,광주광역시 동구청,2025-12-23
지산동464,1,,광주광역시 동구 지산동 407-11,35.14827728,126.931038,,전용주,062-608-2894,광주광역시 동구청,2025-12-23
지산동465,1,,광주광역시 동구 지산동 405-9,35.1480217,126.9304003,,한전주,062-608-2894,광주광역시 동구청,2025-12-23
지산동466,1,,광주광역시 동구 지산동 462-2,35.14778137,126.9318597,,한전주,062-608-2894,광주광역시 동구청,2025-12-23
지산동467,1,,광주광역시 동구 지산동 444-8,35.14775903,126.9318008,,한전주,062-608-2894,광주광역시 동구청,2025-12-23
지산동468,1,,광주광역시 동구 지산동 444-7,35.14775903,126.9318597,,전용주,062-608-2894,광주광역시 동구청,2025-12-23
지산동469,1,,광주광역시 동구 지산동 443-15,35.1484586,126.9322281,,건축물,062-608-2894,광주광역시 동구청,2025-12-23
지산동470,1,,광주광역시 동구 지산동 442-1,35.14876938,126.9315684,,한전주,062-608-2894,광주광역시 동구청,2025-12-23
지산동471,1,,광주광역시 동구 지산동 439-12,35.14873505,126.9312439,,한전주,062-608-2894,광주광역시 동구청,2025-12-23
지산동472,1,,광주광역시 동구 지산동 412-12,35.14887238,126.9309464,,건축물,062-608-2894,광주광역시 동구청,2025-12-23
지산동473,1,,광주광역시 동구 지산동 412-12,35.14888382,126.9309514,,한전주,062-608-2894,광주광역시 동구청,2025-12-23
지산동474,1,,광주광역시 동구 지산동 694-68,35.14824295,126.9313812,,한전주,062-608-2894,광주광역시 동구청,2025-12-23
지산동475,1,,광주광역시 동구 지산동 463-1,35.14795711,126.9313049,,전용주,062-608-2894,광주광역시 동구청,2025-12-23
지산동476,1,,광주광역시 동구 지산동 413-4,35.14921188,126.9309921,,한전주,062-608-2894,광주광역시 동구청,2025-12-23
지산동477,1,,광주광역시 동구 지산동 439,35.14919281,126.9313057,,한전주,062-608-2894,광주광역시 동구청,2025-12-23
지산동478,1,,광주광역시 동구 지산동 438-4,35.14935303,126.931439,,건축물,062-608-2894,광주광역시 동구청,2025-12-23
지산동479,1,,광주광역시 동구 지산동 441-30,35.14923859,126.931633,,한전주,062-608-2894,광주광역시 동구청,2025-12-23
지산동480,1,,광주광역시 동구 지산동 438-9,35.14936066,126.931633,,건축물,062-608-2894,광주광역시 동구청,2025-12-23
지산동481,1,,광주광역시 동구 지산동 692-10,35.14937004,126.9321197,,한전주,062-608-2894,광주광역시 동구청,2025-12-23
지산동482,1,,광주광역시 동구 지산동 437-10,35.14935047,126.932013,,건축물,062-608-2894,광주광역시 동구청,2025-12-23
지산동483,1,,광주광역시 동구 지산동 441-4,35.14925003,126.9320908,,한전주,062-608-2894,광주광역시 동구청,2025-12-23
지산동484,1,,광주광역시 동구 지산동 439-4,35.14907455,126.9312786,,한전주,062-608-2894,광주광역시 동구청,2025-12-23
지산동485,1,,광주광역시 동구 지산동 412-20,35.14911335,126.9315107,,한전주,062-608-2894,광주광역시 동구청,2025-12-23
지산동486,1,,광주광역시 동구 지산동 441-5,35.14892418,126.932251,,한전주,062-608-2894,광주광역시 동구청,2025-12-23
지산동487,1,,광주광역시 동구 지산동 442-7,35.14861146,126.9321747,,한전주,062-608-2894,광주광역시 동구청,2025-12-23
지산동488,1,,광주광역시 동구 지산동 448-6,35.14888487,126.9325666,,한전주,062-608-2894,광주광역시 동구청,2025-12-23
지산동489,1,,광주광역시 동구 지산동 447,35.14872607,126.9325333,,건축물,062-608-2894,광주광역시 동구청,2025-12-23
지산동490,1,,광주광역시 동구 지산동 433-3,35.14933444,126.9328461,,전용주,062-608-2894,광주광역시 동구청,2025-12-23
지산동491,1,,광주광역시 동구 지산동 692-9,35.14942169,126.9324341,,한전주,062-608-2894,광주광역시 동구청,2025-12-23
지산동492,1,,광주광역시 동구 지산동 434-9,35.14935684,126.9323698,,건축물,062-608-2894,광주광역시 동구청,2025-12-23
지산동493,1,,광주광역시 동구 지산동 434-4,35.14921951,126.9322888,,건축물,062-608-2894,광주광역시 동구청,2025-12-23
지산동494,1,,광주광역시 동구 지산동 715-2,35.15039259,126.932600,,한전주,062-608-2894,광주광역시 동구청,2025-12-23
지산동495,1,,광주광역시 동구 지산동 437-20,35.14945602,126.9319989,,건축물,062-608-2894,광주광역시 동구청,2025-12-23
지산동496,1,,광주광역시 동구 지산동 716-12,35.14954376,126.9319153,,한전주,062-608-2894,광주광역시 동구청,2025-12-23
지산동497,1,,광주광역시 동구 지산동 438-8,35.14946512,126.9316254,,한전주,062-608-2894,광주광역시 동구청,2025-12-23
지산동498,1,,광주광역시 동구 지산동 414-13,35.14952087,126.9311468,,한전주,062-608-2894,광주광역시 동구청,2025-12-23
지산동499,1,,광주광역시 동구 지산동 414-16,35.14961624,126.9310207,,한전주,062-608-2894,광주광역시 동구청,2025-12-23
지산동500,1,,광주광역시 동구 지산동 414-5,35.14945602,126.9309641,,한전주,062-608-2894,광주광역시 동구청,2025-12-23
지산동501,1,,광주광역시 동구 지산동 414-8,35.14938969,126.931227,,건축물,062-608-2894,광주광역시 동구청,2025-12-23
지산동502,1,,광주광역시 동구 지산동 716-49,35.15008868,126.931015,,한전주,062-608-2894,광주광역시 동구청,2025-12-23
지산동503,1,,광주광역시 동구 지산동 717-27,35.15048218,126.9312553,,한전주,062-608-2894,광주광역시 동구청,2025-12-23
지산동504,1,,광주광역시 동구 지산동 716-48,35.15009689,126.9311752,,전용주,062-608-2894,광주광역시 동구청,2025-12-23
지산동505,1,,광주광역시 동구 지산동 716-46,35.14990143,126.9311369,,전용주,062-608-2894,광주광역시 동구청,2025-12-23
지산동506,1,,광주광역시 동구 지산동 717-29,35.15037537,126.9312594,,한전주,062-608-2894,광주광역시 동구청,2025-12-23
지산동507,1,,광주광역시 동구 지산동 717-49,35.15057373,126.9313278,,한전주,062-608-2894,광주광역시 동구청,2025-12-23
지산동508,1,,광주광역시 동구 지산동 716-3,35.15008926,126.9315033,,한전주,062-608-2894,광주광역시 동구청,2025-12-23
지산동509,1,,광주광역시 동구 지산동 716-51,35.1497612,126.931379,,한전주,062-608-2894,광주광역시 동구청,2025-12-23
지산동510,1,,광주광역시 동구 지산동 717-32,35.15032974,126.9317498,,전용주,062-608-2894,광주광역시 동구청,2025-12-23
지산동511,1,,광주광역시 동구 지산동 717-17,35.15054321,126.9317169,,한전주,062-608-2894,광주광역시 동구청,2025-12-23
지산동512,1,,광주광역시 동구 지산동 717-34,35.1503067,126.9320221,,한전주,062-608-2894,광주광역시 동구청,2025-12-23
지산동513,1,,광주광역시 동구 지산동 716-25,35.15005112,126.9321234,,한전주,062-608-2894,광주광역시 동구청,2025-12-23
지산동514,1,,광주광역시 동구 지산동 715-2,35.15039259,126.932600,,한전주,062-608-2894,광주광역시 동구청,2025-12-23
지산동515,1,,광주광역시 동구 지산동 715-29,35.15005493,126.9329453,,전용주,062-608-2894,광주광역시 동구청,2025-12-23
지산동516,1,,광주광역시 동구 지산동 718-27,35.15036647,126.9305623,,전용주,062-608-2894,광주광역시 동구청,2025-12-23
지산동517,1,,광주광역시 동구 지산동 720-25,35.15122604,126.9299935,,전용주,062-608-2894,광주광역시 동구청,2025-12-23
지산동518,1,,광주광역시 동구 지산동 720-48,35.15154266,126.9302444,,건축물,062-608-2894,광주광역시 동구청,2025-12-23
지산동519,1,,광주광역시 동구 지산동 720-36,35.15163422,126.9303429,,전용주,062-608-2894,광주광역시 동구청,2025-12-23
지산동520,1,,광주광역시 동구 지산동 720-42,35.15170381,126.9300079,,전용주,062-608-2894,광주광역시 동구청,2025-12-23
지산동521,1,,광주광역시 동구 지산동 720-41,35.15180388,126.9301605,,전용주,062-608-2894,광주광역시 동구청,2025-12-23
지산동522,1,,광주광역시 동구 지산동 720-33,35.15192795,126.9303412,,전용주,062-608-2894,광주광역시 동구청,2025-12-23
지산동523,1,,광주광역시 동구 지산동 720-24,35.15231937,126.9304657,,전용주,062-608-2894,광주광역시 동구청,2025-12-23
지산동524,1,,광주광역시 동구 지산동 720-22,35.15248489,126.9304276,,한전주,062-608-2894,광주광역시 동구청,2025-12-23
지산동525,1,,광주광역시 동구 지산동 720-2,35.15254974,126.9302292,,한전주,062-608-2894,광주광역시 동구청,2025-12-23
지산동526,1,,광주광역시 동구 지산동 721-1,35.15258538,126.9299469,,한전주,062-608-2894,광주광역시 동구청,2025-12-23
지산동527,1,,광주광역시 동구 지산동 720-66,35.15236664,126.9302116,,전용주,062-608-2894,광주광역시 동구청,2025-12-23
지산동528,1,,광주광역시 동구 지산동 721-13,35.15223694,126.9298824,,한전주,062-608-2894,광주광역시 동구청,2025-12-23
지산동529,1,,광주광역시 동구 지산동 720-44,35.15199142,126.930045,,한전주,062-608-2894,광주광역시 동구청,2025-12-23
지산동530,1,,광주광역시 동구 지산동 721-21,35.15214539,126.9297183,,전용주,062-608-2894,광주광역시 동구청,2025-12-23
지산동531,1,,광주광역시 동구 지산동 721-24,35.15222277,126.9296623,,전용주,062-608-2894,광주광역시 동구청,2025-12-23
지산동532,1,,광주광역시 동구 지산동 721-43,35.15181971,126.9294586,,전용주,062-608-2894,광주광역시 동구청,2025-12-23
지산동533,1,,광주광역시 동구 지산동 720-57,35.15166092,126.9298553,,한전주,062-608-2894,광주광역시 동구청,2025-12-23
지산동534,1,,광주광역시 동구 지산동 725-3,35.15191166,126.9298789,,한전주,062-608-2894,광주광역시 동구청,2025-12-23
지산동535,1,,광주광역시 동구 지산동 722-1,35.15146528,126.9295525,,한전주,062-608-2894,광주광역시 동구청,2025-12-23
지산동536,1,,광주광역시 동구 지산동 722-34,35.15122604,126.9294434,,한전주,062-608-2894,광주광역시 동구청,2025-12-23
지산동537,1,,광주광역시 동구 지산동 720-20,35.1511879,126.9297201,,한전주,062-608-2894,광주광역시 동구청,2025-12-23
지산동538,1,,광주광역시 동구 지산동 722-30,35.1512413,126.9290695,,전용주,062-608-2894,광주광역시 동구청,2025-12-23
지산동539,1,,광주광역시 동구 지산동 722-40,35.15120304,126.9287796,,건축물,062-608-2894,광주광역시 동구청,2025-12-23
지산동540,1,,광주광역시 동구 지산동 722-38,35.15123434,126.9288101,,전용주,062-608-2894,광주광역시 동구청,2025-12-23
지산동541,1,,광주광역시 동구 지산동 722-49,35.1512308,126.9284668,,전용주,062-608-2894,광주광역시 동구청,2025-12-23
지산동542,1,,광주광역시 동구 지산동 722-43,35.15135193,126.9285431,,전용주,062-608-2894,광주광역시 동구청,2025-12-23
지산동543,1,,광주광역시 동구 지산동 724-2,35.15135449,126.9305248,,전용주,062-608-2894,광주광역시 동구청,2025-12-23
지산동544,1,,광주광역시 동구 지산동 722-53,35.15136719,126.9281693,,전용주,062-608-2894,광주광역시 동구청,2025-12-23
지산동545,1,,광주광역시 동구 지산동 672,35.15243066,126.9276848,,한전주,062-608-2894,광주광역시 동구청,2025-12-23
지산동546,1,,광주광역시 동구 지산동 722-9,35.15149272,126.9283142,,한전주,062-608-2894,광주광역시 동구청,2025-12-23
지산동547,1,,광주광역시 동구 지산동 722-5,35.15148279,126.9286597,,한전주,062-608-2894,광주광역시 동구청,2025-12-23
지산동548,1,,광주광역시 동구 지산동 722-23,35.1514969,126.9292084,,한전주,062-608-2894,광주광역시 동구청,2025-12-23
지산동549,1,,광주광역시 동구 지산동 721-34,35.15209198,126.9293213,,한전주,062-608-2894,광주광역시 동구청,2025-12-23
지산동550,1,,광주광역시 동구 지산동 721-38,35.15244293,126.9295367,,한전주,062-608-2894,광주광역시 동구청,2025-12-23
지산동551,1,,광주광역시 동구 지산동 721-4,35.15268707,126.9296026,,한전주,062-608-2894,광주광역시 동구청,2025-12-23
지산동552,1,,광주광역시 동구 지산동 671,35.15300529,126.9285346,,한전주,062-608-2894,광주광역시 동구청,2025-12-23
지산동553,1,,광주광역시 동구 지산동 671,35.15300529,126.9285346,,한전주,062-608-2894,광주광역시 동구청,2025-12-23
지산동554,1,,광주광역시 동구 지산동 671,35.15300529,126.9285346,,한전주,062-608-2894,광주광역시 동구청,2025-12-23
지산동555,1,,광주광역시 동구 지산동 675-36,35.15285873,126.9270782,,한전주,062-608-2894,광주광역시 동구청,2025-12-23
지산동556,1,,광주광역시 동구 지산동 675-50,35.15264893,126.9271088,,한전주,062-608-2894,광주광역시 동구청,2025-12-23
지산동557,1,,광주광역시 동구 지산동 676-13,35.15236664,126.927140,,한전주,062-608-2894,광주광역시 동구청,2025-12-23
지산동558,1,,광주광역시 동구 지산동 676-6,35.15242089,126.9273834,,한전주,062-608-2894,광주광역시 동구청,2025-12-23
지산동559,1,,광주광역시 동구 지산동 677-3,35.1520601,126.9276374,,한전주,062-608-2894,광주광역시 동구청,2025-12-23
지산동560,1,,광주광역시 동구 지산동 675-3,35.15226972,126.9270179,,한전주,062-608-2894,광주광역시 동구청,2025-12-23
지산동561,1,,광주광역시 동구 지산동 675-18,35.15236282,126.9264563,,한전주,062-608-2894,광주광역시 동구청,2025-12-23
지산동562,1,,광주광역시 동구 지산동 675-15,35.15244391,126.926701,,한전주,062-608-2894,광주광역시 동구청,2025-12-23
지산동563,1,,광주광역시 동구 지산동 67-21,35.1496582,126.9447144,,한전주,062-608-2894,광주광역시 동구청,2025-12-23
지산동564,1,,광주광역시 동구 지산동 84,35.14969871,126.9428406,,한전주,062-608-2894,광주광역시 동구청,2025-12-23
지산동565,1,,광주광역시 동구 지산동 83-1,35.14995489,126.9429932,,한전주,062-608-2894,광주광역시 동구청,2025-12-23
지산동566,1,,광주광역시 동구 지산동 224-1,35.14843703,126.9380907,,전용주,062-608-2894,광주광역시 동구청,2025-12-23
지산동567,1,,광주광역시 동구 지산동 99-4,35.14818875,126.9417378,,한전주,062-608-2894,광주광역시 동구청,2025-12-23
지산동568,1,,광주광역시 동구 지산동 110,35.1485239,126.943335,,한전주,062-608-2894,광주광역시 동구청,2025-12-23
지산동569,1,,광주광역시 동구 지산동 218-56,35.14810407,126.939581,,전용주,062-608-2894,광주광역시 동구청,2025-12-23
지산동570,1,,광주광역시 동구 지산동 218-67,35.14799207,126.9401444,,전용주,062-608-2894,광주광역시 동구청,2025-12-23
지산동571,1,,광주광역시 동구 지산동 288-3,35.14993313,126.9396335,,전용주,062-608-2894,광주광역시 동구청,2025-12-23
지산동572,1,,광주광역시 동구 지산동 산 56-4,35.1492259,126.948845,,한전주,062-608-2894,광주광역시 동구청,2025-12-23
지산동573,1,,광주광역시 동구 지산동 224-18,35.14940767,126.9388449,,전용주,062-608-2894,광주광역시 동구청,2025-12-23
지산동574,1,,광주광역시 동구 지산동 315-59,35.15015316,126.9382733,,전용주,062-608-2894,광주광역시 동구청,2025-12-23
지산동575,1,,광주광역시 동구 지산동 196-22,35.1473765,126.9383892,,한전주,062-608-2894,광주광역시 동구청,2025-12-23
충장로1가001,1,,광주광역시 동구 충장로1가 2-3,35.14768219,126.9180374,,전용주,062-608-2894,광주광역시 동구청,2025-12-23
충장로1가002,1,,광주광역시 동구 충장로1가 1,35.14792084,126.9177881,,전용주,062-608-2894,광주광역시 동구청,2025-12-23
충장로2가001,1,,광주광역시 동구 충장로2가 8,35.14827728,126.9169017,,전용주,062-608-2894,광주광역시 동구청,2025-12-23
충장로2가002,1,,광주광역시 동구 충장로2가 8-3,35.14812601,126.9167786,,전용주,062-608-2894,광주광역시 동구청,2025-12-23
충장로2가003,1,,광주광역시 동구 충장로2가 7-2,35.14830017,126.9167252,,전용주,062-608-2894,광주광역시 동구청,2025-12-23
충장로2가004,1,,광주광역시 동구 충장로2가 8-3,35.14818573,126.9167328,,전용주,062-608-2894,광주광역시 동구청,2025-12-23
충장로2가005,1,,광주광역시 동구 충장로2가 33,35.14806366,126.9166336,,전용주,062-608-2894,광주광역시 동구청,2025-12-23
충장로3가001,1,,광주광역시 동구 충장로3가 6-1,35.14943437,126.9153879,,전용주,062-608-2894,광주광역시 동구청,2025-12-23
충장로3가002,1,,광주광역시 동구 충장로3가 8,35.14915404,126.9153773,,전용주,062-608-2894,광주광역시 동구청,2025-12-23
충장로3가003,1,,광주광역시 동구 충장로3가 9-10,35.14914703,126.9155203,,전용주,062-608-2894,광주광역시 동구청,2025-12-23
충장로3가004,1,,광주광역시 동구 충장로3가 9-3,35.14905167,126.915451,,전용주,062-608-2894,광주광역시 동구청,2025-12-23
충장로3가005,1,,광주광역시 동구 충장로3가 9-4,35.14897919,126.9153137,,전용주,062-608-2894,광주광역시 동구청,2025-12-23
충장로3가006,1,,광주광역시 동구 충장로3가 32-2,35.14907074,126.9143581,,건축물,062-608-2894,광주광역시 동구청,2025-12-23
충장로3가007,1,,광주광역시 동구 충장로3가 41-1,35.14802613,126.9153213,,전용주,062-608-2894,광주광역시 동구청,2025-12-23
충장로3가008,1,,광주광역시 동구 충장로3가 37-2,35.14868094,126.914635,,전용주,062-608-2894,광주광역시 동구청,2025-12-23
충장로3가009,1,,광주광역시 동구 충장로3가 27,35.14897919,126.9147201,,전용주,062-608-2894,광주광역시 동구청,2025-12-23
충장로4가001,1,,광주광역시 동구 충장로4가 2-1,35.15049536,126.9137133,,전용주,062-608-2894,광주광역시 동구청,2025-12-23
충장로4가002,1,,광주광역시 동구 충장로4가 53,35.14995202,126.9132088,,전용주,062-608-2894,광주광역시 동구청,2025-12-23
충장로4가006,1,,광주광역시 동구 충장로4가 58,35.14930344,126.912122,,전용주,062-608-2894,광주광역시 동구청,2025-12-23
충장로4가007,1,,광주광역시 동구 충장로4가 30-10,35.14914763,126.9124326,,전용주,062-608-2894,광주광역시 동구청,2025-12-23
충장로4가008,1,,광주광역시 동구 충장로4가 31-1,35.14949852,126.912305,,전용주,062-608-2894,광주광역시 동구청,2025-12-23
충장로4가009,1,,광주광역시 동구 충장로4가 32-2,35.14911652,126.9128041,,전용주,062-608-2894,광주광역시 동구청,2025-12-23
충장로4가010,1,,광주광역시 동구 충장로4가 32-2,35.14915848,126.9128041,,전용주,062-608-2894,광주광역시 동구청,2025-12-23
충장로4가011,1,,광주광역시 동구 충장로4가 29-1,35.14919662,126.9134402,,전용주,062-608-2894,광주광역시 동구청,2025-12-23
충장로4가012,1,,광주광역시 동구 충장로4가 34,35.14934956,126.9130949,,전용주,062-608-2894,광주광역시 동구청,2025-12-23
충장로4가013,1,,광주광역시 동구 충장로4가 34,35.14934956,126.9130949,,전용주,062-608-2894,광주광역시 동구청,2025-12-23
충장로4가014,1,,광주광역시 동구 충장로4가 53,35.14995202,126.9132088,,건축물,062-608-2894,광주광역시 동구청,2025-12-23
충장로4가015,1,,광주광역시 동구 충장로4가 25-2,35.14936439,126.9139181,,전용주,062-608-2894,광주광역시 동구청,2025-12-23
충장로4가016,1,,광주광역시 동구 충장로4가 25,35.14949036,126.9141096,,건축물,062-608-2894,광주광역시 동구청,2025-12-23
충장로4가017,1,,광주광역시 동구 충장로5가 49,35.15031655,126.9128193,,전용주,062-608-2894,광주광역시 동구청,2025-12-23
충장로4가018,1,,광주광역시 동구 충장로5가 49,35.150317,126.9128193,,전용주,062-608-2894,광주광역시 동구청,2025-12-23
충장로4가019,1,,광주광역시 동구 충장로5가 65-1,35.15015416,126.9127375,,전용주,062-608-2894,광주광역시 동구청,2025-12-23
충장로4가020,1,,광주광역시 동구 충장로4가 55,35.14956462,126.9125811,,전용주,062-608-2894,광주광역시 동구청,2025-12-23
충장로4가021,1,,광주광역시 동구 충장로4가 55,35.14956462,126.9125869,,전용주,062-608-2894,광주광역시 동구청,2025-12-23
충장로4가022,1,,광주광역시 동구 충장로4가 63,35.14956788,126.9123645,,전용주,062-608-2894,광주광역시 동구청,2025-12-23
충장로4가023,1,,광주광역시 동구 충장로4가 31-1,35.14946365,126.912305,,전용주,062-608-2894,광주광역시 동구청,2025-12-23
충장로5가001,1,,광주광역시 동구 충장로5가 100-15,35.15272515,126.9095438,,전용주,062-608-2894,광주광역시 동구청,2025-12-23
충장로5가002,1,,광주광역시 동구 충장로5가 96-29,35.15261459,126.9096551,,전용주,062-608-2894,광주광역시 동구청,2025-12-23
충장로5가003,1,,광주광역시 동구 충장로5가 96-43,35.15252145,126.9094363,,전용주,062-608-2894,광주광역시 동구청,2025-12-23
충장로5가004,1,,광주광역시 동구 충장로5가 93-1,35.15187033,126.9104767,,건축물,062-608-2894,광주광역시 동구청,2025-12-23
충장로5가005,1,,광주광역시 동구 충장로5가 96-22,35.15220372,126.9101486,,전용주,062-608-2894,광주광역시 동구청,2025-12-23
충장로5가006,1,,광주광역시 동구 충장로5가 96-11,35.15213191,126.9099197,,전용주,062-608-2894,광주광역시 동구청,2025-12-23
충장로5가007,1,,광주광역시 동구 충장로5가 96-26,35.15241623,126.9098438,,전용주,062-608-2894,광주광역시 동구청,2025-12-23
충장로5가008,1,,광주광역시 동구 충장로5가 96-27,35.15252686,126.9097636,,전용주,062-608-2894,광주광역시 동구청,2025-12-23
충장로5가009,1,,광주광역시 동구 충장로5가 95-4,35.1517605,126.9101105,,전용주,062-608-2894,광주광역시 동구청,2025-12-23
충장로5가010,1,,광주광역시 동구 충장로5가 96-8,35.15196228,126.9098186,,전용주,062-608-2894,광주광역시 동구청,2025-12-23
충장로5가011,1,,광주광역시 동구 충장로5가 96-9,35.15217209,126.9099292,,전용주,062-608-2894,광주광역시 동구청,2025-12-23
충장로5가012,1,,광주광역시 동구 충장로5가 93-13,35.15170025,126.9104004,,전용주,062-608-2894,광주광역시 동구청,2025-12-23
충장로5가013,1,,광주광역시 동구 충장로5가 95-3,35.15154691,126.9104996,,건축물,062-608-2894,광주광역시 동구청,2025-12-23
충장로5가014,1,,광주광역시 동구 충장로5가 91,35.15186293,126.9106674,,전용주,062-608-2894,광주광역시 동구청,2025-12-23
충장로5가015,1,,광주광역시 동구 충장로5가 80-31,35.15128907,126.9105668,,전용주,062-608-2894,광주광역시 동구청,2025-12-23
충장로5가016,1,,광주광역시 동구 충장로5가 95-12,35.15132443,126.9103622,,전용주,062-608-2894,광주광역시 동구청,2025-12-23
충장로5가017,1,,광주광역시 동구 충장로5가 95-25,35.15140915,126.9101721,,건축물,062-608-2894,광주광역시 동구청,2025-12-23
충장로5가018,1,,광주광역시 동구 충장로5가 80-32,35.15113449,126.9106006,,전용주,062-608-2894,광주광역시 동구청,2025-12-23
충장로5가019,1,,광주광역시 동구 충장로5가 80-4,35.15122604,126.9111023,,건축물,062-608-2894,광주광역시 동구청,2025-12-23
충장로5가020,1,,광주광역시 동구 충장로5가 80-3,35.15130673,126.9110413,,건축물,062-608-2894,광주광역시 동구청,2025-12-23
충장로5가021,1,,광주광역시 동구 충장로5가 80-10,35.15138639,126.9111176,,건축물,062-608-2894,광주광역시 동구청,2025-12-23
충장로5가022,1,,광주광역시 동구 충장로5가 23,35.15146637,126.9117355,,건축물,062-608-2894,광주광역시 동구청,2025-12-23
충장로5가023,1,,광주광역시 동구 충장로5가 76-7,35.15036011,126.9112854,,건축물,062-608-2894,광주광역시 동구청,2025-12-23
충장로5가024,1,,광주광역시 동구 충장로5가 76-10,35.15037537,126.9116178,,전용주,062-608-2894,광주광역시 동구청,2025-12-23
충장로5가025,1,,광주광역시 동구 충장로5가 60-17,35.15050888,126.9115753,,전용주,062-608-2894,광주광역시 동구청,2025-12-23
충장로5가026,1,,광주광역시 동구 충장로5가 32,35.15100035,126.912645,,전용주,062-608-2894,광주광역시 동구청,2025-12-23
충장로5가027,1,,광주광역시 동구 충장로5가 25,35.15126212,126.9124377,,전용주,062-608-2894,광주광역시 동구청,2025-12-23
충장로5가028,1,,광주광역시 동구 충장로5가 127-1,35.15154953,126.9116304,,건축물,062-608-2894,광주광역시 동구청,2025-12-23
충장로5가029,1,,광주광역시 동구 충장로5가 53-1,35.15072411,126.9123535,,건축물,062-608-2894,광주광역시 동구청,2025-12-23
충장로5가031,1,,광주광역시 동구 충장로5가 62-3,35.15049744,126.9122314,,전용주,062-608-2894,광주광역시 동구청,2025-12-23
충장로5가032,1,,광주광역시 동구 충장로5가 62-11,35.15036392,126.9121321,,한전주,062-608-2894,광주광역시 동구청,2025-12-23
충장로5가033,1,,광주광역시 동구 충장로5가 74-8,35.15003204,126.9119492,,건축물,062-608-2894,광주광역시 동구청,2025-12-23
충장로5가034,1,,광주광역시 동구 충장로5가 69-1,35.14951706,126.9120963,,전용주,062-608-2894,광주광역시 동구청,2025-12-23
충장로5가035,1,,광주광역시 동구 충장로5가 74-11,35.15017457,126.912087,,건축물,062-608-2894,광주광역시 동구청,2025-12-23
충장로5가036,1,,광주광역시 동구 충장로5가 62-25,35.14997894,126.912546,,전용주,062-608-2894,광주광역시 동구청,2025-12-23
충장로5가037,1,,광주광역시 동구 충장로5가 49,35.150317,126.9128193,,전용주,062-608-2894,광주광역시 동구청,2025-12-23
충장로5가038,1,,광주광역시 동구 충장로5가 62-25,35.14997894,126.912529,,건축물,062-608-2894,광주광역시 동구청,2025-12-23
충장로5가039,1,,광주광역시 동구 충장로5가 62-19,35.15034866,126.9124069,,건축물,062-608-2894,광주광역시 동구청,2025-12-23
충장로5가040,1,,광주광역시 동구 충장로5가 33-5,35.15076065,126.9127988,,전용주,062-608-2894,광주광역시 동구청,2025-12-23
충장로5가041,1,,광주광역시 동구 충장로5가 44,35.15086365,126.9130449,,건축물,062-608-2894,광주광역시 동구청,2025-12-23
충장로5가042,1,,광주광역시 동구 충장로5가 127-1,35.15154953,126.9116304,,전용주,062-608-2894,광주광역시 동구청,2025-12-23
충장로5가043,1,,광주광역시 동구 충장로5가 38-5,35.15122836,126.9132269,,전용주,062-608-2894,광주광역시 동구청,2025-12-23
충장로5가045,1,,광주광역시 동구 충장로5가 66,35.15003269,126.9127038,,전용주,062-608-2894,광주광역시 동구청,2025-12-23
충장로5가046,1,,광주광역시 동구 충장로5가 52-13,35.1505912,126.9126954,,건축물,062-608-2894,광주광역시 동구청,2025-12-23
학동001,1,,광주광역시 동구 학동 120-8,35.14201736,126.9197388,,전용주,062-608-2894,광주광역시 동구청,2025-12-23
학동002,1,,광주광역시 동구 학동 121-1,35.14192963,126.9199219,,건축물,062-608-2894,광주광역시 동구청,2025-12-23
학동003,1,,광주광역시 동구 학동 132,35.14168219,126.9199993,,한전주,062-608-2894,광주광역시 동구청,2025-12-23
학동004,1,,광주광역시 동구 학동 112-3,35.14170367,126.9204465,,한전주,062-608-2894,광주광역시 동구청,2025-12-23
학동005,1,,광주광역시 동구 학동 108-3,35.14142227,126.9204156,,한전주,062-608-2894,광주광역시 동구청,2025-12-23
학동006,1,,광주광역시 동구 학동 111-1,35.14164734,126.9208565,,전용주,062-608-2894,광주광역시 동구청,2025-12-23
학동007,1,,광주광역시 동구 학동 108-3,35.14142227,126.9204156,,전용주,062-608-2894,광주광역시 동구청,2025-12-23
학동008,1,,광주광역시 동구 학동 126-2,35.14142609,126.920166,,건축물,062-608-2894,광주광역시 동구청,2025-12-23
학동009,1,,광주광역시 동구 학동 129-1,35.1411705,126.920012,,전용주,062-608-2894,광주광역시 동구청,2025-12-23
학동010,1,,광주광역시 동구 학동 151-3,35.14143177,126.9196315,,전용주,062-608-2894,광주광역시 동구청,2025-12-23
학동011,1,,광주광역시 동구 학동 156-2,35.14124214,126.9197168,,한전주,062-608-2894,광주광역시 동구청,2025-12-23
학동012,1,,광주광역시 동구 학동 151-4,35.14152243,126.9193802,,한전주,062-608-2894,광주광역시 동구청,2025-12-23
학동013,1,,광주광역시 동구 학동 114-4,35.14210753,126.9205258,,건축물,062-608-2894,광주광역시 동구청,2025-12-23
학동014,1,,광주광역시 동구 학동 110-9,35.14120483,126.9208834,,한전주,062-608-2894,광주광역시 동구청,2025-12-23
학동015,1,,광주광역시 동구 학동 68-8,35.14098358,126.921295,,한전주,062-608-2894,광주광역시 동구청,2025-12-23
학동016,1,,광주광역시 동구 학동 74-24,35.14002748,126.9207611,,한전주,062-608-2894,광주광역시 동구청,2025-12-23
학동017,1,,광주광역시 동구 학동 70-3,35.1402614,126.920316,,한전주,062-608-2894,광주광역시 동구청,2025-12-23
학동018,1,,광주광역시 동구 학동 104-2,35.14080242,126.9202092,,한전주,062-608-2894,광주광역시 동구청,2025-12-23
학동019,1,,광주광역시 동구 학동 103-11,35.14095688,126.9199982,,한전주,062-608-2894,광주광역시 동구청,2025-12-23
학동020,1,,광주광역시 동구 학동 76-5,35.13984408,126.9208803,,한전주,062-608-2894,광주광역시 동구청,2025-12-23
학동021,1,,광주광역시 동구 학동 55-24,35.13996506,126.920311,,한전주,062-608-2894,광주광역시 동구청,2025-12-23
학동022,1,,광주광역시 동구 학동 74-19,35.14021208,126.9201508,,전용주,062-608-2894,광주광역시 동구청,2025-12-23
학동023,1,,광주광역시 동구 학동 55-34,35.14005077,126.9202321,,한전주,062-608-2894,광주광역시 동구청,2025-12-23
학동024,1,,광주광역시 동구 학동 93-1,35.140522,126.9197661,,한전주,062-608-2894,광주광역시 동구청,2025-12-23
학동025,1,,광주광역시 동구 학동 72-2,35.14056396,126.9199576,,한전주,062-608-2894,광주광역시 동구청,2025-12-23
학동026,1,,광주광역시 동구 학동 103-10,35.140625,126.9198075,,건축물,062-608-2894,광주광역시 동구청,2025-12-23
학동027,1,,광주광역시 동구 학동 73-9,35.14010354,126.9198341,,전용주,062-608-2894,광주광역시 동구청,2025-12-23
학동028,1,,광주광역시 동구 학동 84-9,35.13990597,126.9198666,,한전주,062-608-2894,광주광역시 동구청,2025-12-23
학동029,1,,광주광역시 동구 학동 85-19,35.13978195,126.9199971,,전용주,062-608-2894,광주광역시 동구청,2025-12-23
학동030,1,,광주광역시 동구 학동 81-26,35.13972855,126.9197739,,한전주,062-608-2894,광주광역시 동구청,2025-12-23
학동031,1,,광주광역시 동구 학동 81-63,35.13964411,126.9196404,,한전주,062-608-2894,광주광역시 동구청,2025-12-23
학동032,1,,광주광역시 동구 학동 73-14,35.14005661,126.9195328,,한전주,062-608-2894,광주광역시 동구청,2025-12-23
학동033,1,,광주광역시 동구 학동 92-15,35.14029434,126.9195938,,한전주,062-608-2894,광주광역시 동구청,2025-12-23
학동034,1,,광주광역시 동구 학동 95-17,35.14061164,126.9195786,,한전주,062-608-2894,광주광역시 동구청,2025-12-23
학동035,1,,광주광역시 동구 학동 95-6,35.14048846,126.9192581,,한전주,062-608-2894,광주광역시 동구청,2025-12-23
학동036,1,,광주광역시 동구 학동 165-7,35.14077759,126.9187936,,한전주,062-608-2894,광주광역시 동구청,2025-12-23
학동037,1,,광주광역시 동구 학동 98,35.14098185,126.9188461,,한전주,062-608-2894,광주광역시 동구청,2025-12-23
학동038,1,,광주광역시 동구 학동 99-2,35.14108658,126.9189377,,전용주,062-608-2894,광주광역시 동구청,2025-12-23
학동039,1,,광주광역시 동구 학동 166-1,35.1412468,126.9187546,,전용주,062-608-2894,광주광역시 동구청,2025-12-23
학동040,1,,광주광역시 동구 학동 145,35.14140695,126.9188309,,한전주,062-608-2894,광주광역시 동구청,2025-12-23
학동041,1,,광주광역시 동구 학동 146,35.14141699,126.9190089,,전용주,062-608-2894,광주광역시 동구청,2025-12-23
학동042,1,,광주광역시 동구 학동 147-2,35.14155823,126.9190109,,건축물,062-608-2894,광주광역시 동구청,2025-12-23
학동043,1,,광주광역시 동구 학동 99-4,35.14110947,126.9191895,,한전주,062-608-2894,광주광역시 동구청,2025-12-23
학동044,1,,광주광역시 동구 학동 102-1,35.14102467,126.9194107,,전용주,062-608-2894,광주광역시 동구청,2025-12-23
학동045,1,,광주광역시 동구 학동 101,35.14096069,126.9193192,,건축물,062-608-2894,광주광역시 동구청,2025-12-23
학동046,1,,광주광역시 동구 학동 157-2,35.1411304,126.9194976,,한전주,062-608-2894,광주광역시 동구청,2025-12-23
학동047,1,,광주광역시 동구 학동 165-3,35.14138686,126.9183092,,전용주,062-608-2894,광주광역시 동구청,2025-12-23
학동048,1,,광주광역시 동구 학동 81-5,35.13884758,126.9201126,,한전주,062-608-2894,광주광역시 동구청,2025-12-23
학동049,1,,광주광역시 동구 학동 85-13,35.13939954,126.9204831,,한전주,062-608-2894,광주광역시 동구청,2025-12-23
학동050,1,,광주광역시 동구 학동 55-32,35.13918686,126.9203389,,건축물,062-608-2894,광주광역시 동구청,2025-12-23
학동051,1,,광주광역시 동구 학동 55-12,35.13955052,126.9210331,,한전주,062-608-2894,광주광역시 동구청,2025-12-23
학동052,1,,광주광역시 동구 학동 61-60,35.13965988,126.9220123,,건축물,062-608-2894,광주광역시 동구청,2025-12-23
학동053,1,,광주광역시 동구 학동 61-83,35.13997657,126.9216864,,한전주,062-608-2894,광주광역시 동구청,2025-12-23
학동054,1,,광주광역시 동구 학동 61-28,35.13986117,126.9222065,,전용주,062-608-2894,광주광역시 동구청,2025-12-23
학동055,1,,광주광역시 동구 학동 61-38,35.13995219,126.9219117,,한전주,062-608-2894,광주광역시 동구청,2025-12-23
학동056,1,,광주광역시 동구 학동 55-137,35.13930144,126.9212388,,한전주,062-608-2894,광주광역시 동구청,2025-12-23
학동057,1,,광주광역시 동구 학동 55-35,35.13868497,126.920446,,한전주,062-608-2894,광주광역시 동구청,2025-12-23
학동058,1,,광주광역시 동구 학동 55,35.13942231,126.9220867,,한전주,062-608-2894,광주광역시 동구청,2025-12-23
학동059,1,,광주광역시 동구 학동 55,35.13942231,126.9220867,,한전주,062-608-2894,광주광역시 동구청,2025-12-23
학동060,1,,광주광역시 동구 학동 55,35.13942231,126.9220867,,한전주,062-608-2894,광주광역시 동구청,2025-12-23
학동061,1,,광주광역시 동구 학동 633-3,35.13646968,126.9245987,,한전주,062-608-2894,광주광역시 동구청,2025-12-23
학동062,1,,광주광역시 동구 학동 901-317,35.13207626,126.9265747,,한전주,062-608-2894,광주광역시 동구청,2025-12-23
학동063,1,,광주광역시 동구 학동 901-71,35.13216751,126.9271691,,건축물,062-608-2894,광주광역시 동구청,2025-12-23
학동064,1,,광주광역시 동구 학동 890-6,35.13244539,126.927687,,한전주,062-608-2894,광주광역시 동구청,2025-12-23
학동065,1,,광주광역시 동구 학동 888-3,35.13221741,126.9273479,,한전주,062-608-2894,광주광역시 동구청,2025-12-23
학동066,1,,광주광역시 동구 학동 1007-113,35.13239012,126.9272836,,한전주,062-608-2894,광주광역시 동구청,2025-12-23
학동067,1,,광주광역시 동구 학동 901-318,35.13194656,126.9266052,,한전주,062-608-2894,광주광역시 동구청,2025-12-23
학동068,1,,광주광역시 동구 학동 901-53,35.13190253,126.9261093,,한전주,062-608-2894,광주광역시 동구청,2025-12-23
학동069,1,,광주광역시 동구 학동 822-1,35.13064065,126.9340314,,한전주,062-608-2894,광주광역시 동구청,2025-12-23
학동070,1,,광주광역시 동구 학동 1003-1,35.13357445,126.924494,,한전주,062-608-2894,광주광역시 동구청,2025-12-23
학동071,1,,광주광역시 동구 학동 999-13,35.13360417,126.9370854,,한전주,062-608-2894,광주광역시 동구청,2025-12-23
학동072,1,,광주광역시 동구 학동 265-15,35.1338501,126.937149,,한전주,062-608-2894,광주광역시 동구청,2025-12-23
학동073,1,,광주광역시 동구 학동 265,35.1341362,126.9376525,,한전주,062-608-2894,광주광역시 동구청,2025-12-23
학동074,1,,광주광역시 동구 학동 269-2,35.13417371,126.9368668,,한전주,062-608-2894,광주광역시 동구청,2025-12-23
학동075,1,,광주광역시 동구 학동 269-5,35.1344161,126.9362557,,한전주,062-608-2894,광주광역시 동구청,2025-12-23
학동076,1,,광주광역시 동구 학동 269-2,35.13417371,126.936811,,한전주,062-608-2894,광주광역시 동구청,2025-12-23
학동077,1,,광주광역시 동구 학동 269-5,35.13445663,126.9362557,,한전주,062-608-2894,광주광역시 동구청,2025-12-23
학동078,1,,광주광역시 동구 학동 산80-2,35.13541281,126.9375963,,한전주,062-608-2894,광주광역시 동구청,2025-12-23
학동079,1,,광주광역시 동구 학동 산80-17,35.13496399,126.9369473,,한전주,062-608-2894,광주광역시 동구청,2025-12-23
학동080,1,,광주광역시 동구 학동 265-2,35.13416524,126.9379159,,한전주,062-608-2894,광주광역시 동구청,2025-12-23
학동081,1,,광주광역시 동구 학동 1020,35.13491315,126.9383695,,한전주,062-608-2894,광주광역시 동구청,2025-12-23
학동082,1,,광주광역시 동구 학동 265-2,35.13416524,126.9379159,,한전주,062-608-2894,광주광역시 동구청,2025-12-23
학동083,1,,광주광역시 동구 학동 265-2,35.13416524,126.9379159,,한전주,062-608-2894,광주광역시 동구청,2025-12-23
학동084,1,,광주광역시 동구 학동 262-1,35.13336565,126.9386598,,한전주,062-608-2894,광주광역시 동구청,2025-12-23
학동085,1,,광주광역시 동구 학동 262-12,35.13436508,126.9388272,,한전주,062-608-2894,광주광역시 동구청,2025-12-23
학동086,1,,광주광역시 동구 학동 1020,35.13491315,126.9383695,,한전주,062-608-2894,광주광역시 동구청,2025-12-23
학동087,1,,광주광역시 동구 학동 257-18,35.13475418,126.9390555,,한전주,062-608-2894,광주광역시 동구청,2025-12-23
학동088,1,,광주광역시 동구 학동 1001-1,35.13498142,126.9388733,,한전주,062-608-2894,광주광역시 동구청,2025-12-23
학동089,1,,광주광역시 동구 학동 248-5,35.13532639,126.9390259,,한전주,062-608-2894,광주광역시 동구청,2025-12-23
학동090,1,,광주광역시 동구 학동 250-2,35.13555908,126.9391708,,한전주,062-608-2894,광주광역시 동구청,2025-12-23
학동091,1,,광주광역시 동구 학동 248-7,35.1354237,126.9389381,,한전주,062-608-2894,광주광역시 동구청,2025-12-23
학동092,1,,광주광역시 동구 학동 230-1,35.13615417,126.9389531,,한전주,062-608-2894,광주광역시 동구청,2025-12-23
학동093,1,,광주광역시 동구 학동 230,35.13644791,126.9390183,,한전주,062-608-2894,광주광역시 동구청,2025-12-23
학동094,1,,광주광역시 동구 학동 228-2,35.13683701,126.9390335,,전용주,062-608-2894,광주광역시 동구청,2025-12-23
학동095,1,,광주광역시 동구 학동 256-7,35.13495007,126.9399175,,한전주,062-608-2894,광주광역시 동구청,2025-12-23
학동096,1,,광주광역시 동구 학동 256-12,35.13495636,126.9397507,,한전주,062-608-2894,광주광역시 동구청,2025-12-23
학동097,1,,광주광역시 동구 학동 256-10,35.13483871,126.9400406,,한전주,062-608-2894,광주광역시 동구청,2025-12-23
학동098,1,,광주광역시 동구 학동 254-6,35.13498306,126.9402663,,한전주,062-608-2894,광주광역시 동구청,2025-12-23
학동099,1,,광주광역시 동구 학동 250-5,35.13522707,126.9394798,,한전주,062-608-2894,광주광역시 동구청,2025-12-23
학동100,1,,광주광역시 동구 학동 237-1,35.13561249,126.9397888,,한전주,062-608-2894,광주광역시 동구청,2025-12-23
학동101,1,,광주광역시 동구 학동 1000-1,35.13574474,126.9395593,,한전주,062-608-2894,광주광역시 동구청,2025-12-23
학동102,1,,광주광역시 동구 학동 223-10,35.13638687,126.939827,,한전주,062-608-2894,광주광역시 동구청,2025-12-23
학동103,1,,광주광역시 동구 학동 223-7,35.13660257,126.9399872,,한전주,062-608-2894,광주광역시 동구청,2025-12-23
학동104,1,,광주광역시 동구 학동 산31,35.13888786,126.9432604,,한전주,062-608-2894,광주광역시 동구청,2025-12-23
학동105,1,,광주광역시 동구 학동 192,35.13733094,126.9400946,,한전주,062-608-2894,광주광역시 동구청,2025-12-23
학동106,1,,광주광역시 동구 학동 산31,35.13888786,126.9432604,,한전주,062-608-2894,광주광역시 동구청,2025-12-23
학동107,1,,광주광역시 동구 학동 281-1,35.1319046,126.9358826,,건축물,062-608-2894,광주광역시 동구청,2025-12-23
학동108,1,,광주광역시 동구 학동 281-6,35.13157272,126.9355405,,전용주,062-608-2894,광주광역시 동구청,2025-12-23
학동109,1,,광주광역시 동구 학동 281-9,35.13136292,126.9353444,,한전주,062-608-2894,광주광역시 동구청,2025-12-23
학동110,1,,광주광역시 동구 학동 728-3,35.13206399,126.9341809,,한전주,062-608-2894,광주광역시 동구청,2025-12-23
학동111,1,,광주광역시 동구 학동 784-1,35.13163757,126.933983,,한전주,062-608-2894,광주광역시 동구청,2025-12-23
학동112,1,,광주광역시 동구 학동 791,35.13132333,126.9338279,,한전주,062-608-2894,광주광역시 동구청,2025-12-23
학동113,1,,광주광역시 동구 학동 791,35.13132333,126.9338226,,한전주,062-608-2894,광주광역시 동구청,2025-12-23
학동114,1,,광주광역시 동구 학동 790-1,35.13124562,126.9341484,,한전주,062-608-2894,광주광역시 동구청,2025-12-23
학동115,1,,광주광역시 동구 학동 823-2,35.1307106,126.934214,,한전주,062-608-2894,광주광역시 동구청,2025-12-23
학동116,1,,광주광역시 동구 학동 789-1,35.13097382,126.9342276,,전용주,062-608-2894,광주광역시 동구청,2025-12-23
학동117,1,,광주광역시 동구 학동 790-3,35.13103104,126.9339964,,한전주,062-608-2894,광주광역시 동구청,2025-12-23
학동118,1,,광주광역시 동구 학동 793-4,35.13105519,126.9334191,,전용주,062-608-2894,광주광역시 동구청,2025-12-23
학동119,1,,광주광역시 동구 학동 1004-43,35.13071559,126.9334094,,한전주,062-608-2894,광주광역시 동구청,2025-12-23
학동120,1,,광주광역시 동구 학동 795-7,35.13082156,126.9332047,,전용주,062-608-2894,광주광역시 동구청,2025-12-23
학동121,1,,광주광역시 동구 학동 1004-41,35.13054614,126.9331894,,전용주,062-608-2894,광주광역시 동구청,2025-12-23
학동122,1,,광주광역시 동구 학동 811,35.13068008,126.9331284,,한전주,062-608-2894,광주광역시 동구청,2025-12-23
학동123,1,,광주광역시 동구 학동 814,35.13062286,126.9333878,,한전주,062-608-2894,광주광역시 동구청,2025-12-23
학동124,1,,광주광역시 동구 학동 805-1,35.13100433,126.9330625,,한전주,062-608-2894,광주광역시 동구청,2025-12-23
학동125,1,,광주광역시 동구 학동 796-1,35.13102184,126.932874,,한전주,062-608-2894,광주광역시 동구청,2025-12-23
학동126,1,,광주광역시 동구 학동 796-2,35.13105106,126.932663,,전용주,062-608-2894,광주광역시 동구청,2025-12-23
학동127,1,,광주광역시 동구 학동 766-13,35.1309166,126.9326875,,전용주,062-608-2894,광주광역시 동구청,2025-12-23
학동128,1,,광주광역시 동구 학동 768-6,35.13103485,126.9323959,,한전주,062-608-2894,광주광역시 동구청,2025-12-23
학동129,1,,광주광역시 동구 학동 800,35.1306572,126.932599,,한전주,062-608-2894,광주광역시 동구청,2025-12-23
학동130,1,,광주광역시 동구 학동 781-7,35.13117599,126.9325925,,전용주,062-608-2894,광주광역시 동구청,2025-12-23
학동131,1,,광주광역시 동구 학동 794-4,35.13127156,126.9329681,,전용주,062-608-2894,광주광역시 동구청,2025-12-23
학동132,1,,광주광역시 동구 학동 795-2,35.13110742,126.9329559,,전용주,062-608-2894,광주광역시 동구청,2025-12-23
학동133,1,,광주광역시 동구 학동 781-5,35.13139725,126.9326782,,전용주,062-608-2894,광주광역시 동구청,2025-12-23
학동134,1,,광주광역시 동구 학동 1004-49,35.13169126,126.9326706,,한전주,062-608-2894,광주광역시 동구청,2025-12-23
학동135,1,,광주광역시 동구 학동 792-2,35.13121033,126.9336062,,건축물,062-608-2894,광주광역시 동구청,2025-12-23
학동136,1,,광주광역시 동구 학동 783-13,35.13144042,126.9333465,,한전주,062-608-2894,광주광역시 동구청,2025-12-23
학동137,1,,광주광역시 동구 학동 783-11,35.13164591,126.9333133,,한전주,062-608-2894,광주광역시 동구청,2025-12-23
학동138,1,,광주광역시 동구 학동 783-4,35.13158798,126.9329987,,건축물,062-608-2894,광주광역시 동구청,2025-12-23
학동139,1,,광주광역시 동구 학동 784,35.13159191,126.9336395,,전용주,062-608-2894,광주광역시 동구청,2025-12-23
학동140,1,,광주광역시 동구 학동 730-9,35.13202775,126.9335206,,전용주,062-608-2894,광주광역시 동구청,2025-12-23
학동141,1,,광주광역시 동구 학동 729-25,35.132164,126.9336173,,전용주,062-608-2894,광주광역시 동구청,2025-12-23
학동142,1,,광주광역시 동구 학동 784-2,35.13180161,126.934131,,전용주,062-608-2894,광주광역시 동구청,2025-12-23
학동143,1,,광주광역시 동구 학동 730-34,35.13191605,126.9332657,,한전주,062-608-2894,광주광역시 동구청,2025-12-23
학동144,1,,광주광역시 동구 학동 729-6,35.13220701,126.9331522,,한전주,062-608-2894,광주광역시 동구청,2025-12-23
학동145,1,,광주광역시 동구 학동 730-8,35.13217163,126.9337971,,전용주,062-608-2894,광주광역시 동구청,2025-12-23
학동146,1,,광주광역시 동구 학동 730-21,35.13199615,126.9339218,,전용주,062-608-2894,광주광역시 동구청,2025-12-23
학동147,1,,광주광역시 동구 학동 729-12,35.13229097,126.9327355,,한전주,062-608-2894,광주광역시 동구청,2025-12-23
학동148,1,,광주광역시 동구 학동 732-1,35.13239028,126.9325423,,한전주,062-608-2894,광주광역시 동구청,2025-12-23
학동149,1,,광주광역시 동구 학동 719-8,35.132216,126.932045,,한전주,062-608-2894,광주광역시 동구청,2025-12-23
학동150,1,,광주광역시 동구 학동 719-8,35.1322937,126.9320526,,한전주,062-608-2894,광주광역시 동구청,2025-12-23
학동151,1,,광주광역시 동구 학동 731-39,35.13196945,126.9322128,,한전주,062-608-2894,광주광역시 동구청,2025-12-23
학동152,1,,광주광역시 동구 학동 731-25,35.13201038,126.9319318,,한전주,062-608-2894,광주광역시 동구청,2025-12-23
학동153,1,,광주광역시 동구 학동 778-10,35.13175583,126.9322281,,한전주,062-608-2894,광주광역시 동구청,2025-12-23
학동154,1,,광주광역시 동구 학동 768-5,35.13126429,126.9322281,,한전주,062-608-2894,광주광역시 동구청,2025-12-23
학동155,1,,광주광역시 동구 학동 768,35.13194866,126.931177,,한전주,062-608-2894,광주광역시 동구청,2025-12-23
학동156,1,,광주광역시 동구 학동 768-5,35.13126429,126.932251,,한전주,062-608-2894,광주광역시 동구청,2025-12-23
학동157,1,,광주광역시 동구 학동 768-4,35.13121851,126.9321468,,한전주,062-608-2894,광주광역시 동구청,2025-12-23
학동158,1,,광주광역시 동구 학동 731-35,35.1323114,126.9314423,,한전주,062-608-2894,광주광역시 동구청,2025-12-23
학동159,1,,광주광역시 동구 학동 735-14,35.13262939,126.9303986,,한전주,062-608-2894,광주광역시 동구청,2025-12-23
학동160,1,,광주광역시 동구 학동 735-18,35.1326201,126.9301529,,한전주,062-608-2894,광주광역시 동구청,2025-12-23
학동161,1,,광주광역시 동구 학동 750-1,35.13051602,126.930528,,한전주,062-608-2894,광주광역시 동구청,2025-12-23
학동162,1,,광주광역시 동구 학동 750-1,35.13051602,126.930528,,한전주,062-608-2894,광주광역시 동구청,2025-12-23
학동163,1,,광주광역시 동구 학동 731-44,35.13225754,126.9309998,,한전주,062-608-2894,광주광역시 동구청,2025-12-23
학동164,1,,광주광역시 동구 학동 734-9,35.13258778,126.9311051,,한전주,062-608-2894,광주광역시 동구청,2025-12-23
학동165,1,,광주광역시 동구 학동 735-2,35.13246665,126.9308227,,건축물,062-608-2894,광주광역시 동구청,2025-12-23
학동166,1,,광주광역시 동구 학동 739-3,35.13242421,126.9302181,,한전주,062-608-2894,광주광역시 동구청,2025-12-23
학동167,1,,광주광역시 동구 학동 739-1,35.13255518,126.9297444,,한전주,062-608-2894,광주광역시 동구청,2025-12-23
학동168,1,,광주광역시 동구 학동 735-19,35.13267517,126.9300012,,건축물,062-608-2894,광주광역시 동구청,2025-12-23
학동169,1,,광주광역시 동구 학동 872-4,35.13255737,126.9290009,,한전주,062-608-2894,광주광역시 동구청,2025-12-23
학동170,1,,광주광역시 동구 학동 276-8,35.13244993,126.9349675,,한전주,062-608-2894,광주광역시 동구청,2025-12-23
학동171,1,,광주광역시 동구 학동 1011-3,35.1324134,126.9346958,,한전주,062-608-2894,광주광역시 동구청,2025-12-23
학동172,1,,광주광역시 동구 학동 727-13,35.13229871,126.9345267,,전용주,062-608-2894,광주광역시 동구청,2025-12-23
학동173,1,,광주광역시 동구 학동 723-26,35.13254547,126.9345322,,한전주,062-608-2894,광주광역시 동구청,2025-12-23
학동174,1,,광주광역시 동구 학동 727-1,35.13252463,126.9341252,,한전주,062-608-2894,광주광역시 동구청,2025-12-23
학동175,1,,광주광역시 동구 학동 723-8,35.13279724,126.9342651,,한전주,062-608-2894,광주광역시 동구청,2025-12-23
학동176,1,,광주광역시 동구 학동 723-7,35.1328125,126.9341391,,한전주,062-608-2894,광주광역시 동구청,2025-12-23
학동177,1,,광주광역시 동구 학동 723-15,35.13306137,126.9337997,,한전주,062-608-2894,광주광역시 동구청,2025-12-23
학동178,1,,광주광역시 동구 학동 723-36,35.13314056,126.934021,,한전주,062-608-2894,광주광역시 동구청,2025-12-23
학동180,1,,광주광역시 동구 학동 720-10,35.13247681,126.9335456,,전용주,062-608-2894,광주광역시 동구청,2025-12-23
학동181,1,,광주광역시 동구 학동 721-5,35.13269779,126.9331152,,한전주,062-608-2894,광주광역시 동구청,2025-12-23
학동182,1,,광주광역시 동구 학동 721-5,35.13269779,126.9331152,,한전주,062-608-2894,광주광역시 동구청,2025-12-23
학동183,1,,광주광역시 동구 학동 719-28,35.13268863,126.9325562,,한전주,062-608-2894,광주광역시 동구청,2025-12-23
학동184,1,,광주광역시 동구 학동 721,35.13303446,126.9329782,,한전주,062-608-2894,광주광역시 동구청,2025-12-23
학동185,1,,광주광역시 동구 학동 721,35.13303446,126.9329071,,한전주,062-608-2894,광주광역시 동구청,2025-12-23
학동186,1,,광주광역시 동구 학동 724-7,35.13335037,126.9335251,,전용주,062-608-2894,광주광역시 동구청,2025-12-23
학동187,1,,광주광역시 동구 학동 716-15,35.13358307,126.9333344,,한전주,062-608-2894,광주광역시 동구청,2025-12-23
학동188,1,,광주광역시 동구 학동 716-1,35.13366699,126.933197,,한전주,062-608-2894,광주광역시 동구청,2025-12-23
학동189,1,,광주광역시 동구 학동 714,35.13408469,126.9332273,,전용주,062-608-2894,광주광역시 동구청,2025-12-23
학동190,1,,광주광역시 동구 학동 710-4,35.13378143,126.9328766,,전용주,062-608-2894,광주광역시 동구청,2025-12-23
학동191,1,,광주광역시 동구 학동 269-3,35.13410483,126.9338234,,한전주,062-608-2894,광주광역시 동구청,2025-12-23
학동192,1,,광주광역시 동구 학동 713-9,35.13407135,126.9335555,,전용주,062-608-2894,광주광역시 동구청,2025-12-23
학동193,1,,광주광역시 동구 학동 713-51,35.13408879,126.9334183,,한전주,062-608-2894,광주광역시 동구청,2025-12-23
학동194,1,,광주광역시 동구 학동 714-5,35.13417053,126.9331894,,한전주,062-608-2894,광주광역시 동구청,2025-12-23
학동195,1,,광주광역시 동구 학동 713-17,35.13426508,126.9336092,,한전주,062-608-2894,광주광역시 동구청,2025-12-23
학동196,1,,광주광역시 동구 학동 713-41,35.13389321,126.9335093,,전용주,062-608-2894,광주광역시 동구청,2025-12-23
학동197,1,,광주광역시 동구 학동 719-34,35.13300863,126.9324188,,한전주,062-608-2894,광주광역시 동구청,2025-12-23
학동198,1,,광주광역시 동구 학동 722-2,35.13327789,126.9324495,,한전주,062-608-2894,광주광역시 동구청,2025-12-23
학동199,1,,광주광역시 동구 학동 722-2,35.13327375,126.9324495,,한전주,062-608-2894,광주광역시 동구청,2025-12-23
학동200,1,,광주광역시 동구 학동 677-4,35.13398764,126.9319843,,한전주,062-608-2894,광주광역시 동구청,2025-12-23
학동201,1,,광주광역시 동구 학동 1005-12,35.13368044,126.9321936,,한전주,062-608-2894,광주광역시 동구청,2025-12-23
학동202,1,,광주광역시 동구 학동 1005-11,35.13382721,126.9323798,,한전주,062-608-2894,광주광역시 동구청,2025-12-23
학동203,1,,광주광역시 동구 학동 719-22,35.13325681,126.9318225,,한전주,062-608-2894,광주광역시 동구청,2025-12-23
학동204,1,,광주광역시 동구 학동 719-10,35.13309728,126.9318361,,한전주,062-608-2894,광주광역시 동구청,2025-12-23
학동205,1,,광주광역시 동구 학동 676-34,35.13338852,126.9318237,,전용주,062-608-2894,광주광역시 동구청,2025-12-23
학동206,1,,광주광역시 동구 학동 676-26,35.13362122,126.9319045,,한전주,062-608-2894,광주광역시 동구청,2025-12-23
학동207,1,,광주광역시 동구 학동 719-34,35.13300863,126.9324036,,한전주,062-608-2894,광주광역시 동구청,2025-12-23
학동208,1,,광주광역시 동구 학동 719-31,35.13276374,126.931633,,한전주,062-608-2894,광주광역시 동구청,2025-12-23
학동209,1,,광주광역시 동구 학동 676-6,35.13294384,126.9300427,,한전주,062-608-2894,광주광역시 동구청,2025-12-23
학동210,1,,광주광역시 동구 학동 719-36,35.13311768,126.9314957,,한전주,062-608-2894,광주광역시 동구청,2025-12-23
학동211,1,,광주광역시 동구 학동 676-45,35.1333198,126.9309905,,한전주,062-608-2894,광주광역시 동구청,2025-12-23
학동212,1,,광주광역시 동구 학동 676-76,35.13319016,126.9307938,,한전주,062-608-2894,광주광역시 동구청,2025-12-23
학동213,1,,광주광역시 동구 학동 676-4,35.13368638,126.9317703,,한전주,062-608-2894,광주광역시 동구청,2025-12-23
학동214,1,,광주광역시 동구 학동 677-21,35.13406437,126.9314651,,한전주,062-608-2894,광주광역시 동구청,2025-12-23
학동215,1,,광주광역시 동구 학동 676-1,35.13364828,126.9305556,,한전주,062-608-2894,광주광역시 동구청,2025-12-23
학동216,1,,광주광역시 동구 학동 677-10,35.13428625,126.9314916,,한전주,062-608-2894,광주광역시 동구청,2025-12-23
학동217,1,,광주광역시 동구 학동 1005-4,35.13455672,126.9310414,,전용주,062-608-2894,광주광역시 동구청,2025-12-23
학동218,1,,광주광역시 동구 학동 677-1,35.13408985,126.9318542,,한전주,062-608-2894,광주광역시 동구청,2025-12-23
학동219,1,,광주광역시 동구 학동 680,35.13505815,126.9308097,,한전주,062-608-2894,광주광역시 동구청,2025-12-23
학동220,1,,광주광역시 동구 학동 683-2,35.13557953,126.9320297,,한전주,062-608-2894,광주광역시 동구청,2025-12-23
학동221,1,,광주광역시 동구 학동 683-1,35.1359755,126.9320975,,한전주,062-608-2894,광주광역시 동구청,2025-12-23
학동222,1,,광주광역시 동구 학동 1005,35.13481682,126.9320231,,한전주,062-608-2894,광주광역시 동구청,2025-12-23
학동223,1,,광주광역시 동구 학동 산134-1,35.13646698,126.9316476,,한전주,062-608-2894,광주광역시 동구청,2025-12-23
학동224,1,,광주광역시 동구 학동 687-2,35.13659257,126.9322904,,한전주,062-608-2894,광주광역시 동구청,2025-12-23
학동225,1,,광주광역시 동구 학동 1004-35,35.13261911,126.9316187,,한전주,062-608-2894,광주광역시 동구청,2025-12-23
학동226,1,,광주광역시 동구 학동 737-3,35.13310773,126.9300795,,한전주,062-608-2894,광주광역시 동구청,2025-12-23
학동227,1,,광주광역시 동구 학동 873-3,35.13318253,126.929553,,전용주,062-608-2894,광주광역시 동구청,2025-12-23
학동228,1,,광주광역시 동구 학동 737-1,35.13350296,126.9299195,,전용주,062-608-2894,광주광역시 동구청,2025-12-23
학동229,1,,광주광역시 동구 학동 737-1,35.13351307,126.9299195,,전용주,062-608-2894,광주광역시 동구청,2025-12-23
학동230,1,,광주광역시 동구 학동 737-1,35.13351307,126.9299774,,전용주,062-608-2894,광주광역시 동구청,2025-12-23
학동231,1,,광주광역시 동구 학동 676-57,35.13387439,126.9300956,,전용주,062-608-2894,광주광역시 동구청,2025-12-23
학동232,1,,광주광역시 동구 학동 산150,35.13431173,126.9299389,,전용주,062-608-2894,광주광역시 동구청,2025-12-23
학동233,1,,광주광역시 동구 학동 1005-3,35.13397545,126.9301442,,건축물,062-608-2894,광주광역시 동구청,2025-12-23
학동234,1,,광주광역시 동구 학동 873-43,35.13328552,126.9291611,,전용주,062-608-2894,광주광역시 동구청,2025-12-23
학동235,1,,광주광역시 동구 학동 873-8,35.13343645,126.928275,,한전주,062-608-2894,광주광역시 동구청,2025-12-23
학동236,1,,광주광역시 동구 학동 873-8,35.13343645,126.928275,,한전주,062-608-2894,광주광역시 동구청,2025-12-23
학동237,1,,광주광역시 동구 학동 664-33,35.13378143,126.9282659,,전용주,062-608-2894,광주광역시 동구청,2025-12-23
학동238,1,,광주광역시 동구 학동 664-36,35.13423721,126.9279938,,전용주,062-608-2894,광주광역시 동구청,2025-12-23
학동239,1,,광주광역시 동구 학동 664-38,35.13444901,126.927830,,전용주,062-608-2894,광주광역시 동구청,2025-12-23
학동240,1,,광주광역시 동구 학동 664-15,35.13404232,126.9280298,,전용주,062-608-2894,광주광역시 동구청,2025-12-23
학동241,1,,광주광역시 동구 학동 664-41,35.13459396,126.9281998,,한전주,062-608-2894,광주광역시 동구청,2025-12-23
학동242,1,,광주광역시 동구 학동 654-1,35.13484779,126.9277573,,한전주,062-608-2894,광주광역시 동구청,2025-12-23
학동243,1,,광주광역시 동구 학동 661-46,35.13524628,126.9277931,,전용주,062-608-2894,광주광역시 동구청,2025-12-23
학동244,1,,광주광역시 동구 학동 662-14,35.13499456,126.9280098,,전용주,062-608-2894,광주광역시 동구청,2025-12-23
학동245,1,,광주광역시 동구 학동 662-38,35.13603871,126.9280188,,전용주,062-608-2894,광주광역시 동구청,2025-12-23
학동246,1,,광주광역시 동구 학동 662-34,35.13606532,126.9275433,,한전주,062-608-2894,광주광역시 동구청,2025-12-23
학동247,1,,광주광역시 동구 학동 622-7,35.1363945,126.9274111,,한전주,062-608-2894,광주광역시 동구청,2025-12-23
학동248,1,,광주광역시 동구 학동 621-5,35.13658078,126.9270425,,건축물,062-608-2894,광주광역시 동구청,2025-12-23
학동249,1,,광주광역시 동구 학동 622,35.13667679,126.9271178,,건축물,062-608-2894,광주광역시 동구청,2025-12-23
학동250,1,,광주광역시 동구 학동 621-2,35.13634569,126.9273195,,건축물,062-608-2894,광주광역시 동구청,2025-12-23
학동251,1,,광주광역시 동구 학동 623,35.13676345,126.9265339,,한전주,062-608-2894,광주광역시 동구청,2025-12-23
학동252,1,,광주광역시 동구 학동 628-7,35.13606171,126.9264002,,건축물,062-608-2894,광주광역시 동구청,2025-12-23
학동253,1,,광주광역시 동구 학동 595-29,35.13732979,126.9271493,,한전주,062-608-2894,광주광역시 동구청,2025-12-23
학동254,1,,광주광역시 동구 학동 595-42,35.13711929,126.9271811,,한전주,062-608-2894,광주광역시 동구청,2025-12-23
학동255,1,,광주광역시 동구 학동 595-1,35.1372335,126.926651,,한전주,062-608-2894,광주광역시 동구청,2025-12-23
학동256,1,,광주광역시 동구 학동 591-6,35.13730289,126.926409,,한전주,062-608-2894,광주광역시 동구청,2025-12-23
학동257,1,,광주광역시 동구 학동 595,35.1372738,126.9265518,,전용주,062-608-2894,광주광역시 동구청,2025-12-23
학동258,1,,광주광역시 동구 학동 592-6,35.13754654,126.926763,,전용주,062-608-2894,광주광역시 동구청,2025-12-23
학동259,1,,광주광역시 동구 학동 592-5,35.13764572,126.9266129,,전용주,062-608-2894,광주광역시 동구청,2025-12-23
학동260,1,,광주광역시 동구 학동 595-5,35.13758811,126.9263919,,한전주,062-608-2894,광주광역시 동구청,2025-12-23
학동261,1,,광주광역시 동구 학동 619-7,35.13719914,126.9260025,,한전주,062-608-2894,광주광역시 동구청,2025-12-23
학동262,1,,광주광역시 동구 학동 618-3,35.13698845,126.9256821,,전용주,062-608-2894,광주광역시 동구청,2025-12-23
학동263,1,,광주광역시 동구 학동 593-21,35.13797211,126.9261842,,한전주,062-608-2894,광주광역시 동구청,2025-12-23
학동264,1,,광주광역시 동구 학동 593-3,35.1379647,126.9263918,,한전주,062-608-2894,광주광역시 동구청,2025-12-23
학동265,1,,광주광역시 동구 학동 593-9,35.13821411,126.9260941,,한전주,062-608-2894,광주광역시 동구청,2025-12-23
학동266,1,,광주광역시 동구 학동 539-6,35.13838577,126.925819,,한전주,062-608-2894,광주광역시 동구청,2025-12-23
학동267,1,,광주광역시 동구 학동 산206-1,35.13846207,126.9257202,,한전주,062-608-2894,광주광역시 동구청,2025-12-23
학동268,1,,광주광역시 동구 학동 34-22,35.13770216,126.9258347,,전용주,062-608-2894,광주광역시 동구청,2025-12-23
학동269,1,,광주광역시 동구 학동 31-40,35.13731766,126.9253922,,한전주,062-608-2894,광주광역시 동구청,2025-12-23
학동270,1,,광주광역시 동구 학동 37-12,35.13732529,126.9252243,,전용주,062-608-2894,광주광역시 동구청,2025-12-23
학동271,1,,광주광역시 동구 학동 38-3,35.13748667,126.9250153,,한전주,062-608-2894,광주광역시 동구청,2025-12-23
학동272,1,,광주광역시 동구 학동 38-9,35.13784409,126.9249651,,한전주,062-608-2894,광주광역시 동구청,2025-12-23
학동273,1,,광주광역시 동구 학동 31-27,35.13765335,126.925544,,한전주,062-608-2894,광주광역시 동구청,2025-12-23
학동274,1,,광주광역시 동구 학동 40-6,35.13795853,126.9249941,,한전주,062-608-2894,광주광역시 동구청,2025-12-23
학동275,1,,광주광역시 동구 학동 40-4,35.137967,126.9247284,,전용주,062-608-2894,광주광역시 동구청,2025-12-23
학동276,1,,광주광역시 동구 학동 31-12,35.13807449,126.9253684,,한전주,062-608-2894,광주광역시 동구청,2025-12-23
학동277,1,,광주광역시 동구 학동 539-6,35.13836519,126.925819,,건축물,062-608-2894,광주광역시 동구청,2025-12-23
학동278,1,,광주광역시 동구 학동 30-8,35.13858601,126.9255905,,전용주,062-608-2894,광주광역시 동구청,2025-12-23
학동279,1,,광주광역시 동구 학동 40-11,35.13829041,126.9248734,,한전주,062-608-2894,광주광역시 동구청,2025-12-23
학동280,1,,광주광역시 동구 학동 30-35,35.13845062,126.9250641,,한전주,062-608-2894,광주광역시 동구청,2025-12-23
학동281,1,,광주광역시 동구 학동 29-10,35.13829485,126.924469,,한전주,062-608-2894,광주광역시 동구청,2025-12-23
학동282,1,,광주광역시 동구 학동 24-28,35.13897705,126.9248826,,한전주,062-608-2894,광주광역시 동구청,2025-12-23
학동283,1,,광주광역시 동구 학동 28-8,35.13890839,126.9241886,,전용주,062-608-2894,광주광역시 동구청,2025-12-23
학동284,1,,광주광역시 동구 학동 44-18,35.13872671,126.9240459,,한전주,062-608-2894,광주광역시 동구청,2025-12-23
학동285,1,,광주광역시 동구 학동 28-20,35.13882828,126.9243622,,전용주,062-608-2894,광주광역시 동구청,2025-12-23
학동286,1,,광주광역시 동구 학동 27-4,35.13899994,126.9237747,,한전주,062-608-2894,광주광역시 동구청,2025-12-23
학동287,1,,광주광역시 동구 학동 524-25,35.1411736,126.9245071,,한전주,062-608-2894,광주광역시 동구청,2025-12-23
학동288,1,,광주광역시 동구 학동 515-11,35.14118411,126.9248045,,한전주,062-608-2894,광주광역시 동구청,2025-12-23
학동289,1,,광주광역시 동구 학동 512,35.14600564,126.9343635,,한전주,062-608-2894,광주광역시 동구청,2025-12-23
학동290,1,,광주광역시 동구 학동 512,35.14600564,126.9343635,,한전주,062-608-2894,광주광역시 동구청,2025-12-23
학동291,1,,광주광역시 동구 학동 535-2,35.1403736,126.9251696,,건축물,062-608-2894,광주광역시 동구청,2025-12-23
학동292,1,,광주광역시 동구 학동 623,35.13676345,126.9265339,,한전주,062-608-2894,광주광역시 동구청,2025-12-23
학동293,1,,광주광역시 동구 학동 659,35.1360847,126.9271658,,한전주,062-608-2894,광주광역시 동구청,2025-12-23
학동294,1,,광주광역시 동구 학동 623,35.13676345,126.9265339,,한전주,062-608-2894,광주광역시 동구청,2025-12-23
학동295,1,,광주광역시 동구 학동 676-82,35.13392148,126.9318213,,전용주,062-608-2894,광주광역시 동구청,2025-12-23
학동296,1,,광주광역시 동구 학동 723-35,35.1326182,126.9344365,,전용주,062-608-2894,광주광역시 동구청,2025-12-23
학동297,1,,광주광역시 동구 학동 262-19,35.13362883,126.9372523,,전용주,062-608-2894,광주광역시 동구청,2025-12-23
학동298,0,,광주광역시 동구 학동 662-35,35.13628175,126.9273836,,한전주,062-608-2894,광주광역시 동구청,2025-12-23
학동299,1,,광주광역시 동구 학동 24-34,35.13898045,126.9246279,,전용주,062-608-2894,광주광역시 동구청,2025-12-23
학동301,1,,광주광역시 동구 학동 714-6,35.13377341,126.9330391,,한전주,062-608-2894,광주광역시 동구청,2025-12-23
학동302,1,,광주광역시 동구 학동 683-1,35.13590687,126.9320803,,한전주,062-608-2894,광주광역시 동구청,2025-12-23
학동303,1,,광주광역시 동구 학동 680,35.13505815,126.9308097,,한전주,062-608-2894,광주광역시 동구청,2025-12-23
학동304,1,,광주광역시 동구 학동 689-4,35.13450968,126.9319306,,전용주,062-608-2894,광주광역시 동구청,2025-12-23
학동305,1,,광주광역시 동구 학동 677-2,35.13418776,126.931651,,전용주,062-608-2894,광주광역시 동구청,2025-12-23
학동306,1,,광주광역시 동구 학동 674-10,35.13342784,126.9315721,,전용주,062-608-2894,광주광역시 동구청,2025-12-23
학동307,1,,광주광역시 동구 학동 676-17,35.1335748,126.9321782,,한전주,062-608-2894,광주광역시 동구청,2025-12-23
학동308,1,,광주광역시 동구 학동 719-33,35.13296195,126.9323084,,한전주,062-608-2894,광주광역시 동구청,2025-12-23
학동309,1,,광주광역시 동구 학동 1004-55,35.13288536,126.9338253,,한전주,062-608-2894,광주광역시 동구청,2025-12-23
학동310,1,,광주광역시 동구 학동 1005-3,35.13397545,126.9301442,,전용주,062-608-2894,광주광역시 동구청,2025-12-23
학동311,1,,광주광역시 동구 학동 737-1,35.13351307,126.9299195,,한전주,062-608-2894,광주광역시 동구청,2025-12-23
학동312,1,,광주광역시 동구 학동 873-23,35.13322672,126.9293063,,한전주,062-608-2894,광주광역시 동구청,2025-12-23
호남동001,1,,광주광역시 동구 호남동 73,35.14732361,126.9141736,,한전주,062-608-2894,광주광역시 동구청,2025-12-23
호남동002,1,,광주광역시 동구 호남동 78-1,35.14711761,126.9143829,,전용주,062-608-2894,광주광역시 동구청,2025-12-23
호남동003,1,,광주광역시 동구 호남동 67,35.1466411,126.9132828,,전용주,062-608-2894,광주광역시 동구청,2025-12-23
호남동004,1,,광주광역시 동구 호남동 75,35.14694595,126.914014,,전용주,062-608-2894,광주광역시 동구청,2025-12-23
호남동005,1,,광주광역시 동구 호남동 75,35.14698126,126.914014,,전용주,062-608-2894,광주광역시 동구청,2025-12-23
호남동006,1,,광주광역시 동구 호남동 61-4,35.14657835,126.913096,,전용주,062-608-2894,광주광역시 동구청,2025-12-23
호남동007,1,,광주광역시 동구 호남동 41-12,35.1468277,126.9131775,,전용주,062-608-2894,광주광역시 동구청,2025-12-23
호남동008,1,,광주광역시 동구 호남동 40-6,35.14702988,126.9132385,,한전주,062-608-2894,광주광역시 동구청,2025-12-23
호남동009,1,,광주광역시 동구 호남동 39-18,35.14728077,126.9133301,,전용주,062-608-2894,광주광역시 동구청,2025-12-23
호남동010,1,,광주광역시 동구 호남동 68,35.14693469,126.9135818,,한전주,062-608-2894,광주광역시 동구청,2025-12-23
호남동011,1,,광주광역시 동구 호남동 39-9,35.14745712,126.913454,,한전주,062-608-2894,광주광역시 동구청,2025-12-23
호남동012,1,,광주광역시 동구 호남동 39-12,35.14731979,126.9130869,,전용주,062-608-2894,광주광역시 동구청,2025-12-23
호남동013,1,,광주광역시 동구 호남동 39-1,35.14751053,126.9129211,,전용주,062-608-2894,광주광역시 동구청,2025-12-23
호남동014,1,,광주광역시 동구 호남동 52-37,35.14694214,126.9126599,,전용주,062-608-2894,광주광역시 동구청,2025-12-23
호남동015,1,,광주광역시 동구 호남동 43-14,35.14728165,126.9123517,,전용주,062-608-2894,광주광역시 동구청,2025-12-23
호남동016,1,,광주광역시 동구 호남동 30-6,35.14761424,126.9120789,,전용주,062-608-2894,광주광역시 동구청,2025-12-23
호남동017,1,,광주광역시 동구 호남동 16,35.14809565,126.9114378,,전용주,062-608-2894,광주광역시 동구청,2025-12-23
호남동018,1,,광주광역시 동구 호남동 23-1,35.14817684,126.9117845,,전용주,062-608-2894,광주광역시 동구청,2025-12-23
호남동019,1,,광주광역시 동구 호남동 32-9,35.14835739,126.9121751,,전용주,062-608-2894,광주광역시 동구청,2025-12-23
호남동020,1,,광주광역시 동구 호남동 32-21,35.14810181,126.9123233,,전용주,062-608-2894,광주광역시 동구청,2025-12-23
호남동021,1,,광주광역시 동구 호남동 32-27,35.14792252,126.9124603,,건축물,062-608-2894,광주광역시 동구청,2025-12-23
호남동022,1,,광주광역시 동구 호남동 80,35.14767338,126.911551,,전용주,062-608-2894,광주광역시 동구청,2025-12-23
호남동023,1,,광주광역시 동구 호남동 37-12,35.14854431,126.9122059,,건축물,062-608-2894,광주광역시 동구청,2025-12-23
호남동024,1,,광주광역시 동구 호남동 37-1,35.14871979,126.9125034,,전용주,062-608-2894,광주광역시 동구청,2025-12-23
호남동025,1,,광주광역시 동구 호남동 80,35.14767338,126.911551,,전용주,062-608-2894,광주광역시 동구청,2025-12-23
호남동026,1,,광주광역시 동구 호남동 38-1,35.14839935,126.9130824,,전용주,062-608-2894,광주광역시 동구청,2025-12-23
호남동027,1,,광주광역시 동구 호남동 35-19,35.14840754,126.9127097,,한전주,062-608-2894,광주광역시 동구청,2025-12-23
호남동028,1,,광주광역시 동구 호남동 3-7,35.14889154,126.9122924,,전용주,062-608-2894,광주광역시 동구청,2025-12-23
호남동029,1,,광주광역시 동구 호남동 5-10,35.14860916,126.9117661,,전용주,062-608-2894,광주광역시 동구청,2025-12-23
호남동030,1,,광주광역시 동구 호남동 9-3,35.14862147,126.9116592,,건축물,062-608-2894,광주광역시 동구청,2025-12-23
호남동031,1,,광주광역시 동구 호남동 13-2,35.14857101,126.9111252,,전용주,062-608-2894,광주광역시 동구청,2025-12-23
호남동032,1,,광주광역시 동구 호남동 7,35.14877319,126.911490,,전용주,062-608-2894,광주광역시 동구청,2025-12-23
호남동033,1,,광주광역시 동구 호남동 5-1,35.14899826,126.9117435,,전용주,062-608-2894,광주광역시 동구청,2025-12-23
호남동034,1,,광주광역시 동구 호남동 1-3,35.14915848,126.9117384,,전용주,062-608-2894,광주광역시 동구청,2025-12-23
황금동001,1,,광주광역시 동구 황금동 2,35.14873505,126.9140854,,전용주,062-608-2894,광주광역시 동구청,2025-12-23
황금동002,1,,광주광역시 동구 황금동 12-7,35.14824295,126.9144592,,전용주,062-608-2894,광주광역시 동구청,2025-12-23
황금동003,1,,광주광역시 동구 황금동 12-2,35.14805496,126.9145224,,전용주,062-608-2894,광주광역시 동구청,2025-12-23
황금동004,1,,광주광역시 동구 황금동 12-2,35.14803696,126.9145224,,전용주,062-608-2894,광주광역시 동구청,2025-12-23
황금동005,1,,광주광역시 동구 황금동 12-2,35.14805496,126.9145224,,전용주,062-608-2894,광주광역시 동구청,2025-12-23
황금동006,1,,광주광역시 동구 황금동 11-4,35.14769304,126.9146218,,전용주,062-608-2894,광주광역시 동구청,2025-12-23
황금동007,1,,광주광역시 동구 황금동 11-8,35.14778519,126.914444,,전용주,062-608-2894,광주광역시 동구청,2025-12-23
황금동008,1,,광주광역시 동구 황금동 23-8,35.14770074,126.9155743,,전용주,062-608-2894,광주광역시 동구청,2025-12-23
황금동009,1,,광주광역시 동구 황금동 32,35.14742661,126.9154474,,전용주,062-608-2894,광주광역시 동구청,2025-12-23
황금동010,1,,광주광역시 동구 황금동 32,35.14742618,126.9154474,,전용주,062-608-2894,광주광역시 동구청,2025-12-23
황금동011,1,,광주광역시 동구 황금동 33,35.14729691,126.915453,,전용주,062-608-2894,광주광역시 동구청,2025-12-23
황금동012,1,,광주광역시 동구 황금동 21-10,35.1471413,126.9152355,,전용주,062-608-2894,광주광역시 동구청,2025-12-23
황금동013,1,,광주광역시 동구 황금동 21,35.14706109,126.9153442,,전용주,062-608-2894,광주광역시 동구청,2025-12-23
황금동014,1,,광주광역시 동구 황금동 21,35.14706109,126.9153824,,전용주,062-608-2894,광주광역시 동구청,2025-12-23
황금동015,1,,광주광역시 동구 황금동 34,35.14714957,126.9155957,,전용주,062-608-2894,광주광역시 동구청,2025-12-23
황금동016,1,,광주광역시 동구 황금동 28,35.14733952,126.9158248,,전용주,062-608-2894,광주광역시 동구청,2025-12-23
황금동017,1,,광주광역시 동구 황금동 25-3,35.14770508,126.9158936,,전용주,062-608-2894,광주광역시 동구청,2025-12-23
황금동018,1,,광주광역시 동구 황금동 25-3,35.14772479,126.9158173,,전용주,062-608-2894,광주광역시 동구청,2025-12-23
황금동019,1,,광주광역시 동구 황금동 41-3,35.14764205,126.9159012,,전용주,062-608-2894,광주광역시 동구청,2025-12-23
황금동020,1,,광주광역시 동구 황금동 56-1,35.14750054,126.9160853,,전용주,062-608-2894,광주광역시 동구청,2025-12-23
황금동021,1,,광주광역시 동구 황금동 27,35.14746781,126.9158936,,전용주,062-608-2894,광주광역시 동구청,2025-12-23
황금동022,1,,광주광역시 동구 황금동 37-2,35.14729309,126.9159037,,전용주,062-608-2894,광주광역시 동구청,2025-12-23
황금동023,1,,광주광역시 동구 황금동 37-1,35.14722824,126.9158936,,전용주,062-608-2894,광주광역시 동구청,2025-12-23
황금동024,1,,광주광역시 동구 황금동 56-1,35.14750054,126.9160853,,전용주,062-608-2894,광주광역시 동구청,2025-12-23
황금동025,1,,광주광역시 동구 황금동 56-1,35.14750054,126.9160853,,전용주,062-608-2894,광주광역시 동구청,2025-12-23
황금동026,1,,광주광역시 동구 황금동 56-1,35.14750054,126.9160853,,전용주,062-608-2894,광주광역시 동구청,2025-12-23
황금동027,1,,광주광역시 동구 황금동 33,35.147244,126.915453,,전용주,062-608-2894,광주광역시 동구청,2025-12-23
황금동028,1,,광주광역시 동구 황금동 76,35.14673996,126.9172745,,전용주,062-608-2894,광주광역시 동구청,2025-12-23
황금동029,1,,광주광역시 동구 황금동 86-4,35.14611435,126.9165702,,전용주,062-608-2894,광주광역시 동구청,2025-12-23
황금동030,1,,광주광역시 동구 황금동 80,35.14638623,126.9168066,,전용주,062-608-2894,광주광역시 동구청,2025-12-23
황금동031,1,,광주광역시 동구 황금동 80,35.14638623,126.9168066,,전용주,062-608-2894,광주광역시 동구청,2025-12-23
황금동032,1,,광주광역시 동구 황금동 85,35.1462059,126.9163956,,전용주,062-608-2894,광주광역시 동구청,2025-12-23
황금동033,1,,광주광역시 동구 황금동 83,35.1463089,126.9165403,,전용주,062-608-2894,광주광역시 동구청,2025-12-23
황금동034,1,,광주광역시 동구 황금동 84,35.14631271,126.9162674,,전용주,062-608-2894,광주광역시 동구청,2025-12-23
황금동035,1,,광주광역시 동구 황금동 51,35.14693392,126.916319,,전용주,062-608-2894,광주광역시 동구청,2025-12-23
황금동036,1,,광주광역시 동구 황금동 51,35.14693392,126.9163055,,전용주,062-608-2894,광주광역시 동구청,2025-12-23
황금동037,1,,광주광역시 동구 황금동 48-5,35.14702988,126.9162277,,전용주,062-608-2894,광주광역시 동구청,2025-12-23
황금동038,1,,광주광역시 동구 황금동 55-1,35.14698472,126.916060,,전용주,062-608-2894,광주광역시 동구청,2025-12-23
황금동039,1,,광주광역시 동구 황금동 37,35.1471138,126.915983,,전용주,062-608-2894,광주광역시 동구청,2025-12-23
황금동040,1,,광주광역시 동구 황금동 86-3,35.14605331,126.9164505,,전용주,062-608-2894,광주광역시 동구청,2025-12-23
황금동041,1,,광주광역시 동구 황금동 88,35.1459198,126.9163437,,건축물,062-608-2894,광주광역시 동구청,2025-12-23
황금동042,1,,광주광역시 동구 황금동 88,35.14599609,126.9163721,,전용주,062-608-2894,광주광역시 동구청,2025-12-23
황금동043,1,,광주광역시 동구 황금동 90-4,35.14618683,126.9161301,,전용주,062-608-2894,광주광역시 동구청,2025-12-23
황금동044,1,,광주광역시 동구 황금동 5-17,35.14800262,126.9139062,,전용주,062-608-2894,광주광역시 동구청,2025-12-23
황금동045,1,,광주광역시 동구 황금동 60,35.14665222,126.9158554,,전용주,062-608-2894,광주광역시 동구청,2025-12-23
황금동046,1,,광주광역시 동구 황금동 55-6,35.14678192,126.9159698,,전용주,062-608-2894,광주광역시 동구청,2025-12-23
황금동047,1,,광주광역시 동구 황금동 55-3,35.14684296,126.9158687,,건축물,062-608-2894,광주광역시 동구청,2025-12-23
황금동048,1,,광주광역시 동구 황금동 55-3,35.14681535,126.9158687,,전용주,062-608-2894,광주광역시 동구청,2025-12-23
황금동049,1,,광주광역시 동구 황금동 102-3,35.14715958,126.9148807,,전용주,062-608-2894,광주광역시 동구청,2025-12-23
황금동050,1,,광주광역시 동구 황금동 19-1,35.14754191,126.9147929,,전용주,062-608-2894,광주광역시 동구청,2025-12-23
황금동051,1,,광주광역시 동구 황금동 113-2,35.14767456,126.9140402,,전용주,062-608-2894,광주광역시 동구청,2025-12-23
황금동052,1,,광주광역시 동구 황금동 7-2,35.14780037,126.9142963,,건축물,062-608-2894,광주광역시 동구청,2025-12-23
소태동141,1,,광주광역시 동구 소태동 551-6,35.12842941,126.9338386,,한전주,062-608-2894,광주광역시 동구청,2025-12-23
소태동142,1,,광주광역시 동구 소태동 552-3,35.12815475,126.9339218,,한전주,062-608-2894,광주광역시 동구청,2025-12-23
소태동143,1,,광주광역시 동구 소태동 550-18,35.12832255,126.9337845,,한전주,062-608-2894,광주광역시 동구청,2025-12-23
소태동144,1,,광주광역시 동구 소태동 550-2,35.12811174,126.9336548,,한전주,062-608-2894,광주광역시 동구청,2025-12-23
소태동145,1,,광주광역시 동구 소태동 547-10,35.12869644,126.9333725,,한전주,062-608-2894,광주광역시 동구청,2025-12-23
소태동146,1,,광주광역시 동구 소태동 855-10,35.12857624,126.9337134,,한전주,062-608-2894,광주광역시 동구청,2025-12-23
소태동147,1,,광주광역시 동구 소태동 536-17,35.1290741,126.9332659,,한전주,062-608-2894,광주광역시 동구청,2025-12-23
소태동148,1,,광주광역시 동구 소태동 532-163,35.1287384,126.9328517,,한전주,062-608-2894,광주광역시 동구청,2025-12-23
소태동149,1,,광주광역시 동구 소태동 532-135,35.12855911,126.9323829,,한전주,062-608-2894,광주광역시 동구청,2025-12-23
소태동150,1,,광주광역시 동구 소태동 532-139,35.12823105,126.9325297,,한전주,062-608-2894,광주광역시 동구청,2025-12-23
소태동151,1,,광주광역시 동구 소태동 532-168,35.1284139,126.9329224,,전용주,062-608-2894,광주광역시 동구청,2025-12-23
소태동152,1,,광주광역시 동구 소태동 532-150,35.12837982,126.9321375,,한전주,062-608-2894,광주광역시 동구청,2025-12-23
소태동153,1,,광주광역시 동구 소태동 532-145,35.12845612,126.9322128,,한전주,062-608-2894,광주광역시 동구청,2025-12-23
소태동154,1,,광주광역시 동구 소태동 532-153,35.12804794,126.9322707,,한전주,062-608-2894,광주광역시 동구청,2025-12-23
소태동155,1,,광주광역시 동구 소태동 532-141,35.12809044,126.9324164,,건축물,062-608-2894,광주광역시 동구청,2025-12-23
소태동156,1,,광주광역시 동구 소태동 532-155,35.12824249,126.9317027,,한전주,062-608-2894,광주광역시 동구청,2025-12-23
소태동157,1,,광주광역시 동구 소태동 532-154,35.12831879,126.9316254,,건축물,062-608-2894,광주광역시 동구청,2025-12-23
소태동158,1,,광주광역시 동구 소태동 532-78,35.127937,126.9314029,,한전주,062-608-2894,광주광역시 동구청,2025-12-23
소태동159,1,,광주광역시 동구 소태동 532-174,35.1280535,126.9311981,,한전주,062-608-2894,광주광역시 동구청,2025-12-23
소태동160,1,,광주광역시 동구 소태동 532-30,35.12739354,126.9313583,,전용주,062-608-2894,광주광역시 동구청,2025-12-23
소태동161,1,,광주광역시 동구 소태동 536-2,35.12811279,126.930954,,건축물,062-608-2894,광주광역시 동구청,2025-12-23
소태동162,1,,광주광역시 동구 소태동 532-108,35.12796402,126.9316628,,한전주,062-608-2894,광주광역시 동구청,2025-12-23
소태동163,1,,광주광역시 동구 소태동 532-83,35.12782788,126.9314745,,한전주,062-608-2894,광주광역시 동구청,2025-12-23
소태동164,1,,광주광역시 동구 소태동 532-84,35.12770658,126.9315872,,한전주,062-608-2894,광주광역시 동구청,2025-12-23
소태동165,1,,광주광역시 동구 소태동 532-94,35.12780762,126.9320297,,한전주,062-608-2894,광주광역시 동구청,2025-12-23
소태동166,1,,광주광역시 동구 소태동 532-88,35.1277504,126.9323044,,한전주,062-608-2894,광주광역시 동구청,2025-12-23
소태동167,1,,광주광역시 동구 소태동 532-88,35.12772554,126.9323502,,한전주,062-608-2894,광주광역시 동구청,2025-12-23
소태동168,1,,광주광역시 동구 소태동 532-80,35.12782174,126.9327011,,한전주,062-608-2894,광주광역시 동구청,2025-12-23
소태동169,1,,광주광역시 동구 소태동 936,35.12835602,126.9275002,,한전주,062-608-2894,광주광역시 동구청,2025-12-23
소태동170,1,,광주광역시 동구 소태동 915,35.12842286,126.9275761,,건축물,062-608-2894,광주광역시 동구청,2025-12-23
소태동171,1,,광주광역시 동구 소태동 938,35.12828064,126.9275877,,한전주,062-608-2894,광주광역시 동구청,2025-12-23
소태동172,1,,광주광역시 동구 소태동 924,35.12805939,126.9280665,,한전주,062-608-2894,광주광역시 동구청,2025-12-23
소태동173,1,,광주광역시 동구 소태동 973,35.12793222,126.9283761,,한전주,062-608-2894,광주광역시 동구청,2025-12-23
소태동174,1,,광주광역시 동구 소태동 930,35.12819672,126.9282913,,한전주,062-608-2894,광주광역시 동구청,2025-12-23
소태동175,1,,광주광역시 동구 소태동 881,35.12891388,126.9275436,,전용주,062-608-2894,광주광역시 동구청,2025-12-23
소태동176,1,,광주광역시 동구 소태동 952,35.12795639,126.9276827,,한전주,062-608-2894,광주광역시 동구청,2025-12-23
소태동177,1,,광주광역시 동구 소태동 950,35.12808137,126.9274953,,전용주,062-608-2894,광주광역시 동구청,2025-12-23
소태동178,1,,광주광역시 동구 소태동 1017,35.12740442,126.9286194,,한전주,062-608-2894,광주광역시 동구청,2025-12-23
지산동408,1,,광주광역시 동구 지산동 503,35.14548874,126.9303095,,한전주,062-608-2894,광주광역시 동구청,2025-12-23
지산동409,1,,광주광역시 동구 지산동 476-8,35.14550781,126.9300842,,한전주,062-608-2894,광주광역시 동구청,2025-12-23
지산동410,1,,광주광역시 동구 지산동 505-1,35.14538956,126.9298401,,한전주,062-608-2894,광주광역시 동구청,2025-12-23
지산동411,1,,광주광역시 동구 지산동 504-8,35.14521882,126.9301257,,한전주,062-608-2894,광주광역시 동구청,2025-12-23
지산동412,1,,광주광역시 동구 지산동 476,35.14582129,126.9307558,,전용주,062-608-2894,광주광역시 동구청,2025-12-23
지산동413,1,,광주광역시 동구 지산동 476,35.14582129,126.9307558,,한전주,062-608-2894,광주광역시 동구청,2025-12-23
지산동414,1,,광주광역시 동구 지산동 470-1,35.14582062,126.9301016,,한전주,062-608-2894,광주광역시 동구청,2025-12-23
지산동415,1,,광주광역시 동구 지산동 470-1,35.14587021,126.9301071,,한전주,062-608-2894,광주광역시 동구청,2025-12-23
